2026-08-22 16:32:23 [INFO] AdultBlockerService started.
2026-08-22 16:32:23 [INFO] Enforcement loop started (interval: 30 s).
2026-08-22 16:32:23 [DEBUG] --- Running enforcement checks ---
2026-08-22 16:32:23 [WARNING] Hosts block section is MISSING. Re-injecting...
2026-08-22 16:32:23 [INFO] Hosts file: block entries injected (86 domains).
2026-08-22 16:32:23 [DEBUG] Hosts file is read-only. OK.
2026-08-22 16:32:24 [DEBUG] Browser process detected: msedge.exe -- hosts-level blocking is active.
2026-08-22 16:32:54 [DEBUG] --- Running enforcement checks ---
2026-08-22 16:32:54 [DEBUG] Hosts file block section is present. OK.
2026-08-22 16:32:54 [DEBUG] Hosts file is read-only. OK.
2026-08-22 16:32:54 [DEBUG] Browser process detected: chrome.exe -- hosts-level blocking is active.
2026-08-22 16:32:54 [DEBUG] Browser process detected: msedge.exe -- hosts-level blocking is active.
2026-08-22 16:33:24 [DEBUG] --- Running enforcement checks ---
2026-08-22 16:33:24 [DEBUG] Hosts file block section is present. OK.
2026-08-22 16:33:24 [DEBUG] Hosts file is read-only. OK.
2026-08-22 16:33:25 [DEBUG] Browser process detected: chrome.exe -- hosts-level blocking is active.
2026-08-22 16:33:25 [DEBUG] Browser process detected: msedge.exe -- hosts-level blocking is active.
2026-08-22 16:33:55 [DEBUG] --- Running enforcement checks ---
2026-08-22 16:33:55 [DEBUG] Hosts file block section is present. OK.
2026-08-22 16:33:55 [DEBUG] Hosts file is read-only. OK.
2026-08-22 16:33:55 [DEBUG] Browser process detected: chrome.exe -- hosts-level blocking is active.
2026-08-22 16:33:55 [DEBUG] Browser process detected: msedge.exe -- hosts-level blocking is active.
2026-08-22 16:34:25 [DEBUG] --- Running enforcement checks ---
2026-08-22 16:34:25 [DEBUG] Hosts file block section is present. OK.
2026-08-22 16:34:25 [DEBUG] Hosts file is read-only. OK.
2026-08-22 16:34:26 [DEBUG] Browser process detected: chrome.exe -- hosts-level blocking is active.
2026-08-22 16:34:26 [DEBUG] Browser process detected: msedge.exe -- hosts-level blocking is active.
2026-08-22 16:34:56 [DEBUG] --- Running enforcement checks ---
2026-08-22 16:34:56 [DEBUG] Hosts file block section is present. OK.
2026-08-22 16:34:56 [DEBUG] Hosts file is read-only. OK.
2026-08-22 16:34:56 [DEBUG] Browser process detected: msedge.exe -- hosts-level blocking is active.
2026-08-22 16:35:26 [DEBUG] --- Running enforcement checks ---
2026-08-22 16:35:26 [DEBUG] Hosts file block section is present. OK.
2026-08-22 16:35:26 [DEBUG] Hosts file is read-only. OK.
2026-08-22 16:35:27 [DEBUG] Browser process detected: msedge.exe -- hosts-level blocking is active.
2026-08-22 16:35:57 [DEBUG] --- Running enforcement checks ---
2026-08-22 16:35:57 [DEBUG] Hosts file block section is present. OK.
2026-08-22 16:35:57 [DEBUG] Hosts file is read-only. OK.
2026-08-22 16:35:58 [DEBUG] Browser process detected: msedge.exe -- hosts-level blocking is active.
2026-08-22 16:36:28 [DEBUG] --- Running enforcement checks ---
2026-08-22 16:36:28 [DEBUG] Hosts file block section is present. OK.
2026-08-22 16:36:28 [DEBUG] Hosts file is read-only. OK.
2026-08-22 16:36:28 [DEBUG] Browser process detected: msedge.exe -- hosts-level blocking is active.
2026-08-22 16:36:58 [DEBUG] --- Running enforcement checks ---
2026-08-22 16:36:58 [DEBUG] Hosts file block section is present. OK.
2026-08-22 16:36:58 [DEBUG] Hosts file is read-only. OK.
2026-08-22 16:36:59 [DEBUG] Browser process detected: msedge.exe -- hosts-level blocking is active.
2026-08-22 16:37:29 [DEBUG] --- Running enforcement checks ---
2026-08-22 16:37:29 [DEBUG] Hosts file block section is present. OK.
2026-08-22 16:37:29 [DEBUG] Hosts file is read-only. OK.
2026-08-22 16:37:30 [DEBUG] Browser process detected: msedge.exe -- hosts-level blocking is active.
2026-08-22 16:38:00 [DEBUG] --- Running enforcement checks ---
2026-08-22 16:38:00 [DEBUG] Hosts file block section is present. OK.
2026-08-22 16:38:00 [DEBUG] Hosts file is read-only. OK.
2026-08-22 16:38:00 [DEBUG] Browser process detected: msedge.exe -- hosts-level blocking is active.
2026-08-22 16:38:30 [DEBUG] --- Running enforcement checks ---
2026-08-22 16:38:30 [DEBUG] Hosts file block section is present. OK.
2026-08-22 16:38:30 [DEBUG] Hosts file is read-only. OK.
2026-08-22 16:38:31 [DEBUG] Browser process detected: msedge.exe -- hosts-level blocking is active.
2026-08-22 18:02:23 [DEBUG] --- Running enforcement checks ---
2026-08-22 18:02:23 [DEBUG] Hosts file block section is present. OK.
2026-08-22 18:02:23 [DEBUG] Hosts file is read-only. OK.
2026-08-22 18:02:23 [DEBUG] Browser process detected: msedge.exe -- hosts-level blocking is active.
2026-08-22 18:02:53 [DEBUG] --- Running enforcement checks ---
2026-08-22 18:02:53 [DEBUG] Hosts file block section is present. OK.
2026-08-22 18:02:53 [DEBUG] Hosts file is read-only. OK.
2026-08-22 18:02:54 [DEBUG] Browser process detected: msedge.exe -- hosts-level blocking is active.
2026-08-22 18:07:27 [DEBUG] --- Running enforcement checks ---
2026-08-22 18:07:27 [DEBUG] Hosts file block section is present. OK.
2026-08-22 18:07:27 [DEBUG] Hosts file is read-only. OK.
2026-08-22 18:07:27 [DEBUG] Browser process detected: msedge.exe -- hosts-level blocking is active.
2026-08-22 18:07:57 [DEBUG] --- Running enforcement checks ---
2026-08-22 18:07:57 [DEBUG] Hosts file block section is present. OK.
2026-08-22 18:07:57 [DEBUG] Hosts file is read-only. OK.
2026-08-22 18:07:58 [DEBUG] Browser process detected: msedge.exe -- hosts-level blocking is active.
2026-08-22 18:08:28 [DEBUG] --- Running enforcement checks ---
2026-08-22 18:08:28 [DEBUG] Hosts file block section is present. OK.
2026-08-22 18:08:28 [DEBUG] Hosts file is read-only. OK.
2026-08-22 18:08:28 [DEBUG] Browser process detected: msedge.exe -- hosts-level blocking is active.
2026-08-22 18:20:56 [DEBUG] --- Running enforcement checks ---
2026-08-22 18:20:56 [DEBUG] Hosts file block section is present. OK.
2026-08-22 18:20:56 [DEBUG] Hosts file is read-only. OK.
2026-08-22 18:20:57 [DEBUG] Browser process detected: msedge.exe -- hosts-level blocking is active.
2026-08-22 18:52:11 [DEBUG] --- Running enforcement checks ---
2026-08-22 18:52:11 [DEBUG] Hosts file block section is present. OK.
2026-08-22 18:52:11 [DEBUG] Hosts file is read-only. OK.
2026-08-22 18:52:12 [DEBUG] Browser process detected: msedge.exe -- hosts-level blocking is active.
2026-08-22 18:52:42 [DEBUG] --- Running enforcement checks ---
2026-08-22 18:52:42 [DEBUG] Hosts file block section is present. OK.
2026-08-22 18:52:42 [DEBUG] Hosts file is read-only. OK.
2026-08-22 18:52:43 [DEBUG] Browser process detected: msedge.exe -- hosts-level blocking is active.
2026-08-22 18:53:13 [DEBUG] --- Running enforcement checks ---
2026-08-22 18:53:13 [DEBUG] Hosts file block section is present. OK.
2026-08-22 18:53:13 [DEBUG] Hosts file is read-only. OK.
2026-08-22 18:53:13 [DEBUG] Browser process detected: msedge.exe -- hosts-level blocking is active.
2026-08-22 18:53:43 [DEBUG] --- Running enforcement checks ---
2026-08-22 18:53:43 [DEBUG] Hosts file block section is present. OK.
2026-08-22 18:53:43 [DEBUG] Hosts file is read-only. OK.
2026-08-22 18:53:44 [DEBUG] Browser process detected: msedge.exe -- hosts-level blocking is active.
2026-08-22 18:54:14 [DEBUG] --- Running enforcement checks ---
2026-08-22 18:54:14 [DEBUG] Hosts file block section is present. OK.
2026-08-22 18:54:14 [DEBUG] Hosts file is read-only. OK.
2026-08-22 18:54:14 [DEBUG] Browser process detected: msedge.exe -- hosts-level blocking is active.
2026-08-22 18:54:44 [DEBUG] --- Running enforcement checks ---
2026-08-22 18:54:44 [DEBUG] Hosts file block section is present. OK.
2026-08-22 18:54:44 [DEBUG] Hosts file is read-only. OK.
2026-08-22 18:54:45 [DEBUG] Browser process detected: msedge.exe -- hosts-level blocking is active.
2026-08-22 18:55:15 [DEBUG] --- Running enforcement checks ---
2026-08-22 18:55:15 [DEBUG] Hosts file block section is present. OK.
2026-08-22 18:55:15 [DEBUG] Hosts file is read-only. OK.
2026-08-22 18:55:15 [DEBUG] Browser process detected: msedge.exe -- hosts-level blocking is active.
2026-08-22 18:55:45 [DEBUG] --- Running enforcement checks ---
2026-08-22 18:55:45 [DEBUG] Hosts file block section is present. OK.
2026-08-22 18:55:45 [DEBUG] Hosts file is read-only. OK.
2026-08-22 18:55:46 [DEBUG] Browser process detected: msedge.exe -- hosts-level blocking is active.
2026-08-22 18:56:16 [DEBUG] --- Running enforcement checks ---
2026-08-22 18:56:16 [DEBUG] Hosts file block section is present. OK.
2026-08-22 18:56:16 [DEBUG] Hosts file is read-only. OK.
2026-08-22 18:56:17 [DEBUG] Browser process detected: msedge.exe -- hosts-level blocking is active.
2026-08-22 18:56:47 [DEBUG] --- Running enforcement checks ---
2026-08-22 18:56:47 [DEBUG] Hosts file block section is present. OK.
2026-08-22 18:56:47 [DEBUG] Hosts file is read-only. OK.
2026-08-22 18:56:47 [DEBUG] Browser process detected: msedge.exe -- hosts-level blocking is active.
2026-08-22 18:57:17 [DEBUG] --- Running enforcement checks ---
2026-08-22 18:57:17 [DEBUG] Hosts file block section is present. OK.
2026-08-22 18:57:17 [DEBUG] Hosts file is read-only. OK.
2026-08-22 18:57:17 [DEBUG] Browser process detected: msedge.exe -- hosts-level blocking is active.
2026-08-22 18:57:47 [DEBUG] --- Running enforcement checks ---
2026-08-22 18:57:47 [DEBUG] Hosts file block section is present. OK.
2026-08-22 18:57:47 [DEBUG] Hosts file is read-only. OK.
2026-08-22 18:57:48 [DEBUG] Browser process detected: msedge.exe -- hosts-level blocking is active.
2026-08-22 18:58:18 [DEBUG] --- Running enforcement checks ---
2026-08-22 18:58:18 [DEBUG] Hosts file block section is present. OK.
2026-08-22 18:58:18 [DEBUG] Hosts file is read-only. OK.
2026-08-22 18:58:18 [DEBUG] Browser process detected: msedge.exe -- hosts-level blocking is active.
2026-08-22 18:58:48 [DEBUG] --- Running enforcement checks ---
2026-08-22 18:58:48 [DEBUG] Hosts file block section is present. OK.
2026-08-22 18:58:48 [DEBUG] Hosts file is read-only. OK.
2026-08-22 18:58:49 [DEBUG] Browser process detected: msedge.exe -- hosts-level blocking is active.
2026-08-22 18:59:19 [DEBUG] --- Running enforcement checks ---
2026-08-22 18:59:19 [DEBUG] Hosts file block section is present. OK.
2026-08-22 18:59:19 [DEBUG] Hosts file is read-only. OK.
2026-08-22 18:59:19 [DEBUG] Browser process detected: msedge.exe -- hosts-level blocking is active.
2026-08-22 18:59:49 [DEBUG] --- Running enforcement checks ---
2026-08-22 18:59:49 [DEBUG] Hosts file block section is present. OK.
2026-08-22 18:59:49 [DEBUG] Hosts file is read-only. OK.
2026-08-22 18:59:50 [DEBUG] Browser process detected: msedge.exe -- hosts-level blocking is active.
2026-08-22 19:00:20 [DEBUG] --- Running enforcement checks ---
2026-08-22 19:00:20 [DEBUG] Hosts file block section is present. OK.
2026-08-22 19:00:20 [DEBUG] Hosts file is read-only. OK.
2026-08-22 19:00:20 [DEBUG] Browser process detected: msedge.exe -- hosts-level blocking is active.
2026-08-22 19:00:50 [DEBUG] --- Running enforcement checks ---
2026-08-22 19:00:50 [DEBUG] Hosts file block section is present. OK.
2026-08-22 19:00:50 [DEBUG] Hosts file is read-only. OK.
2026-08-22 19:00:51 [DEBUG] Browser process detected: msedge.exe -- hosts-level blocking is active.
2026-08-22 19:01:21 [DEBUG] --- Running enforcement checks ---
2026-08-22 19:01:21 [DEBUG] Hosts file block section is present. OK.
2026-08-22 19:01:21 [DEBUG] Hosts file is read-only. OK.
2026-08-22 19:01:21 [DEBUG] Browser process detected: msedge.exe -- hosts-level blocking is active.
2026-08-22 19:01:51 [DEBUG] --- Running enforcement checks ---
2026-08-22 19:01:51 [DEBUG] Hosts file block section is present. OK.
2026-08-22 19:01:51 [DEBUG] Hosts file is read-only. OK.
2026-08-22 19:01:52 [DEBUG] Browser process detected: msedge.exe -- hosts-level blocking is active.
2026-08-22 19:02:22 [DEBUG] --- Running enforcement checks ---
2026-08-22 19:02:22 [DEBUG] Hosts file block section is present. OK.
2026-08-22 19:02:22 [DEBUG] Hosts file is read-only. OK.
2026-08-22 19:02:22 [DEBUG] Browser process detected: msedge.exe -- hosts-level blocking is active.
2026-08-22 19:02:52 [DEBUG] --- Running enforcement checks ---
2026-08-22 19:02:52 [DEBUG] Hosts file block section is present. OK.
2026-08-22 19:02:52 [DEBUG] Hosts file is read-only. OK.
2026-08-22 19:02:53 [DEBUG] Browser process detected: msedge.exe -- hosts-level blocking is active.
2026-08-22 19:03:23 [DEBUG] --- Running enforcement checks ---
2026-08-22 19:03:23 [DEBUG] Hosts file block section is present. OK.
2026-08-22 19:03:23 [DEBUG] Hosts file is read-only. OK.
2026-08-22 19:03:24 [DEBUG] Browser process detected: msedge.exe -- hosts-level blocking is active.
2026-08-22 19:03:54 [DEBUG] --- Running enforcement checks ---
2026-08-22 19:03:54 [DEBUG] Hosts file block section is present. OK.
2026-08-22 19:03:54 [DEBUG] Hosts file is read-only. OK.
2026-08-22 19:03:54 [DEBUG] Browser process detected: msedge.exe -- hosts-level blocking is active.
2026-08-22 19:04:24 [DEBUG] --- Running enforcement checks ---
2026-08-22 19:04:24 [DEBUG] Hosts file block section is present. OK.
2026-08-22 19:04:24 [DEBUG] Hosts file is read-only. OK.
2026-08-22 19:04:25 [DEBUG] Browser process detected: msedge.exe -- hosts-level blocking is active.
2026-08-22 19:04:55 [DEBUG] --- Running enforcement checks ---
2026-08-22 19:04:55 [DEBUG] Hosts file block section is present. OK.
2026-08-22 19:04:55 [DEBUG] Hosts file is read-only. OK.
2026-08-22 19:04:55 [DEBUG] Browser process detected: msedge.exe -- hosts-level blocking is active.
2026-08-22 19:05:25 [DEBUG] --- Running enforcement checks ---
2026-08-22 19:05:25 [DEBUG] Hosts file block section is present. OK.
2026-08-22 19:05:25 [DEBUG] Hosts file is read-only. OK.
2026-08-22 19:05:26 [DEBUG] Browser process detected: msedge.exe -- hosts-level blocking is active.
2026-08-22 19:05:56 [DEBUG] --- Running enforcement checks ---
2026-08-22 19:05:56 [DEBUG] Hosts file block section is present. OK.
2026-08-22 19:05:56 [DEBUG] Hosts file is read-only. OK.
2026-08-22 19:05:56 [DEBUG] Browser process detected: msedge.exe -- hosts-level blocking is active.
2026-08-22 19:06:26 [DEBUG] --- Running enforcement checks ---
2026-08-22 19:06:26 [DEBUG] Hosts file block section is present. OK.
2026-08-22 19:06:26 [DEBUG] Hosts file is read-only. OK.
2026-08-22 19:06:27 [DEBUG] Browser process detected: msedge.exe -- hosts-level blocking is active.
2026-08-22 19:06:57 [DEBUG] --- Running enforcement checks ---
2026-08-22 19:06:57 [DEBUG] Hosts file block section is present. OK.
2026-08-22 19:06:57 [DEBUG] Hosts file is read-only. OK.
2026-08-22 19:06:57 [DEBUG] Browser process detected: msedge.exe -- hosts-level blocking is active.
2026-08-22 19:07:27 [DEBUG] --- Running enforcement checks ---
2026-08-22 19:07:27 [DEBUG] Hosts file block section is present. OK.
2026-08-22 19:07:27 [DEBUG] Hosts file is read-only. OK.
2026-08-22 19:07:28 [DEBUG] Browser process detected: msedge.exe -- hosts-level blocking is active.
2026-08-22 19:07:58 [DEBUG] --- Running enforcement checks ---
2026-08-22 19:07:58 [DEBUG] Hosts file block section is present. OK.
2026-08-22 19:07:58 [DEBUG] Hosts file is read-only. OK.
2026-08-22 19:07:58 [DEBUG] Browser process detected: msedge.exe -- hosts-level blocking is active.
2026-08-22 19:08:28 [DEBUG] --- Running enforcement checks ---
2026-08-22 19:08:28 [DEBUG] Hosts file block section is present. OK.
2026-08-22 19:08:28 [DEBUG] Hosts file is read-only. OK.
2026-08-22 19:08:29 [DEBUG] Browser process detected: msedge.exe -- hosts-level blocking is active.
2026-08-22 19:08:59 [DEBUG] --- Running enforcement checks ---
2026-08-22 19:08:59 [DEBUG] Hosts file block section is present. OK.
2026-08-22 19:08:59 [DEBUG] Hosts file is read-only. OK.
2026-08-22 19:08:59 [DEBUG] Browser process detected: msedge.exe -- hosts-level blocking is active.
2026-08-22 19:09:29 [DEBUG] --- Running enforcement checks ---
2026-08-22 19:09:29 [DEBUG] Hosts file block section is present. OK.
2026-08-22 19:09:29 [DEBUG] Hosts file is read-only. OK.
2026-08-22 19:09:30 [DEBUG] Browser process detected: msedge.exe -- hosts-level blocking is active.
2026-08-22 19:10:00 [DEBUG] --- Running enforcement checks ---
2026-08-22 19:10:00 [DEBUG] Hosts file block section is present. OK.
2026-08-22 19:10:00 [DEBUG] Hosts file is read-only. OK.
2026-08-22 19:10:01 [DEBUG] Browser process detected: msedge.exe -- hosts-level blocking is active.
2026-08-22 19:10:31 [DEBUG] --- Running enforcement checks ---
2026-08-22 19:10:31 [DEBUG] Hosts file block section is present. OK.
2026-08-22 19:10:31 [DEBUG] Hosts file is read-only. OK.
2026-08-22 19:10:31 [DEBUG] Browser process detected: msedge.exe -- hosts-level blocking is active.
2026-08-22 19:11:01 [DEBUG] --- Running enforcement checks ---
2026-08-22 19:11:01 [DEBUG] Hosts file block section is present. OK.
2026-08-22 19:11:01 [DEBUG] Hosts file is read-only. OK.
2026-08-22 19:11:02 [DEBUG] Browser process detected: msedge.exe -- hosts-level blocking is active.
2026-08-22 19:11:32 [DEBUG] --- Running enforcement checks ---
2026-08-22 19:11:32 [DEBUG] Hosts file block section is present. OK.
2026-08-22 19:11:32 [DEBUG] Hosts file is read-only. OK.
2026-08-22 19:11:32 [DEBUG] Browser process detected: msedge.exe -- hosts-level blocking is active.
2026-08-22 19:12:02 [DEBUG] --- Running enforcement checks ---
2026-08-22 19:12:02 [DEBUG] Hosts file block section is present. OK.
2026-08-22 19:12:02 [DEBUG] Hosts file is read-only. OK.
2026-08-22 19:12:03 [DEBUG] Browser process detected: msedge.exe -- hosts-level blocking is active.
2026-08-22 19:12:33 [DEBUG] --- Running enforcement checks ---
2026-08-22 19:12:33 [DEBUG] Hosts file block section is present. OK.
2026-08-22 19:12:33 [DEBUG] Hosts file is read-only. OK.
2026-08-22 19:12:33 [DEBUG] Browser process detected: msedge.exe -- hosts-level blocking is active.
2026-08-22 19:13:03 [DEBUG] --- Running enforcement checks ---
2026-08-22 19:13:03 [DEBUG] Hosts file block section is present. OK.
2026-08-22 19:13:03 [DEBUG] Hosts file is read-only. OK.
2026-08-22 19:13:04 [DEBUG] Browser process detected: msedge.exe -- hosts-level blocking is active.
2026-08-22 19:13:34 [DEBUG] --- Running enforcement checks ---
2026-08-22 19:13:34 [DEBUG] Hosts file block section is present. OK.
2026-08-22 19:13:34 [DEBUG] Hosts file is read-only. OK.
2026-08-22 19:13:34 [DEBUG] Browser process detected: msedge.exe -- hosts-level blocking is active.
2026-08-22 19:14:04 [DEBUG] --- Running enforcement checks ---
2026-08-22 19:14:04 [DEBUG] Hosts file block section is present. OK.
2026-08-22 19:14:04 [DEBUG] Hosts file is read-only. OK.
2026-08-22 19:14:05 [DEBUG] Browser process detected: msedge.exe -- hosts-level blocking is active.
2026-08-22 19:14:35 [DEBUG] --- Running enforcement checks ---
2026-08-22 19:14:35 [DEBUG] Hosts file block section is present. OK.
2026-08-22 19:14:35 [DEBUG] Hosts file is read-only. OK.
2026-08-22 19:14:35 [DEBUG] Browser process detected: msedge.exe -- hosts-level blocking is active.
2026-08-22 19:15:05 [DEBUG] --- Running enforcement checks ---
2026-08-22 19:15:05 [DEBUG] Hosts file block section is present. OK.
2026-08-22 19:15:05 [DEBUG] Hosts file is read-only. OK.
2026-08-22 19:15:06 [DEBUG] Browser process detected: msedge.exe -- hosts-level blocking is active.
2026-08-22 19:15:36 [DEBUG] --- Running enforcement checks ---
2026-08-22 19:15:36 [DEBUG] Hosts file block section is present. OK.
2026-08-22 19:15:36 [DEBUG] Hosts file is read-only. OK.
2026-08-22 19:15:36 [DEBUG] Browser process detected: msedge.exe -- hosts-level blocking is active.
2026-08-22 19:16:06 [DEBUG] --- Running enforcement checks ---
2026-08-22 19:16:06 [DEBUG] Hosts file block section is present. OK.
2026-08-22 19:16:06 [DEBUG] Hosts file is read-only. OK.
2026-08-22 19:16:07 [DEBUG] Browser process detected: msedge.exe -- hosts-level blocking is active.
2026-08-22 19:16:37 [DEBUG] --- Running enforcement checks ---
2026-08-22 19:16:37 [DEBUG] Hosts file block section is present. OK.
2026-08-22 19:16:37 [DEBUG] Hosts file is read-only. OK.
2026-08-22 19:16:37 [DEBUG] Browser process detected: msedge.exe -- hosts-level blocking is active.
2026-08-22 19:17:07 [DEBUG] --- Running enforcement checks ---
2026-08-22 19:17:07 [DEBUG] Hosts file block section is present. OK.
2026-08-22 19:17:07 [DEBUG] Hosts file is read-only. OK.
2026-08-22 19:17:08 [DEBUG] Browser process detected: msedge.exe -- hosts-level blocking is active.
2026-08-22 19:17:38 [DEBUG] --- Running enforcement checks ---
2026-08-22 19:17:38 [DEBUG] Hosts file block section is present. OK.
2026-08-22 19:17:38 [DEBUG] Hosts file is read-only. OK.
2026-08-22 19:17:39 [DEBUG] Browser process detected: msedge.exe -- hosts-level blocking is active.
2026-08-22 19:18:09 [DEBUG] --- Running enforcement checks ---
2026-08-22 19:18:09 [DEBUG] Hosts file block section is present. OK.
2026-08-22 19:18:09 [DEBUG] Hosts file is read-only. OK.
2026-08-22 19:18:09 [DEBUG] Browser process detected: msedge.exe -- hosts-level blocking is active.
2026-08-22 19:18:39 [DEBUG] --- Running enforcement checks ---
2026-08-22 19:18:39 [DEBUG] Hosts file block section is present. OK.
2026-08-22 19:18:39 [DEBUG] Hosts file is read-only. OK.
2026-08-22 19:18:40 [DEBUG] Browser process detected: msedge.exe -- hosts-level blocking is active.
2026-08-22 19:19:10 [DEBUG] --- Running enforcement checks ---
2026-08-22 19:19:10 [DEBUG] Hosts file block section is present. OK.
2026-08-22 19:19:10 [DEBUG] Hosts file is read-only. OK.
2026-08-22 19:19:10 [DEBUG] Browser process detected: msedge.exe -- hosts-level blocking is active.
2026-08-22 19:19:40 [DEBUG] --- Running enforcement checks ---
2026-08-22 19:19:40 [DEBUG] Hosts file block section is present. OK.
2026-08-22 19:19:40 [DEBUG] Hosts file is read-only. OK.
2026-08-22 19:19:41 [DEBUG] Browser process detected: msedge.exe -- hosts-level blocking is active.
2026-08-22 19:20:11 [DEBUG] --- Running enforcement checks ---
2026-08-22 19:20:11 [DEBUG] Hosts file block section is present. OK.
2026-08-22 19:20:11 [DEBUG] Hosts file is read-only. OK.
2026-08-22 19:20:11 [DEBUG] Browser process detected: msedge.exe -- hosts-level blocking is active.
2026-08-22 19:20:41 [DEBUG] --- Running enforcement checks ---
2026-08-22 19:20:41 [DEBUG] Hosts file block section is present. OK.
2026-08-22 19:20:41 [DEBUG] Hosts file is read-only. OK.
2026-08-22 19:20:42 [DEBUG] Browser process detected: msedge.exe -- hosts-level blocking is active.
2026-08-22 19:21:12 [DEBUG] --- Running enforcement checks ---
2026-08-22 19:21:12 [DEBUG] Hosts file block section is present. OK.
2026-08-22 19:21:12 [DEBUG] Hosts file is read-only. OK.
2026-08-22 19:21:12 [DEBUG] Browser process detected: msedge.exe -- hosts-level blocking is active.
2026-08-22 19:21:43 [DEBUG] --- Running enforcement checks ---
2026-08-22 19:21:43 [DEBUG] Hosts file block section is present. OK.
2026-08-22 19:21:43 [DEBUG] Hosts file is read-only. OK.
2026-08-22 19:21:43 [DEBUG] Browser process detected: msedge.exe -- hosts-level blocking is active.
2026-08-22 19:22:13 [DEBUG] --- Running enforcement checks ---
2026-08-22 19:22:13 [DEBUG] Hosts file block section is present. OK.
2026-08-22 19:22:13 [DEBUG] Hosts file is read-only. OK.
2026-08-22 19:22:14 [DEBUG] Browser process detected: msedge.exe -- hosts-level blocking is active.
2026-08-22 19:22:44 [DEBUG] --- Running enforcement checks ---
2026-08-22 19:22:44 [DEBUG] Hosts file block section is present. OK.
2026-08-22 19:22:44 [DEBUG] Hosts file is read-only. OK.
2026-08-22 19:22:44 [DEBUG] Browser process detected: msedge.exe -- hosts-level blocking is active.
2026-08-22 19:23:14 [DEBUG] --- Running enforcement checks ---
2026-08-22 19:23:14 [DEBUG] Hosts file block section is present. OK.
2026-08-22 19:23:14 [DEBUG] Hosts file is read-only. OK.
2026-08-22 19:23:15 [DEBUG] Browser process detected: msedge.exe -- hosts-level blocking is active.
2026-08-22 19:23:45 [DEBUG] --- Running enforcement checks ---
2026-08-22 19:23:45 [DEBUG] Hosts file block section is present. OK.
2026-08-22 19:23:45 [DEBUG] Hosts file is read-only. OK.
2026-08-22 19:23:45 [DEBUG] Browser process detected: msedge.exe -- hosts-level blocking is active.
2026-08-22 19:24:15 [DEBUG] --- Running enforcement checks ---
2026-08-22 19:24:15 [DEBUG] Hosts file block section is present. OK.
2026-08-22 19:24:15 [DEBUG] Hosts file is read-only. OK.
2026-08-22 19:24:16 [DEBUG] Browser process detected: msedge.exe -- hosts-level blocking is active.
2026-08-22 19:24:46 [DEBUG] --- Running enforcement checks ---
2026-08-22 19:24:46 [DEBUG] Hosts file block section is present. OK.
2026-08-22 19:24:46 [DEBUG] Hosts file is read-only. OK.
2026-08-22 19:24:46 [DEBUG] Browser process detected: msedge.exe -- hosts-level blocking is active.
2026-08-22 19:51:13 [DEBUG] --- Running enforcement checks ---
2026-08-22 19:51:13 [DEBUG] Hosts file block section is present. OK.
2026-08-22 19:51:13 [DEBUG] Hosts file is read-only. OK.
2026-08-22 19:51:14 [DEBUG] Browser process detected: msedge.exe -- hosts-level blocking is active.
2026-08-22 19:51:44 [DEBUG] --- Running enforcement checks ---
2026-08-22 19:51:44 [DEBUG] Hosts file block section is present. OK.
2026-08-22 19:51:44 [DEBUG] Hosts file is read-only. OK.
2026-08-22 19:51:45 [DEBUG] Browser process detected: msedge.exe -- hosts-level blocking is active.
2026-08-22 20:05:24 [DEBUG] --- Running enforcement checks ---
2026-08-22 20:05:24 [DEBUG] Hosts file block section is present. OK.
2026-08-22 20:05:24 [DEBUG] Hosts file is read-only. OK.
2026-08-22 20:05:24 [DEBUG] Browser process detected: msedge.exe -- hosts-level blocking is active.
2026-08-22 20:05:54 [DEBUG] --- Running enforcement checks ---
2026-08-22 20:05:54 [DEBUG] Hosts file block section is present. OK.
2026-08-22 20:05:54 [DEBUG] Hosts file is read-only. OK.
2026-08-22 20:05:54 [DEBUG] Browser process detected: msedge.exe -- hosts-level blocking is active.
2026-08-22 20:12:24 [DEBUG] --- Running enforcement checks ---
2026-08-22 20:12:24 [DEBUG] Hosts file block section is present. OK.
2026-08-22 20:12:24 [DEBUG] Hosts file is read-only. OK.
2026-08-22 20:13:13 [ERROR] Failed to enumerate processes: Command '['tasklist', '/FO', 'CSV', '/NH']' timed out after 10 seconds
2026-08-22 20:24:54 [DEBUG] --- Running enforcement checks ---
2026-08-22 20:24:54 [DEBUG] Hosts file block section is present. OK.
2026-08-22 20:24:54 [DEBUG] Hosts file is read-only. OK.
2026-08-22 20:24:55 [DEBUG] Browser process detected: msedge.exe -- hosts-level blocking is active.
2026-08-22 20:25:25 [DEBUG] --- Running enforcement checks ---
2026-08-22 20:25:25 [DEBUG] Hosts file block section is present. OK.
2026-08-22 20:25:25 [DEBUG] Hosts file is read-only. OK.
2026-08-22 20:25:25 [DEBUG] Browser process detected: msedge.exe -- hosts-level blocking is active.
2026-08-22 20:25:55 [DEBUG] --- Running enforcement checks ---
2026-08-22 20:25:55 [DEBUG] Hosts file block section is present. OK.
2026-08-22 20:25:55 [DEBUG] Hosts file is read-only. OK.
2026-08-22 20:25:56 [DEBUG] Browser process detected: msedge.exe -- hosts-level blocking is active.
2026-08-22 20:26:26 [DEBUG] --- Running enforcement checks ---
2026-08-22 20:26:26 [DEBUG] Hosts file block section is present. OK.
2026-08-22 20:26:26 [DEBUG] Hosts file is read-only. OK.
2026-08-22 20:26:26 [DEBUG] Browser process detected: msedge.exe -- hosts-level blocking is active.
2026-08-22 20:26:56 [DEBUG] --- Running enforcement checks ---
2026-08-22 20:26:56 [DEBUG] Hosts file block section is present. OK.
2026-08-22 20:26:56 [DEBUG] Hosts file is read-only. OK.
2026-08-22 20:26:57 [DEBUG] Browser process detected: msedge.exe -- hosts-level blocking is active.
2026-08-22 20:27:27 [DEBUG] --- Running enforcement checks ---
2026-08-22 20:27:27 [DEBUG] Hosts file block section is present. OK.
2026-08-22 20:27:27 [DEBUG] Hosts file is read-only. OK.
2026-08-22 20:27:27 [DEBUG] Browser process detected: msedge.exe -- hosts-level blocking is active.
2026-08-22 20:27:57 [DEBUG] --- Running enforcement checks ---
2026-08-22 20:27:57 [DEBUG] Hosts file block section is present. OK.
2026-08-22 20:27:57 [DEBUG] Hosts file is read-only. OK.
2026-08-22 20:27:58 [DEBUG] Browser process detected: msedge.exe -- hosts-level blocking is active.
2026-08-22 20:28:28 [DEBUG] --- Running enforcement checks ---
2026-08-22 20:28:28 [DEBUG] Hosts file block section is present. OK.
2026-08-22 20:28:28 [DEBUG] Hosts file is read-only. OK.
2026-08-22 20:28:28 [DEBUG] Browser process detected: msedge.exe -- hosts-level blocking is active.
2026-08-22 20:28:58 [DEBUG] --- Running enforcement checks ---
2026-08-22 20:28:58 [DEBUG] Hosts file block section is present. OK.
2026-08-22 20:28:58 [DEBUG] Hosts file is read-only. OK.
2026-08-22 20:28:59 [DEBUG] Browser process detected: msedge.exe -- hosts-level blocking is active.
2026-08-22 20:29:29 [DEBUG] --- Running enforcement checks ---
2026-08-22 20:29:29 [DEBUG] Hosts file block section is present. OK.
2026-08-22 20:29:29 [DEBUG] Hosts file is read-only. OK.
2026-08-22 20:29:29 [DEBUG] Browser process detected: msedge.exe -- hosts-level blocking is active.
2026-08-22 20:29:59 [DEBUG] --- Running enforcement checks ---
2026-08-22 20:29:59 [DEBUG] Hosts file block section is present. OK.
2026-08-22 20:29:59 [DEBUG] Hosts file is read-only. OK.
2026-08-22 20:30:00 [DEBUG] Browser process detected: msedge.exe -- hosts-level blocking is active.
2026-08-22 20:30:30 [DEBUG] --- Running enforcement checks ---
2026-08-22 20:30:30 [DEBUG] Hosts file block section is present. OK.
2026-08-22 20:30:30 [DEBUG] Hosts file is read-only. OK.
2026-08-22 20:30:31 [DEBUG] Browser process detected: msedge.exe -- hosts-level blocking is active.
2026-08-22 20:31:01 [DEBUG] --- Running enforcement checks ---
2026-08-22 20:31:01 [DEBUG] Hosts file block section is present. OK.
2026-08-22 20:31:01 [DEBUG] Hosts file is read-only. OK.
2026-08-22 20:31:01 [DEBUG] Browser process detected: msedge.exe -- hosts-level blocking is active.
2026-08-22 20:31:42 [DEBUG] --- Running enforcement checks ---
2026-08-22 20:31:42 [DEBUG] Hosts file block section is present. OK.
2026-08-22 20:31:42 [DEBUG] Hosts file is read-only. OK.
2026-08-22 20:31:42 [DEBUG] Browser process detected: msedge.exe -- hosts-level blocking is active.
2026-08-22 20:39:01 [DEBUG] --- Running enforcement checks ---
2026-08-22 20:39:01 [DEBUG] Hosts file block section is present. OK.
2026-08-22 20:39:01 [DEBUG] Hosts file is read-only. OK.
2026-08-22 20:39:02 [DEBUG] Browser process detected: msedge.exe -- hosts-level blocking is active.
2026-08-22 20:55:19 [DEBUG] --- Running enforcement checks ---
2026-08-22 20:55:19 [DEBUG] Hosts file block section is present. OK.
2026-08-22 20:55:19 [DEBUG] Hosts file is read-only. OK.
2026-08-22 20:55:20 [DEBUG] Browser process detected: msedge.exe -- hosts-level blocking is active.
2026-08-22 20:55:50 [DEBUG] --- Running enforcement checks ---
2026-08-22 20:55:50 [DEBUG] Hosts file block section is present. OK.
2026-08-22 20:55:50 [DEBUG] Hosts file is read-only. OK.
2026-08-22 20:55:50 [DEBUG] Browser process detected: msedge.exe -- hosts-level blocking is active.
2026-08-22 20:56:20 [DEBUG] --- Running enforcement checks ---
2026-08-22 20:56:20 [DEBUG] Hosts file block section is present. OK.
2026-08-22 20:56:20 [DEBUG] Hosts file is read-only. OK.
2026-08-22 20:56:21 [DEBUG] Browser process detected: msedge.exe -- hosts-level blocking is active.
2026-08-22 20:56:51 [DEBUG] --- Running enforcement checks ---
2026-08-22 20:56:51 [DEBUG] Hosts file block section is present. OK.
2026-08-22 20:56:51 [DEBUG] Hosts file is read-only. OK.
2026-08-22 20:56:51 [DEBUG] Browser process detected: msedge.exe -- hosts-level blocking is active.
2026-08-22 20:57:21 [DEBUG] --- Running enforcement checks ---
2026-08-22 20:57:21 [DEBUG] Hosts file block section is present. OK.
2026-08-22 20:57:21 [DEBUG] Hosts file is read-only. OK.
2026-08-22 20:57:22 [DEBUG] Browser process detected: msedge.exe -- hosts-level blocking is active.
2026-08-22 20:57:52 [DEBUG] --- Running enforcement checks ---
2026-08-22 20:57:52 [DEBUG] Hosts file block section is present. OK.
2026-08-22 20:57:52 [DEBUG] Hosts file is read-only. OK.
2026-08-22 20:57:52 [DEBUG] Browser process detected: msedge.exe -- hosts-level blocking is active.
2026-08-22 20:58:22 [DEBUG] --- Running enforcement checks ---
2026-08-22 20:58:22 [DEBUG] Hosts file block section is present. OK.
2026-08-22 20:58:22 [DEBUG] Hosts file is read-only. OK.
2026-08-22 20:58:23 [DEBUG] Browser process detected: msedge.exe -- hosts-level blocking is active.
2026-08-22 20:58:53 [DEBUG] --- Running enforcement checks ---
2026-08-22 20:58:53 [DEBUG] Hosts file block section is present. OK.
2026-08-22 20:58:53 [DEBUG] Hosts file is read-only. OK.
2026-08-22 20:58:53 [DEBUG] Browser process detected: msedge.exe -- hosts-level blocking is active.
2026-08-22 20:59:23 [DEBUG] --- Running enforcement checks ---
2026-08-22 20:59:23 [DEBUG] Hosts file block section is present. OK.
2026-08-22 20:59:23 [DEBUG] Hosts file is read-only. OK.
2026-08-22 20:59:24 [DEBUG] Browser process detected: msedge.exe -- hosts-level blocking is active.
2026-08-22 20:59:54 [DEBUG] --- Running enforcement checks ---
2026-08-22 20:59:54 [DEBUG] Hosts file block section is present. OK.
2026-08-22 20:59:54 [DEBUG] Hosts file is read-only. OK.
2026-08-22 20:59:54 [DEBUG] Browser process detected: msedge.exe -- hosts-level blocking is active.
2026-08-22 21:00:24 [DEBUG] --- Running enforcement checks ---
2026-08-22 21:00:24 [DEBUG] Hosts file block section is present. OK.
2026-08-22 21:00:24 [DEBUG] Hosts file is read-only. OK.
2026-08-22 21:00:25 [DEBUG] Browser process detected: msedge.exe -- hosts-level blocking is active.
2026-08-22 21:00:55 [DEBUG] --- Running enforcement checks ---
2026-08-22 21:00:55 [DEBUG] Hosts file block section is present. OK.
2026-08-22 21:00:55 [DEBUG] Hosts file is read-only. OK.
2026-08-22 21:00:55 [DEBUG] Browser process detected: msedge.exe -- hosts-level blocking is active.
2026-08-22 21:01:25 [DEBUG] --- Running enforcement checks ---
2026-08-22 21:01:25 [DEBUG] Hosts file block section is present. OK.
2026-08-22 21:01:25 [DEBUG] Hosts file is read-only. OK.
2026-08-22 21:01:26 [DEBUG] Browser process detected: msedge.exe -- hosts-level blocking is active.
2026-08-22 21:01:56 [DEBUG] --- Running enforcement checks ---
2026-08-22 21:01:56 [DEBUG] Hosts file block section is present. OK.
2026-08-22 21:01:56 [DEBUG] Hosts file is read-only. OK.
2026-08-22 21:01:56 [DEBUG] Browser process detected: msedge.exe -- hosts-level blocking is active.
2026-08-22 21:02:26 [DEBUG] --- Running enforcement checks ---
2026-08-22 21:02:26 [DEBUG] Hosts file block section is present. OK.
2026-08-22 21:02:26 [DEBUG] Hosts file is read-only. OK.
2026-08-22 21:02:27 [DEBUG] Browser process detected: msedge.exe -- hosts-level blocking is active.
2026-08-22 21:02:57 [DEBUG] --- Running enforcement checks ---
2026-08-22 21:02:57 [DEBUG] Hosts file block section is present. OK.
2026-08-22 21:02:57 [DEBUG] Hosts file is read-only. OK.
2026-08-22 21:02:57 [DEBUG] Browser process detected: msedge.exe -- hosts-level blocking is active.
2026-08-22 21:03:27 [DEBUG] --- Running enforcement checks ---
2026-08-22 21:03:27 [DEBUG] Hosts file block section is present. OK.
2026-08-22 21:03:27 [DEBUG] Hosts file is read-only. OK.
2026-08-22 21:03:28 [DEBUG] Browser process detected: msedge.exe -- hosts-level blocking is active.
2026-08-22 21:03:58 [DEBUG] --- Running enforcement checks ---
2026-08-22 21:03:58 [DEBUG] Hosts file block section is present. OK.
2026-08-22 21:03:58 [DEBUG] Hosts file is read-only. OK.
2026-08-22 21:03:58 [DEBUG] Browser process detected: msedge.exe -- hosts-level blocking is active.
2026-08-22 21:04:28 [DEBUG] --- Running enforcement checks ---
2026-08-22 21:04:28 [DEBUG] Hosts file block section is present. OK.
2026-08-22 21:04:28 [DEBUG] Hosts file is read-only. OK.
2026-08-22 21:04:29 [DEBUG] Browser process detected: msedge.exe -- hosts-level blocking is active.
2026-08-22 21:04:59 [DEBUG] --- Running enforcement checks ---
2026-08-22 21:04:59 [DEBUG] Hosts file block section is present. OK.
2026-08-22 21:04:59 [DEBUG] Hosts file is read-only. OK.
2026-08-22 21:04:59 [DEBUG] Browser process detected: msedge.exe -- hosts-level blocking is active.
2026-08-22 21:05:29 [DEBUG] --- Running enforcement checks ---
2026-08-22 21:05:29 [DEBUG] Hosts file block section is present. OK.
2026-08-22 21:05:29 [DEBUG] Hosts file is read-only. OK.
2026-08-22 21:05:30 [DEBUG] Browser process detected: msedge.exe -- hosts-level blocking is active.
2026-08-22 21:06:00 [DEBUG] --- Running enforcement checks ---
2026-08-22 21:06:00 [DEBUG] Hosts file block section is present. OK.
2026-08-22 21:06:00 [DEBUG] Hosts file is read-only. OK.
2026-08-22 21:06:00 [DEBUG] Browser process detected: msedge.exe -- hosts-level blocking is active.
2026-08-22 21:06:30 [DEBUG] --- Running enforcement checks ---
2026-08-22 21:06:30 [DEBUG] Hosts file block section is present. OK.
2026-08-22 21:06:30 [DEBUG] Hosts file is read-only. OK.
2026-08-22 21:06:31 [DEBUG] Browser process detected: msedge.exe -- hosts-level blocking is active.
2026-08-22 21:07:01 [DEBUG] --- Running enforcement checks ---
2026-08-22 21:07:01 [DEBUG] Hosts file block section is present. OK.
2026-08-22 21:07:01 [DEBUG] Hosts file is read-only. OK.
2026-08-22 21:07:01 [DEBUG] Browser process detected: msedge.exe -- hosts-level blocking is active.
2026-08-22 21:07:31 [DEBUG] --- Running enforcement checks ---
2026-08-22 21:07:31 [DEBUG] Hosts file block section is present. OK.
2026-08-22 21:07:31 [DEBUG] Hosts file is read-only. OK.
2026-08-22 21:07:32 [DEBUG] Browser process detected: msedge.exe -- hosts-level blocking is active.
2026-08-22 21:08:02 [DEBUG] --- Running enforcement checks ---
2026-08-22 21:08:02 [DEBUG] Hosts file block section is present. OK.
2026-08-22 21:08:02 [DEBUG] Hosts file is read-only. OK.
2026-08-22 21:08:02 [DEBUG] Browser process detected: msedge.exe -- hosts-level blocking is active.
2026-08-22 21:08:32 [DEBUG] --- Running enforcement checks ---
2026-08-22 21:08:32 [DEBUG] Hosts file block section is present. OK.
2026-08-22 21:08:32 [DEBUG] Hosts file is read-only. OK.
2026-08-22 21:08:33 [DEBUG] Browser process detected: msedge.exe -- hosts-level blocking is active.
2026-08-22 21:09:03 [DEBUG] --- Running enforcement checks ---
2026-08-22 21:09:03 [DEBUG] Hosts file block section is present. OK.
2026-08-22 21:09:03 [DEBUG] Hosts file is read-only. OK.
2026-08-22 21:09:03 [DEBUG] Browser process detected: msedge.exe -- hosts-level blocking is active.
2026-08-22 21:09:33 [DEBUG] --- Running enforcement checks ---
2026-08-22 21:09:33 [DEBUG] Hosts file block section is present. OK.
2026-08-22 21:09:33 [DEBUG] Hosts file is read-only. OK.
2026-08-22 21:09:34 [DEBUG] Browser process detected: msedge.exe -- hosts-level blocking is active.
2026-08-22 21:10:04 [DEBUG] --- Running enforcement checks ---
2026-08-22 21:10:04 [DEBUG] Hosts file block section is present. OK.
2026-08-22 21:10:04 [DEBUG] Hosts file is read-only. OK.
2026-08-22 21:10:04 [DEBUG] Browser process detected: msedge.exe -- hosts-level blocking is active.
2026-08-22 21:10:34 [DEBUG] --- Running enforcement checks ---
2026-08-22 21:10:34 [DEBUG] Hosts file block section is present. OK.
2026-08-22 21:10:34 [DEBUG] Hosts file is read-only. OK.
2026-08-22 21:10:35 [DEBUG] Browser process detected: msedge.exe -- hosts-level blocking is active.
2026-08-22 21:11:05 [DEBUG] --- Running enforcement checks ---
2026-08-22 21:11:05 [DEBUG] Hosts file block section is present. OK.
2026-08-22 21:11:05 [DEBUG] Hosts file is read-only. OK.
2026-08-22 21:11:05 [DEBUG] Browser process detected: msedge.exe -- hosts-level blocking is active.
2026-08-22 21:11:35 [DEBUG] --- Running enforcement checks ---
2026-08-22 21:11:35 [DEBUG] Hosts file block section is present. OK.
2026-08-22 21:11:35 [DEBUG] Hosts file is read-only. OK.
2026-08-22 21:11:36 [DEBUG] Browser process detected: msedge.exe -- hosts-level blocking is active.
2026-08-22 21:12:06 [DEBUG] --- Running enforcement checks ---
2026-08-22 21:12:06 [DEBUG] Hosts file block section is present. OK.
2026-08-22 21:12:06 [DEBUG] Hosts file is read-only. OK.
2026-08-22 21:12:06 [DEBUG] Browser process detected: msedge.exe -- hosts-level blocking is active.
2026-08-22 21:12:36 [DEBUG] --- Running enforcement checks ---
2026-08-22 21:12:36 [DEBUG] Hosts file block section is present. OK.
2026-08-22 21:12:36 [DEBUG] Hosts file is read-only. OK.
2026-08-22 21:12:37 [DEBUG] Browser process detected: msedge.exe -- hosts-level blocking is active.
2026-08-22 21:13:07 [DEBUG] --- Running enforcement checks ---
2026-08-22 21:13:07 [DEBUG] Hosts file block section is present. OK.
2026-08-22 21:13:07 [DEBUG] Hosts file is read-only. OK.
2026-08-22 21:13:07 [DEBUG] Browser process detected: msedge.exe -- hosts-level blocking is active.
2026-08-22 21:13:37 [DEBUG] --- Running enforcement checks ---
2026-08-22 21:13:37 [DEBUG] Hosts file block section is present. OK.
2026-08-22 21:13:37 [DEBUG] Hosts file is read-only. OK.
2026-08-22 21:13:38 [DEBUG] Browser process detected: msedge.exe -- hosts-level blocking is active.
2026-08-22 21:14:08 [DEBUG] --- Running enforcement checks ---
2026-08-22 21:14:08 [DEBUG] Hosts file block section is present. OK.
2026-08-22 21:14:08 [DEBUG] Hosts file is read-only. OK.
2026-08-22 21:14:08 [DEBUG] Browser process detected: msedge.exe -- hosts-level blocking is active.
2026-08-22 21:14:38 [DEBUG] --- Running enforcement checks ---
2026-08-22 21:14:38 [DEBUG] Hosts file block section is present. OK.
2026-08-22 21:14:38 [DEBUG] Hosts file is read-only. OK.
2026-08-22 21:14:39 [DEBUG] Browser process detected: msedge.exe -- hosts-level blocking is active.
2026-08-22 21:15:09 [DEBUG] --- Running enforcement checks ---
2026-08-22 21:15:09 [DEBUG] Hosts file block section is present. OK.
2026-08-22 21:15:09 [DEBUG] Hosts file is read-only. OK.
2026-08-22 21:15:10 [DEBUG] Browser process detected: msedge.exe -- hosts-level blocking is active.
2026-08-22 21:15:40 [DEBUG] --- Running enforcement checks ---
2026-08-22 21:15:40 [DEBUG] Hosts file block section is present. OK.
2026-08-22 21:15:40 [DEBUG] Hosts file is read-only. OK.
2026-08-22 21:15:40 [DEBUG] Browser process detected: msedge.exe -- hosts-level blocking is active.
2026-08-22 21:16:10 [DEBUG] --- Running enforcement checks ---
2026-08-22 21:16:10 [DEBUG] Hosts file block section is present. OK.
2026-08-22 21:16:10 [DEBUG] Hosts file is read-only. OK.
2026-08-22 21:16:11 [DEBUG] Browser process detected: msedge.exe -- hosts-level blocking is active.
2026-08-22 21:16:41 [DEBUG] --- Running enforcement checks ---
2026-08-22 21:16:41 [DEBUG] Hosts file block section is present. OK.
2026-08-22 21:16:41 [DEBUG] Hosts file is read-only. OK.
2026-08-22 21:16:41 [DEBUG] Browser process detected: msedge.exe -- hosts-level blocking is active.
2026-08-22 21:17:11 [DEBUG] --- Running enforcement checks ---
2026-08-22 21:17:11 [DEBUG] Hosts file block section is present. OK.
2026-08-22 21:17:11 [DEBUG] Hosts file is read-only. OK.
2026-08-22 21:17:12 [DEBUG] Browser process detected: msedge.exe -- hosts-level blocking is active.
2026-08-22 21:17:42 [DEBUG] --- Running enforcement checks ---
2026-08-22 21:17:42 [DEBUG] Hosts file block section is present. OK.
2026-08-22 21:17:42 [DEBUG] Hosts file is read-only. OK.
2026-08-22 21:17:42 [DEBUG] Browser process detected: msedge.exe -- hosts-level blocking is active.
2026-08-22 21:18:12 [DEBUG] --- Running enforcement checks ---
2026-08-22 21:18:12 [DEBUG] Hosts file block section is present. OK.
2026-08-22 21:18:12 [DEBUG] Hosts file is read-only. OK.
2026-08-22 21:18:13 [DEBUG] Browser process detected: msedge.exe -- hosts-level blocking is active.
2026-08-22 21:18:43 [DEBUG] --- Running enforcement checks ---
2026-08-22 21:18:43 [DEBUG] Hosts file block section is present. OK.
2026-08-22 21:18:43 [DEBUG] Hosts file is read-only. OK.
2026-08-22 21:18:43 [DEBUG] Browser process detected: msedge.exe -- hosts-level blocking is active.
2026-08-22 21:19:13 [DEBUG] --- Running enforcement checks ---
2026-08-22 21:19:13 [DEBUG] Hosts file block section is present. OK.
2026-08-22 21:19:13 [DEBUG] Hosts file is read-only. OK.
2026-08-22 21:19:14 [DEBUG] Browser process detected: msedge.exe -- hosts-level blocking is active.
2026-08-22 21:19:44 [DEBUG] --- Running enforcement checks ---
2026-08-22 21:19:44 [DEBUG] Hosts file block section is present. OK.
2026-08-22 21:19:44 [DEBUG] Hosts file is read-only. OK.
2026-08-22 21:19:44 [DEBUG] Browser process detected: msedge.exe -- hosts-level blocking is active.
2026-08-22 21:20:14 [DEBUG] --- Running enforcement checks ---
2026-08-22 21:20:14 [DEBUG] Hosts file block section is present. OK.
2026-08-22 21:20:14 [DEBUG] Hosts file is read-only. OK.
2026-08-22 21:20:15 [DEBUG] Browser process detected: msedge.exe -- hosts-level blocking is active.
2026-08-22 21:20:45 [DEBUG] --- Running enforcement checks ---
2026-08-22 21:20:45 [DEBUG] Hosts file block section is present. OK.
2026-08-22 21:20:45 [DEBUG] Hosts file is read-only. OK.
2026-08-22 21:20:45 [DEBUG] Browser process detected: msedge.exe -- hosts-level blocking is active.
2026-08-22 21:21:15 [DEBUG] --- Running enforcement checks ---
2026-08-22 21:21:15 [DEBUG] Hosts file block section is present. OK.
2026-08-22 21:21:15 [DEBUG] Hosts file is read-only. OK.
2026-08-22 21:21:16 [DEBUG] Browser process detected: msedge.exe -- hosts-level blocking is active.
2026-08-22 21:21:46 [DEBUG] --- Running enforcement checks ---
2026-08-22 21:21:46 [DEBUG] Hosts file block section is present. OK.
2026-08-22 21:21:46 [DEBUG] Hosts file is read-only. OK.
2026-08-22 21:21:47 [DEBUG] Browser process detected: msedge.exe -- hosts-level blocking is active.
2026-08-22 21:22:17 [DEBUG] --- Running enforcement checks ---
2026-08-22 21:22:17 [DEBUG] Hosts file block section is present. OK.
2026-08-22 21:22:17 [DEBUG] Hosts file is read-only. OK.
2026-08-22 21:22:17 [DEBUG] Browser process detected: msedge.exe -- hosts-level blocking is active.
2026-08-22 21:22:47 [DEBUG] --- Running enforcement checks ---
2026-08-22 21:22:47 [DEBUG] Hosts file block section is present. OK.
2026-08-22 21:22:47 [DEBUG] Hosts file is read-only. OK.
2026-08-22 21:22:48 [DEBUG] Browser process detected: msedge.exe -- hosts-level blocking is active.
2026-08-22 21:23:18 [DEBUG] --- Running enforcement checks ---
2026-08-22 21:23:18 [DEBUG] Hosts file block section is present. OK.
2026-08-22 21:23:18 [DEBUG] Hosts file is read-only. OK.
2026-08-22 21:23:18 [DEBUG] Browser process detected: msedge.exe -- hosts-level blocking is active.
2026-08-22 21:23:48 [DEBUG] --- Running enforcement checks ---
2026-08-22 21:23:48 [DEBUG] Hosts file block section is present. OK.
2026-08-22 21:23:48 [DEBUG] Hosts file is read-only. OK.
2026-08-22 21:23:49 [DEBUG] Browser process detected: msedge.exe -- hosts-level blocking is active.
2026-08-22 21:24:19 [DEBUG] --- Running enforcement checks ---
2026-08-22 21:24:19 [DEBUG] Hosts file block section is present. OK.
2026-08-22 21:24:19 [DEBUG] Hosts file is read-only. OK.
2026-08-22 21:24:19 [DEBUG] Browser process detected: msedge.exe -- hosts-level blocking is active.
2026-08-22 21:24:49 [DEBUG] --- Running enforcement checks ---
2026-08-22 21:24:49 [DEBUG] Hosts file block section is present. OK.
2026-08-22 21:24:49 [DEBUG] Hosts file is read-only. OK.
2026-08-22 21:24:50 [DEBUG] Browser process detected: msedge.exe -- hosts-level blocking is active.
2026-08-22 21:25:20 [DEBUG] --- Running enforcement checks ---
2026-08-22 21:25:20 [DEBUG] Hosts file block section is present. OK.
2026-08-22 21:25:20 [DEBUG] Hosts file is read-only. OK.
2026-08-22 21:25:20 [DEBUG] Browser process detected: msedge.exe -- hosts-level blocking is active.
2026-08-22 21:25:50 [DEBUG] --- Running enforcement checks ---
2026-08-22 21:25:50 [DEBUG] Hosts file block section is present. OK.
2026-08-22 21:25:50 [DEBUG] Hosts file is read-only. OK.
2026-08-22 21:25:51 [DEBUG] Browser process detected: msedge.exe -- hosts-level blocking is active.
2026-08-22 21:26:21 [DEBUG] --- Running enforcement checks ---
2026-08-22 21:26:21 [DEBUG] Hosts file block section is present. OK.
2026-08-22 21:26:21 [DEBUG] Hosts file is read-only. OK.
2026-08-22 21:26:21 [DEBUG] Browser process detected: msedge.exe -- hosts-level blocking is active.
2026-08-22 21:26:51 [DEBUG] --- Running enforcement checks ---
2026-08-22 21:26:51 [DEBUG] Hosts file block section is present. OK.
2026-08-22 21:26:51 [DEBUG] Hosts file is read-only. OK.
2026-08-22 21:26:52 [DEBUG] Browser process detected: msedge.exe -- hosts-level blocking is active.
2026-08-22 21:27:22 [DEBUG] --- Running enforcement checks ---
2026-08-22 21:27:22 [DEBUG] Hosts file block section is present. OK.
2026-08-22 21:27:22 [DEBUG] Hosts file is read-only. OK.
2026-08-22 21:27:23 [DEBUG] Browser process detected: msedge.exe -- hosts-level blocking is active.
2026-08-22 21:27:53 [DEBUG] --- Running enforcement checks ---
2026-08-22 21:27:53 [DEBUG] Hosts file block section is present. OK.
2026-08-22 21:27:53 [DEBUG] Hosts file is read-only. OK.
2026-08-22 21:27:53 [DEBUG] Browser process detected: msedge.exe -- hosts-level blocking is active.
2026-08-22 21:28:23 [DEBUG] --- Running enforcement checks ---
2026-08-22 21:28:23 [DEBUG] Hosts file block section is present. OK.
2026-08-22 21:28:23 [DEBUG] Hosts file is read-only. OK.
2026-08-22 21:28:24 [DEBUG] Browser process detected: msedge.exe -- hosts-level blocking is active.
2026-08-22 21:28:54 [DEBUG] --- Running enforcement checks ---
2026-08-22 21:28:54 [DEBUG] Hosts file block section is present. OK.
2026-08-22 21:28:54 [DEBUG] Hosts file is read-only. OK.
2026-08-22 21:28:54 [DEBUG] Browser process detected: msedge.exe -- hosts-level blocking is active.
2026-08-22 21:29:24 [DEBUG] --- Running enforcement checks ---
2026-08-22 21:29:24 [DEBUG] Hosts file block section is present. OK.
2026-08-22 21:29:24 [DEBUG] Hosts file is read-only. OK.
2026-08-22 21:29:25 [DEBUG] Browser process detected: msedge.exe -- hosts-level blocking is active.
2026-08-22 21:29:55 [DEBUG] --- Running enforcement checks ---
2026-08-22 21:29:55 [DEBUG] Hosts file block section is present. OK.
2026-08-22 21:29:55 [DEBUG] Hosts file is read-only. OK.
2026-08-22 21:29:55 [DEBUG] Browser process detected: msedge.exe -- hosts-level blocking is active.
2026-08-22 21:30:25 [DEBUG] --- Running enforcement checks ---
2026-08-22 21:30:25 [DEBUG] Hosts file block section is present. OK.
2026-08-22 21:30:25 [DEBUG] Hosts file is read-only. OK.
2026-08-22 21:30:25 [DEBUG] Browser process detected: msedge.exe -- hosts-level blocking is active.
2026-08-22 21:30:55 [DEBUG] --- Running enforcement checks ---
2026-08-22 21:30:55 [DEBUG] Hosts file block section is present. OK.
2026-08-22 21:30:55 [DEBUG] Hosts file is read-only. OK.
2026-08-22 21:30:56 [DEBUG] Browser process detected: msedge.exe -- hosts-level blocking is active.
2026-08-22 21:31:26 [DEBUG] --- Running enforcement checks ---
2026-08-22 21:31:26 [DEBUG] Hosts file block section is present. OK.
2026-08-22 21:31:26 [DEBUG] Hosts file is read-only. OK.
2026-08-22 21:31:26 [DEBUG] Browser process detected: msedge.exe -- hosts-level blocking is active.
2026-08-22 21:31:56 [DEBUG] --- Running enforcement checks ---
2026-08-22 21:31:56 [DEBUG] Hosts file block section is present. OK.
2026-08-22 21:31:56 [DEBUG] Hosts file is read-only. OK.
2026-08-22 21:31:57 [DEBUG] Browser process detected: msedge.exe -- hosts-level blocking is active.
2026-08-22 21:32:27 [DEBUG] --- Running enforcement checks ---
2026-08-22 21:32:27 [DEBUG] Hosts file block section is present. OK.
2026-08-22 21:32:27 [DEBUG] Hosts file is read-only. OK.
2026-08-22 21:32:27 [DEBUG] Browser process detected: msedge.exe -- hosts-level blocking is active.
2026-08-22 21:32:57 [DEBUG] --- Running enforcement checks ---
2026-08-22 21:32:57 [DEBUG] Hosts file block section is present. OK.
2026-08-22 21:32:57 [DEBUG] Hosts file is read-only. OK.
2026-08-22 21:32:57 [DEBUG] Browser process detected: msedge.exe -- hosts-level blocking is active.
2026-08-22 21:33:27 [DEBUG] --- Running enforcement checks ---
2026-08-22 21:33:27 [DEBUG] Hosts file block section is present. OK.
2026-08-22 21:33:27 [DEBUG] Hosts file is read-only. OK.
2026-08-22 21:33:28 [DEBUG] Browser process detected: msedge.exe -- hosts-level blocking is active.
2026-08-22 21:33:58 [DEBUG] --- Running enforcement checks ---
2026-08-22 21:33:58 [DEBUG] Hosts file block section is present. OK.
2026-08-22 21:33:58 [DEBUG] Hosts file is read-only. OK.
2026-08-22 21:33:58 [DEBUG] Browser process detected: msedge.exe -- hosts-level blocking is active.
2026-08-22 21:34:28 [DEBUG] --- Running enforcement checks ---
2026-08-22 21:34:28 [DEBUG] Hosts file block section is present. OK.
2026-08-22 21:34:28 [DEBUG] Hosts file is read-only. OK.
2026-08-22 21:34:29 [DEBUG] Browser process detected: msedge.exe -- hosts-level blocking is active.
2026-08-22 21:34:59 [DEBUG] --- Running enforcement checks ---
2026-08-22 21:34:59 [DEBUG] Hosts file block section is present. OK.
2026-08-22 21:34:59 [DEBUG] Hosts file is read-only. OK.
2026-08-22 21:34:59 [DEBUG] Browser process detected: msedge.exe -- hosts-level blocking is active.
2026-08-22 21:35:29 [DEBUG] --- Running enforcement checks ---
2026-08-22 21:35:29 [DEBUG] Hosts file block section is present. OK.
2026-08-22 21:35:29 [DEBUG] Hosts file is read-only. OK.
2026-08-22 21:35:29 [DEBUG] Browser process detected: msedge.exe -- hosts-level blocking is active.
2026-08-22 21:35:59 [DEBUG] --- Running enforcement checks ---
2026-08-22 21:35:59 [DEBUG] Hosts file block section is present. OK.
2026-08-22 21:35:59 [DEBUG] Hosts file is read-only. OK.
2026-08-22 21:36:00 [DEBUG] Browser process detected: msedge.exe -- hosts-level blocking is active.
2026-08-22 21:36:30 [DEBUG] --- Running enforcement checks ---
2026-08-22 21:36:30 [DEBUG] Hosts file block section is present. OK.
2026-08-22 21:36:30 [DEBUG] Hosts file is read-only. OK.
2026-08-22 21:36:30 [DEBUG] Browser process detected: msedge.exe -- hosts-level blocking is active.
2026-08-22 21:37:00 [DEBUG] --- Running enforcement checks ---
2026-08-22 21:37:00 [DEBUG] Hosts file block section is present. OK.
2026-08-22 21:37:00 [DEBUG] Hosts file is read-only. OK.
2026-08-22 21:37:01 [DEBUG] Browser process detected: msedge.exe -- hosts-level blocking is active.
2026-08-22 21:37:31 [DEBUG] --- Running enforcement checks ---
2026-08-22 21:37:31 [DEBUG] Hosts file block section is present. OK.
2026-08-22 21:37:31 [DEBUG] Hosts file is read-only. OK.
2026-08-22 21:37:31 [DEBUG] Browser process detected: msedge.exe -- hosts-level blocking is active.
2026-08-22 21:38:01 [DEBUG] --- Running enforcement checks ---
2026-08-22 21:38:01 [DEBUG] Hosts file block section is present. OK.
2026-08-22 21:38:01 [DEBUG] Hosts file is read-only. OK.
2026-08-22 21:38:11 [ERROR] Failed to enumerate processes: Command '['tasklist', '/FO', 'CSV', '/NH']' timed out after 10 seconds
2026-08-22 21:38:41 [DEBUG] --- Running enforcement checks ---
2026-08-22 21:38:41 [DEBUG] Hosts file block section is present. OK.
2026-08-22 21:38:41 [DEBUG] Hosts file is read-only. OK.
2026-08-22 21:38:51 [ERROR] Failed to enumerate processes: Command '['tasklist', '/FO', 'CSV', '/NH']' timed out after 10 seconds
2026-08-22 21:39:21 [DEBUG] --- Running enforcement checks ---
2026-08-22 21:39:21 [DEBUG] Hosts file block section is present. OK.
2026-08-22 21:39:21 [DEBUG] Hosts file is read-only. OK.
2026-08-22 21:39:28 [DEBUG] Browser process detected: msedge.exe -- hosts-level blocking is active.
2026-08-22 21:40:03 [DEBUG] --- Running enforcement checks ---
2026-08-22 21:40:03 [DEBUG] Hosts file block section is present. OK.
2026-08-22 21:40:03 [DEBUG] Hosts file is read-only. OK.
2026-08-22 21:40:13 [ERROR] Failed to enumerate processes: Command '['tasklist', '/FO', 'CSV', '/NH']' timed out after 10 seconds
2026-08-22 21:40:43 [DEBUG] --- Running enforcement checks ---
2026-08-22 21:40:43 [DEBUG] Hosts file block section is present. OK.
2026-08-22 21:40:43 [DEBUG] Hosts file is read-only. OK.
2026-08-22 21:40:48 [DEBUG] Browser process detected: msedge.exe -- hosts-level blocking is active.
2026-08-22 21:41:18 [DEBUG] --- Running enforcement checks ---
2026-08-22 21:41:18 [DEBUG] Hosts file block section is present. OK.
2026-08-22 21:41:18 [DEBUG] Hosts file is read-only. OK.
2026-08-22 21:41:19 [DEBUG] Browser process detected: msedge.exe -- hosts-level blocking is active.
2026-08-22 21:41:49 [DEBUG] --- Running enforcement checks ---
2026-08-22 21:41:49 [DEBUG] Hosts file block section is present. OK.
2026-08-22 21:41:49 [DEBUG] Hosts file is read-only. OK.
2026-08-22 21:41:50 [DEBUG] Browser process detected: msedge.exe -- hosts-level blocking is active.
2026-08-22 21:42:20 [DEBUG] --- Running enforcement checks ---
2026-08-22 21:42:20 [DEBUG] Hosts file block section is present. OK.
2026-08-22 21:42:20 [DEBUG] Hosts file is read-only. OK.
2026-08-22 21:42:20 [DEBUG] Browser process detected: msedge.exe -- hosts-level blocking is active.
2026-08-22 21:42:50 [DEBUG] --- Running enforcement checks ---
2026-08-22 21:42:50 [DEBUG] Hosts file block section is present. OK.
2026-08-22 21:42:50 [DEBUG] Hosts file is read-only. OK.
2026-08-22 21:42:51 [DEBUG] Browser process detected: msedge.exe -- hosts-level blocking is active.
2026-08-22 21:43:21 [DEBUG] --- Running enforcement checks ---
2026-08-22 21:43:21 [DEBUG] Hosts file block section is present. OK.
2026-08-22 21:43:21 [DEBUG] Hosts file is read-only. OK.
2026-08-22 21:43:21 [DEBUG] Browser process detected: msedge.exe -- hosts-level blocking is active.
2026-08-22 21:43:51 [DEBUG] --- Running enforcement checks ---
2026-08-22 21:43:51 [DEBUG] Hosts file block section is present. OK.
2026-08-22 21:43:51 [DEBUG] Hosts file is read-only. OK.
2026-08-22 21:43:52 [DEBUG] Browser process detected: msedge.exe -- hosts-level blocking is active.
2026-08-22 21:44:22 [DEBUG] --- Running enforcement checks ---
2026-08-22 21:44:22 [DEBUG] Hosts file block section is present. OK.
2026-08-22 21:44:22 [DEBUG] Hosts file is read-only. OK.
2026-08-22 21:44:22 [DEBUG] Browser process detected: msedge.exe -- hosts-level blocking is active.
2026-08-22 21:44:52 [DEBUG] --- Running enforcement checks ---
2026-08-22 21:44:52 [DEBUG] Hosts file block section is present. OK.
2026-08-22 21:44:52 [DEBUG] Hosts file is read-only. OK.
2026-08-22 21:44:52 [DEBUG] Browser process detected: msedge.exe -- hosts-level blocking is active.
2026-08-22 21:45:22 [DEBUG] --- Running enforcement checks ---
2026-08-22 21:45:22 [DEBUG] Hosts file block section is present. OK.
2026-08-22 21:45:22 [DEBUG] Hosts file is read-only. OK.
2026-08-22 21:45:23 [DEBUG] Browser process detected: msedge.exe -- hosts-level blocking is active.
2026-08-22 21:45:53 [DEBUG] --- Running enforcement checks ---
2026-08-22 21:45:53 [DEBUG] Hosts file block section is present. OK.
2026-08-22 21:45:53 [DEBUG] Hosts file is read-only. OK.
2026-08-22 21:45:53 [DEBUG] Browser process detected: msedge.exe -- hosts-level blocking is active.
2026-08-22 21:46:23 [DEBUG] --- Running enforcement checks ---
2026-08-22 21:46:23 [DEBUG] Hosts file block section is present. OK.
2026-08-22 21:46:23 [DEBUG] Hosts file is read-only. OK.
2026-08-22 21:46:24 [DEBUG] Browser process detected: msedge.exe -- hosts-level blocking is active.
2026-08-22 21:46:54 [DEBUG] --- Running enforcement checks ---
2026-08-22 21:46:54 [DEBUG] Hosts file block section is present. OK.
2026-08-22 21:46:54 [DEBUG] Hosts file is read-only. OK.
2026-08-22 21:46:54 [DEBUG] Browser process detected: msedge.exe -- hosts-level blocking is active.
2026-08-22 21:47:24 [DEBUG] --- Running enforcement checks ---
2026-08-22 21:47:24 [DEBUG] Hosts file block section is present. OK.
2026-08-22 21:47:24 [DEBUG] Hosts file is read-only. OK.
2026-08-22 21:47:25 [DEBUG] Browser process detected: msedge.exe -- hosts-level blocking is active.
2026-08-22 21:47:55 [DEBUG] --- Running enforcement checks ---
2026-08-22 21:47:55 [DEBUG] Hosts file block section is present. OK.
2026-08-22 21:47:55 [DEBUG] Hosts file is read-only. OK.
2026-08-22 21:47:55 [DEBUG] Browser process detected: msedge.exe -- hosts-level blocking is active.
2026-08-22 21:48:25 [DEBUG] --- Running enforcement checks ---
2026-08-22 21:48:25 [DEBUG] Hosts file block section is present. OK.
2026-08-22 21:48:25 [DEBUG] Hosts file is read-only. OK.
2026-08-22 21:48:26 [DEBUG] Browser process detected: msedge.exe -- hosts-level blocking is active.
2026-08-22 21:48:56 [DEBUG] --- Running enforcement checks ---
2026-08-22 21:48:56 [DEBUG] Hosts file block section is present. OK.
2026-08-22 21:48:56 [DEBUG] Hosts file is read-only. OK.
2026-08-22 21:48:56 [DEBUG] Browser process detected: msedge.exe -- hosts-level blocking is active.
2026-08-22 21:49:26 [DEBUG] --- Running enforcement checks ---
2026-08-22 21:49:26 [DEBUG] Hosts file block section is present. OK.
2026-08-22 21:49:26 [DEBUG] Hosts file is read-only. OK.
2026-08-22 21:49:27 [DEBUG] Browser process detected: msedge.exe -- hosts-level blocking is active.
2026-08-22 21:49:57 [DEBUG] --- Running enforcement checks ---
2026-08-22 21:49:57 [DEBUG] Hosts file block section is present. OK.
2026-08-22 21:49:57 [DEBUG] Hosts file is read-only. OK.
2026-08-22 21:49:57 [DEBUG] Browser process detected: msedge.exe -- hosts-level blocking is active.
2026-08-22 21:50:27 [DEBUG] --- Running enforcement checks ---
2026-08-22 21:50:27 [DEBUG] Hosts file block section is present. OK.
2026-08-22 21:50:27 [DEBUG] Hosts file is read-only. OK.
2026-08-22 21:50:28 [DEBUG] Browser process detected: msedge.exe -- hosts-level blocking is active.
2026-08-22 21:50:58 [DEBUG] --- Running enforcement checks ---
2026-08-22 21:50:58 [DEBUG] Hosts file block section is present. OK.
2026-08-22 21:50:58 [DEBUG] Hosts file is read-only. OK.
2026-08-22 21:50:58 [DEBUG] Browser process detected: msedge.exe -- hosts-level blocking is active.
2026-08-22 21:51:28 [DEBUG] --- Running enforcement checks ---
2026-08-22 21:51:28 [DEBUG] Hosts file block section is present. OK.
2026-08-22 21:51:28 [DEBUG] Hosts file is read-only. OK.
2026-08-22 21:51:29 [DEBUG] Browser process detected: msedge.exe -- hosts-level blocking is active.
2026-08-22 21:51:59 [DEBUG] --- Running enforcement checks ---
2026-08-22 21:51:59 [DEBUG] Hosts file block section is present. OK.
2026-08-22 21:51:59 [DEBUG] Hosts file is read-only. OK.
2026-08-22 21:51:59 [DEBUG] Browser process detected: msedge.exe -- hosts-level blocking is active.
2026-08-22 21:52:29 [DEBUG] --- Running enforcement checks ---
2026-08-22 21:52:29 [DEBUG] Hosts file block section is present. OK.
2026-08-22 21:52:29 [DEBUG] Hosts file is read-only. OK.
2026-08-22 21:52:30 [DEBUG] Browser process detected: msedge.exe -- hosts-level blocking is active.
2026-08-22 21:53:00 [DEBUG] --- Running enforcement checks ---
2026-08-22 21:53:00 [DEBUG] Hosts file block section is present. OK.
2026-08-22 21:53:00 [DEBUG] Hosts file is read-only. OK.
2026-08-22 21:53:00 [DEBUG] Browser process detected: msedge.exe -- hosts-level blocking is active.
2026-08-22 21:53:30 [DEBUG] --- Running enforcement checks ---
2026-08-22 21:53:30 [DEBUG] Hosts file block section is present. OK.
2026-08-22 21:53:30 [DEBUG] Hosts file is read-only. OK.
2026-08-22 21:53:31 [DEBUG] Browser process detected: msedge.exe -- hosts-level blocking is active.
2026-08-22 21:54:01 [DEBUG] --- Running enforcement checks ---
2026-08-22 21:54:01 [DEBUG] Hosts file block section is present. OK.
2026-08-22 21:54:01 [DEBUG] Hosts file is read-only. OK.
2026-08-22 21:54:01 [DEBUG] Browser process detected: msedge.exe -- hosts-level blocking is active.
2026-08-22 21:54:31 [DEBUG] --- Running enforcement checks ---
2026-08-22 21:54:31 [DEBUG] Hosts file block section is present. OK.
2026-08-22 21:54:31 [DEBUG] Hosts file is read-only. OK.
2026-08-22 21:54:32 [DEBUG] Browser process detected: msedge.exe -- hosts-level blocking is active.
2026-08-22 21:55:02 [DEBUG] --- Running enforcement checks ---
2026-08-22 21:55:02 [DEBUG] Hosts file block section is present. OK.
2026-08-22 21:55:02 [DEBUG] Hosts file is read-only. OK.
2026-08-22 21:55:02 [DEBUG] Browser process detected: msedge.exe -- hosts-level blocking is active.
2026-08-22 21:55:32 [DEBUG] --- Running enforcement checks ---
2026-08-22 21:55:32 [DEBUG] Hosts file block section is present. OK.
2026-08-22 21:55:32 [DEBUG] Hosts file is read-only. OK.
2026-08-22 21:55:33 [DEBUG] Browser process detected: msedge.exe -- hosts-level blocking is active.
2026-08-22 21:56:03 [DEBUG] --- Running enforcement checks ---
2026-08-22 21:56:03 [DEBUG] Hosts file block section is present. OK.
2026-08-22 21:56:03 [DEBUG] Hosts file is read-only. OK.
2026-08-22 21:56:03 [DEBUG] Browser process detected: msedge.exe -- hosts-level blocking is active.
2026-08-22 21:56:33 [DEBUG] --- Running enforcement checks ---
2026-08-22 21:56:33 [DEBUG] Hosts file block section is present. OK.
2026-08-22 21:56:33 [DEBUG] Hosts file is read-only. OK.
2026-08-22 21:56:34 [DEBUG] Browser process detected: msedge.exe -- hosts-level blocking is active.
2026-08-22 21:57:04 [DEBUG] --- Running enforcement checks ---
2026-08-22 21:57:04 [DEBUG] Hosts file block section is present. OK.
2026-08-22 21:57:04 [DEBUG] Hosts file is read-only. OK.
2026-08-22 21:57:05 [DEBUG] Browser process detected: msedge.exe -- hosts-level blocking is active.
2026-08-22 21:57:35 [DEBUG] --- Running enforcement checks ---
2026-08-22 21:57:35 [DEBUG] Hosts file block section is present. OK.
2026-08-22 21:57:35 [DEBUG] Hosts file is read-only. OK.
2026-08-22 21:57:35 [DEBUG] Browser process detected: msedge.exe -- hosts-level blocking is active.
2026-08-22 21:58:05 [DEBUG] --- Running enforcement checks ---
2026-08-22 21:58:05 [DEBUG] Hosts file block section is present. OK.
2026-08-22 21:58:05 [DEBUG] Hosts file is read-only. OK.
2026-08-22 21:58:06 [DEBUG] Browser process detected: msedge.exe -- hosts-level blocking is active.
2026-08-22 21:58:36 [DEBUG] --- Running enforcement checks ---
2026-08-22 21:58:36 [DEBUG] Hosts file block section is present. OK.
2026-08-22 21:58:36 [DEBUG] Hosts file is read-only. OK.
2026-08-22 21:58:36 [DEBUG] Browser process detected: msedge.exe -- hosts-level blocking is active.
2026-08-22 21:59:06 [DEBUG] --- Running enforcement checks ---
2026-08-22 21:59:06 [DEBUG] Hosts file block section is present. OK.
2026-08-22 21:59:06 [DEBUG] Hosts file is read-only. OK.
2026-08-22 21:59:07 [DEBUG] Browser process detected: msedge.exe -- hosts-level blocking is active.
2026-08-22 21:59:37 [DEBUG] --- Running enforcement checks ---
2026-08-22 21:59:37 [DEBUG] Hosts file block section is present. OK.
2026-08-22 21:59:37 [DEBUG] Hosts file is read-only. OK.
2026-08-22 21:59:38 [DEBUG] Browser process detected: msedge.exe -- hosts-level blocking is active.
2026-08-22 22:00:08 [DEBUG] --- Running enforcement checks ---
2026-08-22 22:00:08 [DEBUG] Hosts file block section is present. OK.
2026-08-22 22:00:08 [DEBUG] Hosts file is read-only. OK.
2026-08-22 22:00:08 [DEBUG] Browser process detected: msedge.exe -- hosts-level blocking is active.
2026-08-22 22:00:38 [DEBUG] --- Running enforcement checks ---
2026-08-22 22:00:38 [DEBUG] Hosts file block section is present. OK.
2026-08-22 22:00:38 [DEBUG] Hosts file is read-only. OK.
2026-08-22 22:00:39 [DEBUG] Browser process detected: msedge.exe -- hosts-level blocking is active.
2026-08-22 22:01:09 [DEBUG] --- Running enforcement checks ---
2026-08-22 22:01:09 [DEBUG] Hosts file block section is present. OK.
2026-08-22 22:01:09 [DEBUG] Hosts file is read-only. OK.
2026-08-22 22:01:09 [DEBUG] Browser process detected: msedge.exe -- hosts-level blocking is active.
2026-08-22 22:01:39 [DEBUG] --- Running enforcement checks ---
2026-08-22 22:01:39 [DEBUG] Hosts file block section is present. OK.
2026-08-22 22:01:39 [DEBUG] Hosts file is read-only. OK.
2026-08-22 22:01:40 [DEBUG] Browser process detected: msedge.exe -- hosts-level blocking is active.
2026-08-22 22:02:10 [DEBUG] --- Running enforcement checks ---
2026-08-22 22:02:10 [DEBUG] Hosts file block section is present. OK.
2026-08-22 22:02:10 [DEBUG] Hosts file is read-only. OK.
2026-08-22 22:02:10 [DEBUG] Browser process detected: msedge.exe -- hosts-level blocking is active.
2026-08-22 22:02:40 [DEBUG] --- Running enforcement checks ---
2026-08-22 22:02:40 [DEBUG] Hosts file block section is present. OK.
2026-08-22 22:02:40 [DEBUG] Hosts file is read-only. OK.
2026-08-22 22:02:41 [DEBUG] Browser process detected: msedge.exe -- hosts-level blocking is active.
2026-08-22 22:03:11 [DEBUG] --- Running enforcement checks ---
2026-08-22 22:03:11 [DEBUG] Hosts file block section is present. OK.
2026-08-22 22:03:11 [DEBUG] Hosts file is read-only. OK.
2026-08-22 22:03:12 [DEBUG] Browser process detected: msedge.exe -- hosts-level blocking is active.
2026-08-22 22:03:42 [DEBUG] --- Running enforcement checks ---
2026-08-22 22:03:42 [DEBUG] Hosts file block section is present. OK.
2026-08-22 22:03:42 [DEBUG] Hosts file is read-only. OK.
2026-08-22 22:03:42 [DEBUG] Browser process detected: msedge.exe -- hosts-level blocking is active.
2026-08-22 22:04:12 [DEBUG] --- Running enforcement checks ---
2026-08-22 22:04:12 [DEBUG] Hosts file block section is present. OK.
2026-08-22 22:04:12 [DEBUG] Hosts file is read-only. OK.
2026-08-22 22:04:13 [DEBUG] Browser process detected: msedge.exe -- hosts-level blocking is active.
2026-08-22 22:04:43 [DEBUG] --- Running enforcement checks ---
2026-08-22 22:04:43 [DEBUG] Hosts file block section is present. OK.
2026-08-22 22:04:43 [DEBUG] Hosts file is read-only. OK.
2026-08-22 22:04:43 [DEBUG] Browser process detected: msedge.exe -- hosts-level blocking is active.
2026-08-22 22:05:13 [DEBUG] --- Running enforcement checks ---
2026-08-22 22:05:13 [DEBUG] Hosts file block section is present. OK.
2026-08-22 22:05:13 [DEBUG] Hosts file is read-only. OK.
2026-08-22 22:05:14 [DEBUG] Browser process detected: msedge.exe -- hosts-level blocking is active.
2026-08-22 22:05:44 [DEBUG] --- Running enforcement checks ---
2026-08-22 22:05:44 [DEBUG] Hosts file block section is present. OK.
2026-08-22 22:05:44 [DEBUG] Hosts file is read-only. OK.
2026-08-22 22:05:45 [DEBUG] Browser process detected: msedge.exe -- hosts-level blocking is active.
2026-08-22 22:06:15 [DEBUG] --- Running enforcement checks ---
2026-08-22 22:06:15 [DEBUG] Hosts file block section is present. OK.
2026-08-22 22:06:15 [DEBUG] Hosts file is read-only. OK.
2026-08-22 22:06:15 [DEBUG] Browser process detected: msedge.exe -- hosts-level blocking is active.
2026-08-22 22:06:45 [DEBUG] --- Running enforcement checks ---
2026-08-22 22:06:45 [DEBUG] Hosts file block section is present. OK.
2026-08-22 22:06:45 [DEBUG] Hosts file is read-only. OK.
2026-08-22 22:06:46 [DEBUG] Browser process detected: msedge.exe -- hosts-level blocking is active.
2026-08-22 22:07:16 [DEBUG] --- Running enforcement checks ---
2026-08-22 22:07:16 [DEBUG] Hosts file block section is present. OK.
2026-08-22 22:07:16 [DEBUG] Hosts file is read-only. OK.
2026-08-22 22:07:16 [DEBUG] Browser process detected: msedge.exe -- hosts-level blocking is active.
2026-08-22 22:07:46 [DEBUG] --- Running enforcement checks ---
2026-08-22 22:07:46 [DEBUG] Hosts file block section is present. OK.
2026-08-22 22:07:46 [DEBUG] Hosts file is read-only. OK.
2026-08-22 22:07:47 [DEBUG] Browser process detected: msedge.exe -- hosts-level blocking is active.
2026-08-22 22:08:17 [DEBUG] --- Running enforcement checks ---
2026-08-22 22:08:17 [DEBUG] Hosts file block section is present. OK.
2026-08-22 22:08:17 [DEBUG] Hosts file is read-only. OK.
2026-08-22 22:08:17 [DEBUG] Browser process detected: msedge.exe -- hosts-level blocking is active.
2026-08-22 22:08:47 [DEBUG] --- Running enforcement checks ---
2026-08-22 22:08:47 [DEBUG] Hosts file block section is present. OK.
2026-08-22 22:08:47 [DEBUG] Hosts file is read-only. OK.
2026-08-22 22:08:47 [DEBUG] Browser process detected: msedge.exe -- hosts-level blocking is active.
2026-08-22 22:09:17 [DEBUG] --- Running enforcement checks ---
2026-08-22 22:09:17 [DEBUG] Hosts file block section is present. OK.
2026-08-22 22:09:17 [DEBUG] Hosts file is read-only. OK.
2026-08-22 22:09:18 [DEBUG] Browser process detected: msedge.exe -- hosts-level blocking is active.
2026-08-22 22:09:48 [DEBUG] --- Running enforcement checks ---
2026-08-22 22:09:48 [DEBUG] Hosts file block section is present. OK.
2026-08-22 22:09:48 [DEBUG] Hosts file is read-only. OK.
2026-08-22 22:09:48 [DEBUG] Browser process detected: msedge.exe -- hosts-level blocking is active.
2026-08-22 22:10:18 [DEBUG] --- Running enforcement checks ---
2026-08-22 22:10:18 [DEBUG] Hosts file block section is present. OK.
2026-08-22 22:10:18 [DEBUG] Hosts file is read-only. OK.
2026-08-22 22:10:19 [DEBUG] Browser process detected: msedge.exe -- hosts-level blocking is active.
2026-08-22 22:10:49 [DEBUG] --- Running enforcement checks ---
2026-08-22 22:10:49 [DEBUG] Hosts file block section is present. OK.
2026-08-22 22:10:49 [DEBUG] Hosts file is read-only. OK.
2026-08-22 22:10:49 [DEBUG] Browser process detected: msedge.exe -- hosts-level blocking is active.
2026-08-22 22:11:19 [DEBUG] --- Running enforcement checks ---
2026-08-22 22:11:19 [DEBUG] Hosts file block section is present. OK.
2026-08-22 22:11:19 [DEBUG] Hosts file is read-only. OK.
2026-08-22 22:11:20 [DEBUG] Browser process detected: msedge.exe -- hosts-level blocking is active.
2026-08-22 22:11:50 [DEBUG] --- Running enforcement checks ---
2026-08-22 22:11:50 [DEBUG] Hosts file block section is present. OK.
2026-08-22 22:11:50 [DEBUG] Hosts file is read-only. OK.
2026-08-22 22:11:50 [DEBUG] Browser process detected: msedge.exe -- hosts-level blocking is active.
2026-08-22 22:12:20 [DEBUG] --- Running enforcement checks ---
2026-08-22 22:12:20 [DEBUG] Hosts file block section is present. OK.
2026-08-22 22:12:20 [DEBUG] Hosts file is read-only. OK.
2026-08-22 22:12:20 [DEBUG] Browser process detected: msedge.exe -- hosts-level blocking is active.
2026-08-22 22:12:50 [DEBUG] --- Running enforcement checks ---
2026-08-22 22:12:50 [DEBUG] Hosts file block section is present. OK.
2026-08-22 22:12:50 [DEBUG] Hosts file is read-only. OK.
2026-08-22 22:12:51 [DEBUG] Browser process detected: msedge.exe -- hosts-level blocking is active.
2026-08-22 22:13:21 [DEBUG] --- Running enforcement checks ---
2026-08-22 22:13:21 [DEBUG] Hosts file block section is present. OK.
2026-08-22 22:13:21 [DEBUG] Hosts file is read-only. OK.
2026-08-22 22:13:21 [DEBUG] Browser process detected: msedge.exe -- hosts-level blocking is active.
2026-08-22 22:13:51 [DEBUG] --- Running enforcement checks ---
2026-08-22 22:13:51 [DEBUG] Hosts file block section is present. OK.
2026-08-22 22:13:51 [DEBUG] Hosts file is read-only. OK.
2026-08-22 22:13:52 [DEBUG] Browser process detected: msedge.exe -- hosts-level blocking is active.
2026-08-22 22:14:22 [DEBUG] --- Running enforcement checks ---
2026-08-22 22:14:22 [DEBUG] Hosts file block section is present. OK.
2026-08-22 22:14:22 [DEBUG] Hosts file is read-only. OK.
2026-08-22 22:14:22 [DEBUG] Browser process detected: msedge.exe -- hosts-level blocking is active.
2026-08-22 22:14:52 [DEBUG] --- Running enforcement checks ---
2026-08-22 22:14:52 [DEBUG] Hosts file block section is present. OK.
2026-08-22 22:14:52 [DEBUG] Hosts file is read-only. OK.
2026-08-22 22:14:52 [DEBUG] Browser process detected: msedge.exe -- hosts-level blocking is active.
2026-08-22 22:15:22 [DEBUG] --- Running enforcement checks ---
2026-08-22 22:15:22 [DEBUG] Hosts file block section is present. OK.
2026-08-22 22:15:22 [DEBUG] Hosts file is read-only. OK.
2026-08-22 22:15:23 [DEBUG] Browser process detected: msedge.exe -- hosts-level blocking is active.
2026-08-22 22:15:53 [DEBUG] --- Running enforcement checks ---
2026-08-22 22:15:53 [DEBUG] Hosts file block section is present. OK.
2026-08-22 22:15:53 [DEBUG] Hosts file is read-only. OK.
2026-08-22 22:15:53 [DEBUG] Browser process detected: msedge.exe -- hosts-level blocking is active.
2026-08-22 22:16:23 [DEBUG] --- Running enforcement checks ---
2026-08-22 22:16:23 [DEBUG] Hosts file block section is present. OK.
2026-08-22 22:16:23 [DEBUG] Hosts file is read-only. OK.
2026-08-22 22:16:24 [DEBUG] Browser process detected: msedge.exe -- hosts-level blocking is active.
2026-08-22 22:16:54 [DEBUG] --- Running enforcement checks ---
2026-08-22 22:16:54 [DEBUG] Hosts file block section is present. OK.
2026-08-22 22:16:54 [DEBUG] Hosts file is read-only. OK.
2026-08-22 22:16:54 [DEBUG] Browser process detected: msedge.exe -- hosts-level blocking is active.
2026-08-22 22:17:24 [DEBUG] --- Running enforcement checks ---
2026-08-22 22:17:24 [DEBUG] Hosts file block section is present. OK.
2026-08-22 22:17:24 [DEBUG] Hosts file is read-only. OK.
2026-08-22 22:17:24 [DEBUG] Browser process detected: msedge.exe -- hosts-level blocking is active.
2026-08-22 22:17:54 [DEBUG] --- Running enforcement checks ---
2026-08-22 22:17:54 [DEBUG] Hosts file block section is present. OK.
2026-08-22 22:17:54 [DEBUG] Hosts file is read-only. OK.
2026-08-22 22:17:55 [DEBUG] Browser process detected: msedge.exe -- hosts-level blocking is active.
2026-08-22 22:18:25 [DEBUG] --- Running enforcement checks ---
2026-08-22 22:18:25 [DEBUG] Hosts file block section is present. OK.
2026-08-22 22:18:25 [DEBUG] Hosts file is read-only. OK.
2026-08-22 22:18:25 [DEBUG] Browser process detected: msedge.exe -- hosts-level blocking is active.
2026-08-22 22:18:55 [DEBUG] --- Running enforcement checks ---
2026-08-22 22:18:55 [DEBUG] Hosts file block section is present. OK.
2026-08-22 22:18:55 [DEBUG] Hosts file is read-only. OK.
2026-08-22 22:18:56 [DEBUG] Browser process detected: msedge.exe -- hosts-level blocking is active.
2026-08-22 22:19:26 [DEBUG] --- Running enforcement checks ---
2026-08-22 22:19:26 [DEBUG] Hosts file block section is present. OK.
2026-08-22 22:19:26 [DEBUG] Hosts file is read-only. OK.
2026-08-22 22:19:26 [DEBUG] Browser process detected: msedge.exe -- hosts-level blocking is active.
2026-08-22 22:19:56 [DEBUG] --- Running enforcement checks ---
2026-08-22 22:19:56 [DEBUG] Hosts file block section is present. OK.
2026-08-22 22:19:56 [DEBUG] Hosts file is read-only. OK.
2026-08-22 22:19:56 [DEBUG] Browser process detected: msedge.exe -- hosts-level blocking is active.
2026-08-22 22:20:27 [DEBUG] --- Running enforcement checks ---
2026-08-22 22:20:27 [DEBUG] Hosts file block section is present. OK.
2026-08-22 22:20:27 [DEBUG] Hosts file is read-only. OK.
2026-08-22 22:20:27 [DEBUG] Browser process detected: msedge.exe -- hosts-level blocking is active.
2026-08-22 22:20:57 [DEBUG] --- Running enforcement checks ---
2026-08-22 22:20:57 [DEBUG] Hosts file block section is present. OK.
2026-08-22 22:20:57 [DEBUG] Hosts file is read-only. OK.
2026-08-22 22:20:57 [DEBUG] Browser process detected: msedge.exe -- hosts-level blocking is active.
2026-08-22 22:21:27 [DEBUG] --- Running enforcement checks ---
2026-08-22 22:21:27 [DEBUG] Hosts file block section is present. OK.
2026-08-22 22:21:27 [DEBUG] Hosts file is read-only. OK.
2026-08-22 22:21:28 [DEBUG] Browser process detected: msedge.exe -- hosts-level blocking is active.
2026-08-22 22:21:58 [DEBUG] --- Running enforcement checks ---
2026-08-22 22:21:58 [DEBUG] Hosts file block section is present. OK.
2026-08-22 22:21:58 [DEBUG] Hosts file is read-only. OK.
2026-08-22 22:21:58 [DEBUG] Browser process detected: msedge.exe -- hosts-level blocking is active.
2026-08-22 22:22:28 [DEBUG] --- Running enforcement checks ---
2026-08-22 22:22:28 [DEBUG] Hosts file block section is present. OK.
2026-08-22 22:22:28 [DEBUG] Hosts file is read-only. OK.
2026-08-22 22:22:28 [DEBUG] Browser process detected: msedge.exe -- hosts-level blocking is active.
2026-08-22 22:22:58 [DEBUG] --- Running enforcement checks ---
2026-08-22 22:22:58 [DEBUG] Hosts file block section is present. OK.
2026-08-22 22:22:58 [DEBUG] Hosts file is read-only. OK.
2026-08-22 22:22:59 [DEBUG] Browser process detected: msedge.exe -- hosts-level blocking is active.
2026-08-22 22:23:29 [DEBUG] --- Running enforcement checks ---
2026-08-22 22:23:29 [DEBUG] Hosts file block section is present. OK.
2026-08-22 22:23:29 [DEBUG] Hosts file is read-only. OK.
2026-08-22 22:23:29 [DEBUG] Browser process detected: msedge.exe -- hosts-level blocking is active.
2026-08-22 22:23:59 [DEBUG] --- Running enforcement checks ---
2026-08-22 22:23:59 [DEBUG] Hosts file block section is present. OK.
2026-08-22 22:23:59 [DEBUG] Hosts file is read-only. OK.
2026-08-22 22:23:59 [DEBUG] Browser process detected: msedge.exe -- hosts-level blocking is active.
2026-08-22 22:24:29 [DEBUG] --- Running enforcement checks ---
2026-08-22 22:24:29 [DEBUG] Hosts file block section is present. OK.
2026-08-22 22:24:29 [DEBUG] Hosts file is read-only. OK.
2026-08-22 22:24:30 [DEBUG] Browser process detected: msedge.exe -- hosts-level blocking is active.
2026-08-22 22:25:00 [DEBUG] --- Running enforcement checks ---
2026-08-22 22:25:00 [DEBUG] Hosts file block section is present. OK.
2026-08-22 22:25:00 [DEBUG] Hosts file is read-only. OK.
2026-08-22 22:25:00 [DEBUG] Browser process detected: msedge.exe -- hosts-level blocking is active.
2026-08-22 22:25:30 [DEBUG] --- Running enforcement checks ---
2026-08-22 22:25:30 [DEBUG] Hosts file block section is present. OK.
2026-08-22 22:25:30 [DEBUG] Hosts file is read-only. OK.
2026-08-22 22:25:30 [DEBUG] Browser process detected: msedge.exe -- hosts-level blocking is active.
2026-08-22 22:26:00 [DEBUG] --- Running enforcement checks ---
2026-08-22 22:26:00 [DEBUG] Hosts file block section is present. OK.
2026-08-22 22:26:00 [DEBUG] Hosts file is read-only. OK.
2026-08-22 22:26:01 [DEBUG] Browser process detected: msedge.exe -- hosts-level blocking is active.
2026-08-22 22:26:31 [DEBUG] --- Running enforcement checks ---
2026-08-22 22:26:31 [DEBUG] Hosts file block section is present. OK.
2026-08-22 22:26:31 [DEBUG] Hosts file is read-only. OK.
2026-08-22 22:26:31 [DEBUG] Browser process detected: msedge.exe -- hosts-level blocking is active.
2026-08-22 22:27:01 [DEBUG] --- Running enforcement checks ---
2026-08-22 22:27:01 [DEBUG] Hosts file block section is present. OK.
2026-08-22 22:27:01 [DEBUG] Hosts file is read-only. OK.
2026-08-22 22:27:01 [DEBUG] Browser process detected: msedge.exe -- hosts-level blocking is active.
2026-08-22 22:27:32 [DEBUG] --- Running enforcement checks ---
2026-08-22 22:27:32 [DEBUG] Hosts file block section is present. OK.
2026-08-22 22:27:32 [DEBUG] Hosts file is read-only. OK.
2026-08-22 22:27:32 [DEBUG] Browser process detected: msedge.exe -- hosts-level blocking is active.
2026-08-22 22:28:02 [DEBUG] --- Running enforcement checks ---
2026-08-22 22:28:02 [DEBUG] Hosts file block section is present. OK.
2026-08-22 22:28:02 [DEBUG] Hosts file is read-only. OK.
2026-08-22 22:28:02 [DEBUG] Browser process detected: msedge.exe -- hosts-level blocking is active.
2026-08-22 22:28:32 [DEBUG] --- Running enforcement checks ---
2026-08-22 22:28:32 [DEBUG] Hosts file block section is present. OK.
2026-08-22 22:28:32 [DEBUG] Hosts file is read-only. OK.
2026-08-22 22:28:33 [DEBUG] Browser process detected: msedge.exe -- hosts-level blocking is active.
2026-08-22 22:29:03 [DEBUG] --- Running enforcement checks ---
2026-08-22 22:29:03 [DEBUG] Hosts file block section is present. OK.
2026-08-22 22:29:03 [DEBUG] Hosts file is read-only. OK.
2026-08-22 22:29:03 [DEBUG] Browser process detected: msedge.exe -- hosts-level blocking is active.
2026-08-22 22:29:33 [DEBUG] --- Running enforcement checks ---
2026-08-22 22:29:33 [DEBUG] Hosts file block section is present. OK.
2026-08-22 22:29:33 [DEBUG] Hosts file is read-only. OK.
2026-08-22 22:29:33 [DEBUG] Browser process detected: msedge.exe -- hosts-level blocking is active.
2026-08-22 22:30:03 [DEBUG] --- Running enforcement checks ---
2026-08-22 22:30:03 [DEBUG] Hosts file block section is present. OK.
2026-08-22 22:30:03 [DEBUG] Hosts file is read-only. OK.
2026-08-22 22:30:04 [DEBUG] Browser process detected: msedge.exe -- hosts-level blocking is active.
2026-08-22 22:30:34 [DEBUG] --- Running enforcement checks ---
2026-08-22 22:30:34 [DEBUG] Hosts file block section is present. OK.
2026-08-22 22:30:34 [DEBUG] Hosts file is read-only. OK.
2026-08-22 22:30:34 [DEBUG] Browser process detected: msedge.exe -- hosts-level blocking is active.
2026-08-22 22:31:04 [DEBUG] --- Running enforcement checks ---
2026-08-22 22:31:04 [DEBUG] Hosts file block section is present. OK.
2026-08-22 22:31:04 [DEBUG] Hosts file is read-only. OK.
2026-08-22 22:31:04 [DEBUG] Browser process detected: msedge.exe -- hosts-level blocking is active.
2026-08-22 22:31:34 [DEBUG] --- Running enforcement checks ---
2026-08-22 22:31:34 [DEBUG] Hosts file block section is present. OK.
2026-08-22 22:31:34 [DEBUG] Hosts file is read-only. OK.
2026-08-22 22:31:35 [DEBUG] Browser process detected: msedge.exe -- hosts-level blocking is active.
2026-08-22 22:32:05 [DEBUG] --- Running enforcement checks ---
2026-08-22 22:32:05 [DEBUG] Hosts file block section is present. OK.
2026-08-22 22:32:05 [DEBUG] Hosts file is read-only. OK.
2026-08-22 22:32:05 [DEBUG] Browser process detected: msedge.exe -- hosts-level blocking is active.
2026-08-22 22:32:35 [DEBUG] --- Running enforcement checks ---
2026-08-22 22:32:35 [DEBUG] Hosts file block section is present. OK.
2026-08-22 22:32:35 [DEBUG] Hosts file is read-only. OK.
2026-08-22 22:32:36 [DEBUG] Browser process detected: msedge.exe -- hosts-level blocking is active.
2026-08-22 22:33:06 [DEBUG] --- Running enforcement checks ---
2026-08-22 22:33:06 [DEBUG] Hosts file block section is present. OK.
2026-08-22 22:33:06 [DEBUG] Hosts file is read-only. OK.
2026-08-22 22:33:06 [DEBUG] Browser process detected: msedge.exe -- hosts-level blocking is active.
2026-08-22 22:33:36 [DEBUG] --- Running enforcement checks ---
2026-08-22 22:33:36 [DEBUG] Hosts file block section is present. OK.
2026-08-22 22:33:36 [DEBUG] Hosts file is read-only. OK.
2026-08-22 22:33:36 [DEBUG] Browser process detected: msedge.exe -- hosts-level blocking is active.
2026-08-22 22:34:06 [DEBUG] --- Running enforcement checks ---
2026-08-22 22:34:06 [DEBUG] Hosts file block section is present. OK.
2026-08-22 22:34:06 [DEBUG] Hosts file is read-only. OK.
2026-08-22 22:34:07 [DEBUG] Browser process detected: msedge.exe -- hosts-level blocking is active.
2026-08-22 22:34:37 [DEBUG] --- Running enforcement checks ---
2026-08-22 22:34:37 [DEBUG] Hosts file block section is present. OK.
2026-08-22 22:34:37 [DEBUG] Hosts file is read-only. OK.
2026-08-22 22:34:37 [DEBUG] Browser process detected: msedge.exe -- hosts-level blocking is active.
2026-08-22 22:35:07 [DEBUG] --- Running enforcement checks ---
2026-08-22 22:35:07 [DEBUG] Hosts file block section is present. OK.
2026-08-22 22:35:07 [DEBUG] Hosts file is read-only. OK.
2026-08-22 22:35:07 [DEBUG] Browser process detected: msedge.exe -- hosts-level blocking is active.
2026-08-22 22:35:37 [DEBUG] --- Running enforcement checks ---
2026-08-22 22:35:37 [DEBUG] Hosts file block section is present. OK.
2026-08-22 22:35:37 [DEBUG] Hosts file is read-only. OK.
2026-08-22 22:35:38 [DEBUG] Browser process detected: msedge.exe -- hosts-level blocking is active.
2026-08-22 22:36:08 [DEBUG] --- Running enforcement checks ---
2026-08-22 22:36:08 [DEBUG] Hosts file block section is present. OK.
2026-08-22 22:36:08 [DEBUG] Hosts file is read-only. OK.
2026-08-22 22:36:08 [DEBUG] Browser process detected: msedge.exe -- hosts-level blocking is active.
2026-08-22 22:36:38 [DEBUG] --- Running enforcement checks ---
2026-08-22 22:36:38 [DEBUG] Hosts file block section is present. OK.
2026-08-22 22:36:38 [DEBUG] Hosts file is read-only. OK.
2026-08-22 22:36:38 [DEBUG] Browser process detected: msedge.exe -- hosts-level blocking is active.
2026-08-22 22:37:08 [DEBUG] --- Running enforcement checks ---
2026-08-22 22:37:08 [DEBUG] Hosts file block section is present. OK.
2026-08-22 22:37:08 [DEBUG] Hosts file is read-only. OK.
2026-08-22 22:37:09 [DEBUG] Browser process detected: msedge.exe -- hosts-level blocking is active.
2026-08-22 22:37:39 [DEBUG] --- Running enforcement checks ---
2026-08-22 22:37:39 [DEBUG] Hosts file block section is present. OK.
2026-08-22 22:37:39 [DEBUG] Hosts file is read-only. OK.
2026-08-22 22:37:39 [DEBUG] Browser process detected: msedge.exe -- hosts-level blocking is active.
2026-08-22 22:38:09 [DEBUG] --- Running enforcement checks ---
2026-08-22 22:38:09 [DEBUG] Hosts file block section is present. OK.
2026-08-22 22:38:09 [DEBUG] Hosts file is read-only. OK.
2026-08-22 22:38:10 [DEBUG] Browser process detected: msedge.exe -- hosts-level blocking is active.
2026-08-22 22:38:40 [DEBUG] --- Running enforcement checks ---
2026-08-22 22:38:40 [DEBUG] Hosts file block section is present. OK.
2026-08-22 22:38:40 [DEBUG] Hosts file is read-only. OK.
2026-08-22 22:38:40 [DEBUG] Browser process detected: msedge.exe -- hosts-level blocking is active.
2026-08-22 22:39:10 [DEBUG] --- Running enforcement checks ---
2026-08-22 22:39:10 [DEBUG] Hosts file block section is present. OK.
2026-08-22 22:39:10 [DEBUG] Hosts file is read-only. OK.
2026-08-22 22:39:10 [DEBUG] Browser process detected: msedge.exe -- hosts-level blocking is active.
2026-08-22 22:39:40 [DEBUG] --- Running enforcement checks ---
2026-08-22 22:39:40 [DEBUG] Hosts file block section is present. OK.
2026-08-22 22:39:40 [DEBUG] Hosts file is read-only. OK.
2026-08-22 22:39:41 [DEBUG] Browser process detected: msedge.exe -- hosts-level blocking is active.
2026-08-22 22:40:11 [DEBUG] --- Running enforcement checks ---
2026-08-22 22:40:11 [DEBUG] Hosts file block section is present. OK.
2026-08-22 22:40:11 [DEBUG] Hosts file is read-only. OK.
2026-08-22 22:40:11 [DEBUG] Browser process detected: msedge.exe -- hosts-level blocking is active.
2026-08-22 22:40:41 [DEBUG] --- Running enforcement checks ---
2026-08-22 22:40:41 [DEBUG] Hosts file block section is present. OK.
2026-08-22 22:40:41 [DEBUG] Hosts file is read-only. OK.
2026-08-22 22:40:41 [DEBUG] Browser process detected: msedge.exe -- hosts-level blocking is active.
2026-08-22 22:41:11 [DEBUG] --- Running enforcement checks ---
2026-08-22 22:41:11 [DEBUG] Hosts file block section is present. OK.
2026-08-22 22:41:11 [DEBUG] Hosts file is read-only. OK.
2026-08-22 22:41:12 [DEBUG] Browser process detected: msedge.exe -- hosts-level blocking is active.
2026-08-22 22:41:42 [DEBUG] --- Running enforcement checks ---
2026-08-22 22:41:42 [DEBUG] Hosts file block section is present. OK.
2026-08-22 22:41:42 [DEBUG] Hosts file is read-only. OK.
2026-08-22 22:41:42 [DEBUG] Browser process detected: msedge.exe -- hosts-level blocking is active.
2026-08-22 22:42:12 [DEBUG] --- Running enforcement checks ---
2026-08-22 22:42:12 [DEBUG] Hosts file block section is present. OK.
2026-08-22 22:42:12 [DEBUG] Hosts file is read-only. OK.
2026-08-22 22:42:12 [DEBUG] Browser process detected: msedge.exe -- hosts-level blocking is active.
2026-08-22 22:42:42 [DEBUG] --- Running enforcement checks ---
2026-08-22 22:42:42 [DEBUG] Hosts file block section is present. OK.
2026-08-22 22:42:42 [DEBUG] Hosts file is read-only. OK.
2026-08-22 22:42:43 [DEBUG] Browser process detected: msedge.exe -- hosts-level blocking is active.
2026-08-22 22:43:13 [DEBUG] --- Running enforcement checks ---
2026-08-22 22:43:13 [DEBUG] Hosts file block section is present. OK.
2026-08-22 22:43:13 [DEBUG] Hosts file is read-only. OK.
2026-08-22 22:43:13 [DEBUG] Browser process detected: msedge.exe -- hosts-level blocking is active.
2026-08-22 22:43:43 [DEBUG] --- Running enforcement checks ---
2026-08-22 22:43:43 [DEBUG] Hosts file block section is present. OK.
2026-08-22 22:43:43 [DEBUG] Hosts file is read-only. OK.
2026-08-22 22:43:44 [DEBUG] Browser process detected: msedge.exe -- hosts-level blocking is active.
2026-08-22 22:44:14 [DEBUG] --- Running enforcement checks ---
2026-08-22 22:44:14 [DEBUG] Hosts file block section is present. OK.
2026-08-22 22:44:14 [DEBUG] Hosts file is read-only. OK.
2026-08-22 22:44:14 [DEBUG] Browser process detected: msedge.exe -- hosts-level blocking is active.
2026-08-22 22:44:44 [DEBUG] --- Running enforcement checks ---
2026-08-22 22:44:44 [DEBUG] Hosts file block section is present. OK.
2026-08-22 22:44:44 [DEBUG] Hosts file is read-only. OK.
2026-08-22 22:44:44 [DEBUG] Browser process detected: msedge.exe -- hosts-level blocking is active.
2026-08-22 22:45:14 [DEBUG] --- Running enforcement checks ---
2026-08-22 22:45:14 [DEBUG] Hosts file block section is present. OK.
2026-08-22 22:45:14 [DEBUG] Hosts file is read-only. OK.
2026-08-22 22:45:15 [DEBUG] Browser process detected: msedge.exe -- hosts-level blocking is active.
2026-08-22 22:45:45 [DEBUG] --- Running enforcement checks ---
2026-08-22 22:45:45 [DEBUG] Hosts file block section is present. OK.
2026-08-22 22:45:45 [DEBUG] Hosts file is read-only. OK.
2026-08-22 22:45:45 [DEBUG] Browser process detected: msedge.exe -- hosts-level blocking is active.
2026-08-22 22:46:15 [DEBUG] --- Running enforcement checks ---
2026-08-22 22:46:15 [DEBUG] Hosts file block section is present. OK.
2026-08-22 22:46:15 [DEBUG] Hosts file is read-only. OK.
2026-08-22 22:46:16 [DEBUG] Browser process detected: msedge.exe -- hosts-level blocking is active.
2026-08-22 22:46:46 [DEBUG] --- Running enforcement checks ---
2026-08-22 22:46:46 [DEBUG] Hosts file block section is present. OK.
2026-08-22 22:46:46 [DEBUG] Hosts file is read-only. OK.
2026-08-22 22:46:46 [DEBUG] Browser process detected: msedge.exe -- hosts-level blocking is active.
2026-08-22 22:47:16 [DEBUG] --- Running enforcement checks ---
2026-08-22 22:47:16 [DEBUG] Hosts file block section is present. OK.
2026-08-22 22:47:16 [DEBUG] Hosts file is read-only. OK.
2026-08-22 22:47:16 [DEBUG] Browser process detected: msedge.exe -- hosts-level blocking is active.
2026-08-22 22:47:46 [DEBUG] --- Running enforcement checks ---
2026-08-22 22:47:46 [DEBUG] Hosts file block section is present. OK.
2026-08-22 22:47:46 [DEBUG] Hosts file is read-only. OK.
2026-08-22 22:47:47 [DEBUG] Browser process detected: msedge.exe -- hosts-level blocking is active.
2026-08-22 22:48:17 [DEBUG] --- Running enforcement checks ---
2026-08-22 22:48:17 [DEBUG] Hosts file block section is present. OK.
2026-08-22 22:48:17 [DEBUG] Hosts file is read-only. OK.
2026-08-22 22:48:17 [DEBUG] Browser process detected: msedge.exe -- hosts-level blocking is active.
2026-08-22 22:48:47 [DEBUG] --- Running enforcement checks ---
2026-08-22 22:48:47 [DEBUG] Hosts file block section is present. OK.
2026-08-22 22:48:47 [DEBUG] Hosts file is read-only. OK.
2026-08-22 22:48:47 [DEBUG] Browser process detected: msedge.exe -- hosts-level blocking is active.
2026-08-22 22:49:17 [DEBUG] --- Running enforcement checks ---
2026-08-22 22:49:17 [DEBUG] Hosts file block section is present. OK.
2026-08-22 22:49:17 [DEBUG] Hosts file is read-only. OK.
2026-08-22 22:49:18 [DEBUG] Browser process detected: msedge.exe -- hosts-level blocking is active.
2026-08-22 22:49:48 [DEBUG] --- Running enforcement checks ---
2026-08-22 22:49:48 [DEBUG] Hosts file block section is present. OK.
2026-08-22 22:49:48 [DEBUG] Hosts file is read-only. OK.
2026-08-22 22:49:48 [DEBUG] Browser process detected: msedge.exe -- hosts-level blocking is active.
2026-08-22 22:50:18 [DEBUG] --- Running enforcement checks ---
2026-08-22 22:50:18 [DEBUG] Hosts file block section is present. OK.
2026-08-22 22:50:18 [DEBUG] Hosts file is read-only. OK.
2026-08-22 22:50:18 [DEBUG] Browser process detected: msedge.exe -- hosts-level blocking is active.
2026-08-22 22:50:48 [DEBUG] --- Running enforcement checks ---
2026-08-22 22:50:48 [DEBUG] Hosts file block section is present. OK.
2026-08-22 22:50:48 [DEBUG] Hosts file is read-only. OK.
2026-08-22 22:50:49 [DEBUG] Browser process detected: msedge.exe -- hosts-level blocking is active.
2026-08-22 22:51:19 [DEBUG] --- Running enforcement checks ---
2026-08-22 22:51:19 [DEBUG] Hosts file block section is present. OK.
2026-08-22 22:51:19 [DEBUG] Hosts file is read-only. OK.
2026-08-22 22:51:19 [DEBUG] Browser process detected: msedge.exe -- hosts-level blocking is active.
2026-08-22 22:51:49 [DEBUG] --- Running enforcement checks ---
2026-08-22 22:51:49 [DEBUG] Hosts file block section is present. OK.
2026-08-22 22:51:49 [DEBUG] Hosts file is read-only. OK.
2026-08-22 22:51:49 [DEBUG] Browser process detected: msedge.exe -- hosts-level blocking is active.
2026-08-22 22:52:19 [DEBUG] --- Running enforcement checks ---
2026-08-22 22:52:19 [DEBUG] Hosts file block section is present. OK.
2026-08-22 22:52:19 [DEBUG] Hosts file is read-only. OK.
2026-08-22 22:52:20 [DEBUG] Browser process detected: msedge.exe -- hosts-level blocking is active.
2026-08-22 22:52:50 [DEBUG] --- Running enforcement checks ---
2026-08-22 22:52:50 [DEBUG] Hosts file block section is present. OK.
2026-08-22 22:52:50 [DEBUG] Hosts file is read-only. OK.
2026-08-22 22:52:50 [DEBUG] Browser process detected: msedge.exe -- hosts-level blocking is active.
2026-08-22 22:53:20 [DEBUG] --- Running enforcement checks ---
2026-08-22 22:53:20 [DEBUG] Hosts file block section is present. OK.
2026-08-22 22:53:20 [DEBUG] Hosts file is read-only. OK.
2026-08-22 22:53:21 [DEBUG] Browser process detected: msedge.exe -- hosts-level blocking is active.
2026-08-22 22:53:51 [DEBUG] --- Running enforcement checks ---
2026-08-22 22:53:51 [DEBUG] Hosts file block section is present. OK.
2026-08-22 22:53:51 [DEBUG] Hosts file is read-only. OK.
2026-08-22 22:53:51 [DEBUG] Browser process detected: msedge.exe -- hosts-level blocking is active.
2026-08-22 22:54:21 [DEBUG] --- Running enforcement checks ---
2026-08-22 22:54:21 [DEBUG] Hosts file block section is present. OK.
2026-08-22 22:54:21 [DEBUG] Hosts file is read-only. OK.
2026-08-22 22:54:21 [DEBUG] Browser process detected: msedge.exe -- hosts-level blocking is active.
2026-08-22 22:54:51 [DEBUG] --- Running enforcement checks ---
2026-08-22 22:54:51 [DEBUG] Hosts file block section is present. OK.
2026-08-22 22:54:51 [DEBUG] Hosts file is read-only. OK.
2026-08-22 22:54:52 [DEBUG] Browser process detected: msedge.exe -- hosts-level blocking is active.
2026-08-22 22:55:22 [DEBUG] --- Running enforcement checks ---
2026-08-22 22:55:22 [DEBUG] Hosts file block section is present. OK.
2026-08-22 22:55:22 [DEBUG] Hosts file is read-only. OK.
2026-08-22 22:55:22 [DEBUG] Browser process detected: msedge.exe -- hosts-level blocking is active.
2026-08-22 22:55:52 [DEBUG] --- Running enforcement checks ---
2026-08-22 22:55:52 [DEBUG] Hosts file block section is present. OK.
2026-08-22 22:55:52 [DEBUG] Hosts file is read-only. OK.
2026-08-22 22:55:52 [DEBUG] Browser process detected: msedge.exe -- hosts-level blocking is active.
2026-08-22 22:56:22 [DEBUG] --- Running enforcement checks ---
2026-08-22 22:56:22 [DEBUG] Hosts file block section is present. OK.
2026-08-22 22:56:22 [DEBUG] Hosts file is read-only. OK.
2026-08-22 22:56:23 [DEBUG] Browser process detected: msedge.exe -- hosts-level blocking is active.
2026-08-22 22:56:53 [DEBUG] --- Running enforcement checks ---
2026-08-22 22:56:53 [DEBUG] Hosts file block section is present. OK.
2026-08-22 22:56:53 [DEBUG] Hosts file is read-only. OK.
2026-08-22 22:56:53 [DEBUG] Browser process detected: msedge.exe -- hosts-level blocking is active.
2026-08-22 22:57:23 [DEBUG] --- Running enforcement checks ---
2026-08-22 22:57:23 [DEBUG] Hosts file block section is present. OK.
2026-08-22 22:57:23 [DEBUG] Hosts file is read-only. OK.
2026-08-22 22:57:23 [DEBUG] Browser process detected: msedge.exe -- hosts-level blocking is active.
2026-08-22 22:57:53 [DEBUG] --- Running enforcement checks ---
2026-08-22 22:57:53 [DEBUG] Hosts file block section is present. OK.
2026-08-22 22:57:53 [DEBUG] Hosts file is read-only. OK.
2026-08-22 22:57:54 [DEBUG] Browser process detected: msedge.exe -- hosts-level blocking is active.
2026-08-22 22:58:24 [DEBUG] --- Running enforcement checks ---
2026-08-22 22:58:24 [DEBUG] Hosts file block section is present. OK.
2026-08-22 22:58:24 [DEBUG] Hosts file is read-only. OK.
2026-08-22 22:58:24 [DEBUG] Browser process detected: msedge.exe -- hosts-level blocking is active.
2026-08-22 22:58:54 [DEBUG] --- Running enforcement checks ---
2026-08-22 22:58:54 [DEBUG] Hosts file block section is present. OK.
2026-08-22 22:58:54 [DEBUG] Hosts file is read-only. OK.
2026-08-22 22:58:55 [DEBUG] Browser process detected: msedge.exe -- hosts-level blocking is active.
2026-08-22 22:59:25 [DEBUG] --- Running enforcement checks ---
2026-08-22 22:59:25 [DEBUG] Hosts file block section is present. OK.
2026-08-22 22:59:25 [DEBUG] Hosts file is read-only. OK.
2026-08-22 22:59:25 [DEBUG] Browser process detected: msedge.exe -- hosts-level blocking is active.
2026-08-22 22:59:55 [DEBUG] --- Running enforcement checks ---
2026-08-22 22:59:55 [DEBUG] Hosts file block section is present. OK.
2026-08-22 22:59:55 [DEBUG] Hosts file is read-only. OK.
2026-08-22 22:59:55 [DEBUG] Browser process detected: msedge.exe -- hosts-level blocking is active.
2026-08-22 23:00:25 [DEBUG] --- Running enforcement checks ---
2026-08-22 23:00:25 [DEBUG] Hosts file block section is present. OK.
2026-08-22 23:00:25 [DEBUG] Hosts file is read-only. OK.
2026-08-22 23:00:26 [DEBUG] Browser process detected: msedge.exe -- hosts-level blocking is active.
2026-08-22 23:00:56 [DEBUG] --- Running enforcement checks ---
2026-08-22 23:00:56 [DEBUG] Hosts file block section is present. OK.
2026-08-22 23:00:56 [DEBUG] Hosts file is read-only. OK.
2026-08-22 23:00:56 [DEBUG] Browser process detected: msedge.exe -- hosts-level blocking is active.
2026-08-22 23:01:26 [DEBUG] --- Running enforcement checks ---
2026-08-22 23:01:26 [DEBUG] Hosts file block section is present. OK.
2026-08-22 23:01:26 [DEBUG] Hosts file is read-only. OK.
2026-08-22 23:01:26 [DEBUG] Browser process detected: msedge.exe -- hosts-level blocking is active.
2026-08-22 23:01:56 [DEBUG] --- Running enforcement checks ---
2026-08-22 23:01:56 [DEBUG] Hosts file block section is present. OK.
2026-08-22 23:01:56 [DEBUG] Hosts file is read-only. OK.
2026-08-22 23:01:57 [DEBUG] Browser process detected: msedge.exe -- hosts-level blocking is active.
2026-08-22 23:02:27 [DEBUG] --- Running enforcement checks ---
2026-08-22 23:02:27 [DEBUG] Hosts file block section is present. OK.
2026-08-22 23:02:27 [DEBUG] Hosts file is read-only. OK.
2026-08-22 23:02:27 [DEBUG] Browser process detected: msedge.exe -- hosts-level blocking is active.
2026-08-22 23:02:57 [DEBUG] --- Running enforcement checks ---
2026-08-22 23:02:57 [DEBUG] Hosts file block section is present. OK.
2026-08-22 23:02:57 [DEBUG] Hosts file is read-only. OK.
2026-08-22 23:02:57 [DEBUG] Browser process detected: msedge.exe -- hosts-level blocking is active.
2026-08-22 23:03:27 [DEBUG] --- Running enforcement checks ---
2026-08-22 23:03:27 [DEBUG] Hosts file block section is present. OK.
2026-08-22 23:03:27 [DEBUG] Hosts file is read-only. OK.
2026-08-22 23:03:28 [DEBUG] Browser process detected: msedge.exe -- hosts-level blocking is active.
2026-08-22 23:03:58 [DEBUG] --- Running enforcement checks ---
2026-08-22 23:03:58 [DEBUG] Hosts file block section is present. OK.
2026-08-22 23:03:58 [DEBUG] Hosts file is read-only. OK.
2026-08-22 23:03:58 [DEBUG] Browser process detected: msedge.exe -- hosts-level blocking is active.
2026-08-22 23:04:28 [DEBUG] --- Running enforcement checks ---
2026-08-22 23:04:28 [DEBUG] Hosts file block section is present. OK.
2026-08-22 23:04:28 [DEBUG] Hosts file is read-only. OK.
2026-08-22 23:04:28 [DEBUG] Browser process detected: msedge.exe -- hosts-level blocking is active.
2026-08-22 23:04:58 [DEBUG] --- Running enforcement checks ---
2026-08-22 23:04:58 [DEBUG] Hosts file block section is present. OK.
2026-08-22 23:04:58 [DEBUG] Hosts file is read-only. OK.
2026-08-22 23:04:59 [DEBUG] Browser process detected: msedge.exe -- hosts-level blocking is active.
2026-08-22 23:05:29 [DEBUG] --- Running enforcement checks ---
2026-08-22 23:05:29 [DEBUG] Hosts file block section is present. OK.
2026-08-22 23:05:29 [DEBUG] Hosts file is read-only. OK.
2026-08-22 23:05:29 [DEBUG] Browser process detected: msedge.exe -- hosts-level blocking is active.
2026-08-22 23:05:59 [DEBUG] --- Running enforcement checks ---
2026-08-22 23:05:59 [DEBUG] Hosts file block section is present. OK.
2026-08-22 23:05:59 [DEBUG] Hosts file is read-only. OK.
2026-08-22 23:05:59 [DEBUG] Browser process detected: msedge.exe -- hosts-level blocking is active.
2026-08-22 23:06:29 [DEBUG] --- Running enforcement checks ---
2026-08-22 23:06:29 [DEBUG] Hosts file block section is present. OK.
2026-08-22 23:06:29 [DEBUG] Hosts file is read-only. OK.
2026-08-22 23:06:30 [DEBUG] Browser process detected: msedge.exe -- hosts-level blocking is active.
2026-08-22 23:07:00 [DEBUG] --- Running enforcement checks ---
2026-08-22 23:07:00 [DEBUG] Hosts file block section is present. OK.
2026-08-22 23:07:00 [DEBUG] Hosts file is read-only. OK.
2026-08-22 23:07:00 [DEBUG] Browser process detected: msedge.exe -- hosts-level blocking is active.
2026-08-22 23:07:30 [DEBUG] --- Running enforcement checks ---
2026-08-22 23:07:30 [DEBUG] Hosts file block section is present. OK.
2026-08-22 23:07:30 [DEBUG] Hosts file is read-only. OK.
2026-08-22 23:07:30 [DEBUG] Browser process detected: msedge.exe -- hosts-level blocking is active.
2026-08-22 23:08:00 [DEBUG] --- Running enforcement checks ---
2026-08-22 23:08:00 [DEBUG] Hosts file block section is present. OK.
2026-08-22 23:08:00 [DEBUG] Hosts file is read-only. OK.
2026-08-22 23:08:00 [DEBUG] Browser process detected: msedge.exe -- hosts-level blocking is active.
2026-08-22 23:08:30 [DEBUG] --- Running enforcement checks ---
2026-08-22 23:08:30 [DEBUG] Hosts file block section is present. OK.
2026-08-22 23:08:30 [DEBUG] Hosts file is read-only. OK.
2026-08-22 23:08:31 [DEBUG] Browser process detected: msedge.exe -- hosts-level blocking is active.
2026-08-22 23:09:01 [DEBUG] --- Running enforcement checks ---
2026-08-22 23:09:01 [DEBUG] Hosts file block section is present. OK.
2026-08-22 23:09:01 [DEBUG] Hosts file is read-only. OK.
2026-08-22 23:09:01 [DEBUG] Browser process detected: msedge.exe -- hosts-level blocking is active.
2026-08-22 23:09:31 [DEBUG] --- Running enforcement checks ---
2026-08-22 23:09:31 [DEBUG] Hosts file block section is present. OK.
2026-08-22 23:09:31 [DEBUG] Hosts file is read-only. OK.
2026-08-22 23:09:31 [DEBUG] Browser process detected: msedge.exe -- hosts-level blocking is active.
2026-08-22 23:10:01 [DEBUG] --- Running enforcement checks ---
2026-08-22 23:10:01 [DEBUG] Hosts file block section is present. OK.
2026-08-22 23:10:01 [DEBUG] Hosts file is read-only. OK.
2026-08-22 23:10:02 [DEBUG] Browser process detected: msedge.exe -- hosts-level blocking is active.
2026-08-22 23:10:32 [DEBUG] --- Running enforcement checks ---
2026-08-22 23:10:32 [DEBUG] Hosts file block section is present. OK.
2026-08-22 23:10:32 [DEBUG] Hosts file is read-only. OK.
2026-08-22 23:10:32 [DEBUG] Browser process detected: msedge.exe -- hosts-level blocking is active.
2026-08-22 23:11:02 [DEBUG] --- Running enforcement checks ---
2026-08-22 23:11:02 [DEBUG] Hosts file block section is present. OK.
2026-08-22 23:11:02 [DEBUG] Hosts file is read-only. OK.
2026-08-22 23:11:02 [DEBUG] Browser process detected: msedge.exe -- hosts-level blocking is active.
2026-08-22 23:11:32 [DEBUG] --- Running enforcement checks ---
2026-08-22 23:11:32 [DEBUG] Hosts file block section is present. OK.
2026-08-22 23:11:32 [DEBUG] Hosts file is read-only. OK.
2026-08-22 23:11:33 [DEBUG] Browser process detected: msedge.exe -- hosts-level blocking is active.
2026-08-22 23:12:03 [DEBUG] --- Running enforcement checks ---
2026-08-22 23:12:03 [DEBUG] Hosts file block section is present. OK.
2026-08-22 23:12:03 [DEBUG] Hosts file is read-only. OK.
2026-08-22 23:12:03 [DEBUG] Browser process detected: msedge.exe -- hosts-level blocking is active.
2026-08-22 23:12:33 [DEBUG] --- Running enforcement checks ---
2026-08-22 23:12:33 [DEBUG] Hosts file block section is present. OK.
2026-08-22 23:12:33 [DEBUG] Hosts file is read-only. OK.
2026-08-22 23:12:33 [DEBUG] Browser process detected: msedge.exe -- hosts-level blocking is active.
2026-08-22 23:13:03 [DEBUG] --- Running enforcement checks ---
2026-08-22 23:13:03 [DEBUG] Hosts file block section is present. OK.
2026-08-22 23:13:03 [DEBUG] Hosts file is read-only. OK.
2026-08-22 23:13:04 [DEBUG] Browser process detected: msedge.exe -- hosts-level blocking is active.
2026-08-22 23:13:34 [DEBUG] --- Running enforcement checks ---
2026-08-22 23:13:34 [DEBUG] Hosts file block section is present. OK.
2026-08-22 23:13:34 [DEBUG] Hosts file is read-only. OK.
2026-08-22 23:13:34 [DEBUG] Browser process detected: msedge.exe -- hosts-level blocking is active.
2026-08-22 23:14:04 [DEBUG] --- Running enforcement checks ---
2026-08-22 23:14:04 [DEBUG] Hosts file block section is present. OK.
2026-08-22 23:14:04 [DEBUG] Hosts file is read-only. OK.
2026-08-22 23:14:04 [DEBUG] Browser process detected: msedge.exe -- hosts-level blocking is active.
2026-08-22 23:14:34 [DEBUG] --- Running enforcement checks ---
2026-08-22 23:14:34 [DEBUG] Hosts file block section is present. OK.
2026-08-22 23:14:34 [DEBUG] Hosts file is read-only. OK.
2026-08-22 23:14:34 [DEBUG] Browser process detected: msedge.exe -- hosts-level blocking is active.
2026-08-22 23:15:04 [DEBUG] --- Running enforcement checks ---
2026-08-22 23:15:04 [DEBUG] Hosts file block section is present. OK.
2026-08-22 23:15:04 [DEBUG] Hosts file is read-only. OK.
2026-08-22 23:15:05 [DEBUG] Browser process detected: msedge.exe -- hosts-level blocking is active.
2026-08-22 23:15:35 [DEBUG] --- Running enforcement checks ---
2026-08-22 23:15:35 [DEBUG] Hosts file block section is present. OK.
2026-08-22 23:15:35 [DEBUG] Hosts file is read-only. OK.
2026-08-22 23:15:35 [DEBUG] Browser process detected: msedge.exe -- hosts-level blocking is active.
2026-08-22 23:16:05 [DEBUG] --- Running enforcement checks ---
2026-08-22 23:16:05 [DEBUG] Hosts file block section is present. OK.
2026-08-22 23:16:05 [DEBUG] Hosts file is read-only. OK.
2026-08-22 23:16:05 [DEBUG] Browser process detected: msedge.exe -- hosts-level blocking is active.
2026-08-22 23:16:35 [DEBUG] --- Running enforcement checks ---
2026-08-22 23:16:35 [DEBUG] Hosts file block section is present. OK.
2026-08-22 23:16:35 [DEBUG] Hosts file is read-only. OK.
2026-08-22 23:16:36 [DEBUG] Browser process detected: msedge.exe -- hosts-level blocking is active.
2026-08-22 23:17:06 [DEBUG] --- Running enforcement checks ---
2026-08-22 23:17:06 [DEBUG] Hosts file block section is present. OK.
2026-08-22 23:17:06 [DEBUG] Hosts file is read-only. OK.
2026-08-22 23:17:06 [DEBUG] Browser process detected: msedge.exe -- hosts-level blocking is active.
2026-08-22 23:17:36 [DEBUG] --- Running enforcement checks ---
2026-08-22 23:17:36 [DEBUG] Hosts file block section is present. OK.
2026-08-22 23:17:36 [DEBUG] Hosts file is read-only. OK.
2026-08-22 23:17:36 [DEBUG] Browser process detected: msedge.exe -- hosts-level blocking is active.
2026-08-22 23:18:06 [DEBUG] --- Running enforcement checks ---
2026-08-22 23:18:06 [DEBUG] Hosts file block section is present. OK.
2026-08-22 23:18:06 [DEBUG] Hosts file is read-only. OK.
2026-08-22 23:18:07 [DEBUG] Browser process detected: msedge.exe -- hosts-level blocking is active.
2026-08-22 23:18:37 [DEBUG] --- Running enforcement checks ---
2026-08-22 23:18:37 [DEBUG] Hosts file block section is present. OK.
2026-08-22 23:18:37 [DEBUG] Hosts file is read-only. OK.
2026-08-22 23:18:37 [DEBUG] Browser process detected: msedge.exe -- hosts-level blocking is active.
2026-08-22 23:19:07 [DEBUG] --- Running enforcement checks ---
2026-08-22 23:19:07 [DEBUG] Hosts file block section is present. OK.
2026-08-22 23:19:07 [DEBUG] Hosts file is read-only. OK.
2026-08-22 23:19:07 [DEBUG] Browser process detected: msedge.exe -- hosts-level blocking is active.
2026-08-22 23:19:37 [DEBUG] --- Running enforcement checks ---
2026-08-22 23:19:37 [DEBUG] Hosts file block section is present. OK.
2026-08-22 23:19:37 [DEBUG] Hosts file is read-only. OK.
2026-08-22 23:19:38 [DEBUG] Browser process detected: msedge.exe -- hosts-level blocking is active.
2026-08-22 23:20:08 [DEBUG] --- Running enforcement checks ---
2026-08-22 23:20:08 [DEBUG] Hosts file block section is present. OK.
2026-08-22 23:20:08 [DEBUG] Hosts file is read-only. OK.
2026-08-22 23:20:08 [DEBUG] Browser process detected: msedge.exe -- hosts-level blocking is active.
2026-08-22 23:20:38 [DEBUG] --- Running enforcement checks ---
2026-08-22 23:20:38 [DEBUG] Hosts file block section is present. OK.
2026-08-22 23:20:38 [DEBUG] Hosts file is read-only. OK.
2026-08-22 23:20:38 [DEBUG] Browser process detected: msedge.exe -- hosts-level blocking is active.
2026-08-22 23:21:08 [DEBUG] --- Running enforcement checks ---
2026-08-22 23:21:08 [DEBUG] Hosts file block section is present. OK.
2026-08-22 23:21:08 [DEBUG] Hosts file is read-only. OK.
2026-08-22 23:21:08 [DEBUG] Browser process detected: msedge.exe -- hosts-level blocking is active.
2026-08-22 23:21:38 [DEBUG] --- Running enforcement checks ---
2026-08-22 23:21:38 [DEBUG] Hosts file block section is present. OK.
2026-08-22 23:21:38 [DEBUG] Hosts file is read-only. OK.
2026-08-22 23:21:39 [DEBUG] Browser process detected: msedge.exe -- hosts-level blocking is active.
2026-08-22 23:22:09 [DEBUG] --- Running enforcement checks ---
2026-08-22 23:22:09 [DEBUG] Hosts file block section is present. OK.
2026-08-22 23:22:09 [DEBUG] Hosts file is read-only. OK.
2026-08-22 23:22:09 [DEBUG] Browser process detected: msedge.exe -- hosts-level blocking is active.
2026-08-22 23:22:39 [DEBUG] --- Running enforcement checks ---
2026-08-22 23:22:39 [DEBUG] Hosts file block section is present. OK.
2026-08-22 23:22:39 [DEBUG] Hosts file is read-only. OK.
2026-08-22 23:22:39 [DEBUG] Browser process detected: msedge.exe -- hosts-level blocking is active.
2026-08-22 23:23:09 [DEBUG] --- Running enforcement checks ---
2026-08-22 23:23:09 [DEBUG] Hosts file block section is present. OK.
2026-08-22 23:23:09 [DEBUG] Hosts file is read-only. OK.
2026-08-22 23:23:10 [DEBUG] Browser process detected: msedge.exe -- hosts-level blocking is active.
2026-08-22 23:23:40 [DEBUG] --- Running enforcement checks ---
2026-08-22 23:23:40 [DEBUG] Hosts file block section is present. OK.
2026-08-22 23:23:40 [DEBUG] Hosts file is read-only. OK.
2026-08-22 23:23:40 [DEBUG] Browser process detected: msedge.exe -- hosts-level blocking is active.
2026-08-22 23:24:10 [DEBUG] --- Running enforcement checks ---
2026-08-22 23:24:10 [DEBUG] Hosts file block section is present. OK.
2026-08-22 23:24:10 [DEBUG] Hosts file is read-only. OK.
2026-08-22 23:24:10 [DEBUG] Browser process detected: msedge.exe -- hosts-level blocking is active.
2026-08-22 23:24:40 [DEBUG] --- Running enforcement checks ---
2026-08-22 23:24:40 [DEBUG] Hosts file block section is present. OK.
2026-08-22 23:24:40 [DEBUG] Hosts file is read-only. OK.
2026-08-22 23:24:41 [DEBUG] Browser process detected: msedge.exe -- hosts-level blocking is active.
2026-08-22 23:25:11 [DEBUG] --- Running enforcement checks ---
2026-08-22 23:25:11 [DEBUG] Hosts file block section is present. OK.
2026-08-22 23:25:11 [DEBUG] Hosts file is read-only. OK.
2026-08-22 23:25:11 [DEBUG] Browser process detected: msedge.exe -- hosts-level blocking is active.
2026-08-22 23:25:41 [DEBUG] --- Running enforcement checks ---
2026-08-22 23:25:41 [DEBUG] Hosts file block section is present. OK.
2026-08-22 23:25:41 [DEBUG] Hosts file is read-only. OK.
2026-08-22 23:25:41 [DEBUG] Browser process detected: msedge.exe -- hosts-level blocking is active.
2026-08-22 23:26:11 [DEBUG] --- Running enforcement checks ---
2026-08-22 23:26:11 [DEBUG] Hosts file block section is present. OK.
2026-08-22 23:26:11 [DEBUG] Hosts file is read-only. OK.
2026-08-22 23:26:12 [DEBUG] Browser process detected: msedge.exe -- hosts-level blocking is active.
2026-08-22 23:26:42 [DEBUG] --- Running enforcement checks ---
2026-08-22 23:26:42 [DEBUG] Hosts file block section is present. OK.
2026-08-22 23:26:42 [DEBUG] Hosts file is read-only. OK.
2026-08-22 23:26:42 [DEBUG] Browser process detected: msedge.exe -- hosts-level blocking is active.
2026-08-22 23:27:12 [DEBUG] --- Running enforcement checks ---
2026-08-22 23:27:12 [DEBUG] Hosts file block section is present. OK.
2026-08-22 23:27:12 [DEBUG] Hosts file is read-only. OK.
2026-08-22 23:27:12 [DEBUG] Browser process detected: msedge.exe -- hosts-level blocking is active.
2026-08-22 23:27:42 [DEBUG] --- Running enforcement checks ---
2026-08-22 23:27:42 [DEBUG] Hosts file block section is present. OK.
2026-08-22 23:27:42 [DEBUG] Hosts file is read-only. OK.
2026-08-22 23:27:43 [DEBUG] Browser process detected: msedge.exe -- hosts-level blocking is active.
2026-08-22 23:28:13 [DEBUG] --- Running enforcement checks ---
2026-08-22 23:28:13 [DEBUG] Hosts file block section is present. OK.
2026-08-22 23:28:13 [DEBUG] Hosts file is read-only. OK.
2026-08-22 23:28:13 [DEBUG] Browser process detected: msedge.exe -- hosts-level blocking is active.
2026-08-22 23:28:43 [DEBUG] --- Running enforcement checks ---
2026-08-22 23:28:43 [DEBUG] Hosts file block section is present. OK.
2026-08-22 23:28:43 [DEBUG] Hosts file is read-only. OK.
2026-08-22 23:28:43 [DEBUG] Browser process detected: msedge.exe -- hosts-level blocking is active.
2026-08-22 23:29:13 [DEBUG] --- Running enforcement checks ---
2026-08-22 23:29:13 [DEBUG] Hosts file block section is present. OK.
2026-08-22 23:29:13 [DEBUG] Hosts file is read-only. OK.
2026-08-22 23:29:13 [DEBUG] Browser process detected: msedge.exe -- hosts-level blocking is active.
2026-08-22 23:29:43 [DEBUG] --- Running enforcement checks ---
2026-08-22 23:29:43 [DEBUG] Hosts file block section is present. OK.
2026-08-22 23:29:43 [DEBUG] Hosts file is read-only. OK.
2026-08-22 23:29:44 [DEBUG] Browser process detected: msedge.exe -- hosts-level blocking is active.
2026-08-22 23:30:14 [DEBUG] --- Running enforcement checks ---
2026-08-22 23:30:14 [DEBUG] Hosts file block section is present. OK.
2026-08-22 23:30:14 [DEBUG] Hosts file is read-only. OK.
2026-08-22 23:30:14 [DEBUG] Browser process detected: msedge.exe -- hosts-level blocking is active.
2026-08-22 23:30:44 [DEBUG] --- Running enforcement checks ---
2026-08-22 23:30:44 [DEBUG] Hosts file block section is present. OK.
2026-08-22 23:30:44 [DEBUG] Hosts file is read-only. OK.
2026-08-22 23:30:44 [DEBUG] Browser process detected: msedge.exe -- hosts-level blocking is active.
2026-08-22 23:31:14 [DEBUG] --- Running enforcement checks ---
2026-08-22 23:31:14 [DEBUG] Hosts file block section is present. OK.
2026-08-22 23:31:14 [DEBUG] Hosts file is read-only. OK.
2026-08-22 23:31:15 [DEBUG] Browser process detected: msedge.exe -- hosts-level blocking is active.
2026-08-22 23:31:45 [DEBUG] --- Running enforcement checks ---
2026-08-22 23:31:45 [DEBUG] Hosts file block section is present. OK.
2026-08-22 23:31:45 [DEBUG] Hosts file is read-only. OK.
2026-08-22 23:31:45 [DEBUG] Browser process detected: msedge.exe -- hosts-level blocking is active.
2026-08-22 23:32:15 [DEBUG] --- Running enforcement checks ---
2026-08-22 23:32:15 [DEBUG] Hosts file block section is present. OK.
2026-08-22 23:32:15 [DEBUG] Hosts file is read-only. OK.
2026-08-22 23:32:15 [DEBUG] Browser process detected: msedge.exe -- hosts-level blocking is active.
2026-08-22 23:32:45 [DEBUG] --- Running enforcement checks ---
2026-08-22 23:32:45 [DEBUG] Hosts file block section is present. OK.
2026-08-22 23:32:45 [DEBUG] Hosts file is read-only. OK.
2026-08-22 23:32:46 [DEBUG] Browser process detected: msedge.exe -- hosts-level blocking is active.
2026-08-22 23:33:16 [DEBUG] --- Running enforcement checks ---
2026-08-22 23:33:16 [DEBUG] Hosts file block section is present. OK.
2026-08-22 23:33:16 [DEBUG] Hosts file is read-only. OK.
2026-08-22 23:33:16 [DEBUG] Browser process detected: msedge.exe -- hosts-level blocking is active.
2026-08-22 23:33:46 [DEBUG] --- Running enforcement checks ---
2026-08-22 23:33:46 [DEBUG] Hosts file block section is present. OK.
2026-08-22 23:33:46 [DEBUG] Hosts file is read-only. OK.
2026-08-22 23:33:46 [DEBUG] Browser process detected: msedge.exe -- hosts-level blocking is active.
2026-08-22 23:34:16 [DEBUG] --- Running enforcement checks ---
2026-08-22 23:34:16 [DEBUG] Hosts file block section is present. OK.
2026-08-22 23:34:16 [DEBUG] Hosts file is read-only. OK.
2026-08-22 23:34:16 [DEBUG] Browser process detected: msedge.exe -- hosts-level blocking is active.
2026-08-22 23:34:46 [DEBUG] --- Running enforcement checks ---
2026-08-22 23:34:46 [DEBUG] Hosts file block section is present. OK.
2026-08-22 23:34:46 [DEBUG] Hosts file is read-only. OK.
2026-08-22 23:34:47 [DEBUG] Browser process detected: msedge.exe -- hosts-level blocking is active.
2026-08-22 23:35:17 [DEBUG] --- Running enforcement checks ---
2026-08-22 23:35:17 [DEBUG] Hosts file block section is present. OK.
2026-08-22 23:35:17 [DEBUG] Hosts file is read-only. OK.
2026-08-22 23:35:17 [DEBUG] Browser process detected: msedge.exe -- hosts-level blocking is active.
2026-08-22 23:35:47 [DEBUG] --- Running enforcement checks ---
2026-08-22 23:35:47 [DEBUG] Hosts file block section is present. OK.
2026-08-22 23:35:47 [DEBUG] Hosts file is read-only. OK.
2026-08-22 23:35:47 [DEBUG] Browser process detected: msedge.exe -- hosts-level blocking is active.
2026-08-22 23:36:17 [DEBUG] --- Running enforcement checks ---
2026-08-22 23:36:17 [DEBUG] Hosts file block section is present. OK.
2026-08-22 23:36:17 [DEBUG] Hosts file is read-only. OK.
2026-08-22 23:36:18 [DEBUG] Browser process detected: msedge.exe -- hosts-level blocking is active.
2026-08-22 23:36:48 [DEBUG] --- Running enforcement checks ---
2026-08-22 23:36:48 [DEBUG] Hosts file block section is present. OK.
2026-08-22 23:36:48 [DEBUG] Hosts file is read-only. OK.
2026-08-22 23:36:48 [DEBUG] Browser process detected: msedge.exe -- hosts-level blocking is active.
2026-08-22 23:37:18 [DEBUG] --- Running enforcement checks ---
2026-08-22 23:37:18 [DEBUG] Hosts file block section is present. OK.
2026-08-22 23:37:18 [DEBUG] Hosts file is read-only. OK.
2026-08-22 23:37:18 [DEBUG] Browser process detected: msedge.exe -- hosts-level blocking is active.
2026-08-22 23:37:48 [DEBUG] --- Running enforcement checks ---
2026-08-22 23:37:48 [DEBUG] Hosts file block section is present. OK.
2026-08-22 23:37:48 [DEBUG] Hosts file is read-only. OK.
2026-08-22 23:37:49 [DEBUG] Browser process detected: msedge.exe -- hosts-level blocking is active.
2026-08-22 23:38:19 [DEBUG] --- Running enforcement checks ---
2026-08-22 23:38:19 [DEBUG] Hosts file block section is present. OK.
2026-08-22 23:38:19 [DEBUG] Hosts file is read-only. OK.
2026-08-22 23:38:19 [DEBUG] Browser process detected: msedge.exe -- hosts-level blocking is active.
2026-08-22 23:38:49 [DEBUG] --- Running enforcement checks ---
2026-08-22 23:38:49 [DEBUG] Hosts file block section is present. OK.
2026-08-22 23:38:49 [DEBUG] Hosts file is read-only. OK.
2026-08-22 23:38:49 [DEBUG] Browser process detected: msedge.exe -- hosts-level blocking is active.
2026-08-22 23:39:19 [DEBUG] --- Running enforcement checks ---
2026-08-22 23:39:19 [DEBUG] Hosts file block section is present. OK.
2026-08-22 23:39:19 [DEBUG] Hosts file is read-only. OK.
2026-08-22 23:39:20 [DEBUG] Browser process detected: msedge.exe -- hosts-level blocking is active.
2026-08-22 23:39:50 [DEBUG] --- Running enforcement checks ---
2026-08-22 23:39:50 [DEBUG] Hosts file block section is present. OK.
2026-08-22 23:39:50 [DEBUG] Hosts file is read-only. OK.
2026-08-22 23:39:50 [DEBUG] Browser process detected: msedge.exe -- hosts-level blocking is active.
2026-08-22 23:40:20 [DEBUG] --- Running enforcement checks ---
2026-08-22 23:40:20 [DEBUG] Hosts file block section is present. OK.
2026-08-22 23:40:20 [DEBUG] Hosts file is read-only. OK.
2026-08-22 23:40:20 [DEBUG] Browser process detected: msedge.exe -- hosts-level blocking is active.
2026-08-22 23:40:50 [DEBUG] --- Running enforcement checks ---
2026-08-22 23:40:50 [DEBUG] Hosts file block section is present. OK.
2026-08-22 23:40:50 [DEBUG] Hosts file is read-only. OK.
2026-08-22 23:40:51 [DEBUG] Browser process detected: msedge.exe -- hosts-level blocking is active.
2026-08-22 23:41:21 [DEBUG] --- Running enforcement checks ---
2026-08-22 23:41:21 [DEBUG] Hosts file block section is present. OK.
2026-08-22 23:41:21 [DEBUG] Hosts file is read-only. OK.
2026-08-22 23:41:21 [DEBUG] Browser process detected: msedge.exe -- hosts-level blocking is active.
2026-08-22 23:41:51 [DEBUG] --- Running enforcement checks ---
2026-08-22 23:41:51 [DEBUG] Hosts file block section is present. OK.
2026-08-22 23:41:51 [DEBUG] Hosts file is read-only. OK.
2026-08-22 23:41:51 [DEBUG] Browser process detected: msedge.exe -- hosts-level blocking is active.
2026-08-22 23:42:21 [DEBUG] --- Running enforcement checks ---
2026-08-22 23:42:21 [DEBUG] Hosts file block section is present. OK.
2026-08-22 23:42:21 [DEBUG] Hosts file is read-only. OK.
2026-08-22 23:42:21 [DEBUG] Browser process detected: msedge.exe -- hosts-level blocking is active.
2026-08-22 23:42:51 [DEBUG] --- Running enforcement checks ---
2026-08-22 23:42:51 [DEBUG] Hosts file block section is present. OK.
2026-08-22 23:42:51 [DEBUG] Hosts file is read-only. OK.
2026-08-22 23:42:52 [DEBUG] Browser process detected: msedge.exe -- hosts-level blocking is active.
2026-08-22 23:43:22 [DEBUG] --- Running enforcement checks ---
2026-08-22 23:43:22 [DEBUG] Hosts file block section is present. OK.
2026-08-22 23:43:22 [DEBUG] Hosts file is read-only. OK.
2026-08-22 23:43:22 [DEBUG] Browser process detected: msedge.exe -- hosts-level blocking is active.
2026-08-22 23:43:52 [DEBUG] --- Running enforcement checks ---
2026-08-22 23:43:52 [DEBUG] Hosts file block section is present. OK.
2026-08-22 23:43:52 [DEBUG] Hosts file is read-only. OK.
2026-08-22 23:43:52 [DEBUG] Browser process detected: msedge.exe -- hosts-level blocking is active.
2026-08-22 23:44:22 [DEBUG] --- Running enforcement checks ---
2026-08-22 23:44:22 [DEBUG] Hosts file block section is present. OK.
2026-08-22 23:44:22 [DEBUG] Hosts file is read-only. OK.
2026-08-22 23:44:23 [DEBUG] Browser process detected: msedge.exe -- hosts-level blocking is active.
2026-08-22 23:44:53 [DEBUG] --- Running enforcement checks ---
2026-08-22 23:44:53 [DEBUG] Hosts file block section is present. OK.
2026-08-22 23:44:53 [DEBUG] Hosts file is read-only. OK.
2026-08-22 23:44:53 [DEBUG] Browser process detected: msedge.exe -- hosts-level blocking is active.
2026-08-22 23:45:23 [DEBUG] --- Running enforcement checks ---
2026-08-22 23:45:23 [DEBUG] Hosts file block section is present. OK.
2026-08-22 23:45:23 [DEBUG] Hosts file is read-only. OK.
2026-08-22 23:45:23 [DEBUG] Browser process detected: msedge.exe -- hosts-level blocking is active.
2026-08-22 23:45:53 [DEBUG] --- Running enforcement checks ---
2026-08-22 23:45:53 [DEBUG] Hosts file block section is present. OK.
2026-08-22 23:45:53 [DEBUG] Hosts file is read-only. OK.
2026-08-22 23:45:54 [DEBUG] Browser process detected: msedge.exe -- hosts-level blocking is active.
2026-08-22 23:46:24 [DEBUG] --- Running enforcement checks ---
2026-08-22 23:46:24 [DEBUG] Hosts file block section is present. OK.
2026-08-22 23:46:24 [DEBUG] Hosts file is read-only. OK.
2026-08-22 23:46:24 [DEBUG] Browser process detected: msedge.exe -- hosts-level blocking is active.
2026-08-22 23:46:54 [DEBUG] --- Running enforcement checks ---
2026-08-22 23:46:54 [DEBUG] Hosts file block section is present. OK.
2026-08-22 23:46:54 [DEBUG] Hosts file is read-only. OK.
2026-08-22 23:46:54 [DEBUG] Browser process detected: msedge.exe -- hosts-level blocking is active.
2026-08-22 23:47:24 [DEBUG] --- Running enforcement checks ---
2026-08-22 23:47:24 [DEBUG] Hosts file block section is present. OK.
2026-08-22 23:47:24 [DEBUG] Hosts file is read-only. OK.
2026-08-22 23:47:25 [DEBUG] Browser process detected: msedge.exe -- hosts-level blocking is active.
2026-08-22 23:47:55 [DEBUG] --- Running enforcement checks ---
2026-08-22 23:47:55 [DEBUG] Hosts file block section is present. OK.
2026-08-22 23:47:55 [DEBUG] Hosts file is read-only. OK.
2026-08-22 23:47:55 [DEBUG] Browser process detected: msedge.exe -- hosts-level blocking is active.
2026-08-22 23:48:25 [DEBUG] --- Running enforcement checks ---
2026-08-22 23:48:25 [DEBUG] Hosts file block section is present. OK.
2026-08-22 23:48:25 [DEBUG] Hosts file is read-only. OK.
2026-08-22 23:48:25 [DEBUG] Browser process detected: msedge.exe -- hosts-level blocking is active.
2026-08-22 23:48:55 [DEBUG] --- Running enforcement checks ---
2026-08-22 23:48:55 [DEBUG] Hosts file block section is present. OK.
2026-08-22 23:48:55 [DEBUG] Hosts file is read-only. OK.
2026-08-22 23:48:56 [DEBUG] Browser process detected: msedge.exe -- hosts-level blocking is active.
2026-08-22 23:49:26 [DEBUG] --- Running enforcement checks ---
2026-08-22 23:49:26 [DEBUG] Hosts file block section is present. OK.
2026-08-22 23:49:26 [DEBUG] Hosts file is read-only. OK.
2026-08-22 23:49:26 [DEBUG] Browser process detected: msedge.exe -- hosts-level blocking is active.
2026-08-22 23:49:56 [DEBUG] --- Running enforcement checks ---
2026-08-22 23:49:56 [DEBUG] Hosts file block section is present. OK.
2026-08-22 23:49:56 [DEBUG] Hosts file is read-only. OK.
2026-08-22 23:49:57 [DEBUG] Browser process detected: msedge.exe -- hosts-level blocking is active.
2026-08-22 23:50:27 [DEBUG] --- Running enforcement checks ---
2026-08-22 23:50:27 [DEBUG] Hosts file block section is present. OK.
2026-08-22 23:50:27 [DEBUG] Hosts file is read-only. OK.
2026-08-22 23:50:27 [DEBUG] Browser process detected: msedge.exe -- hosts-level blocking is active.
2026-08-22 23:50:57 [DEBUG] --- Running enforcement checks ---
2026-08-22 23:50:57 [DEBUG] Hosts file block section is present. OK.
2026-08-22 23:50:57 [DEBUG] Hosts file is read-only. OK.
2026-08-22 23:50:58 [DEBUG] Browser process detected: msedge.exe -- hosts-level blocking is active.
2026-08-22 23:51:28 [DEBUG] --- Running enforcement checks ---
2026-08-22 23:51:28 [DEBUG] Hosts file block section is present. OK.
2026-08-22 23:51:28 [DEBUG] Hosts file is read-only. OK.
2026-08-22 23:51:28 [DEBUG] Browser process detected: msedge.exe -- hosts-level blocking is active.
2026-08-22 23:51:58 [DEBUG] --- Running enforcement checks ---
2026-08-22 23:51:58 [DEBUG] Hosts file block section is present. OK.
2026-08-22 23:51:58 [DEBUG] Hosts file is read-only. OK.
2026-08-22 23:51:58 [DEBUG] Browser process detected: msedge.exe -- hosts-level blocking is active.
2026-08-22 23:52:28 [DEBUG] --- Running enforcement checks ---
2026-08-22 23:52:28 [DEBUG] Hosts file block section is present. OK.
2026-08-22 23:52:28 [DEBUG] Hosts file is read-only. OK.
2026-08-22 23:52:29 [DEBUG] Browser process detected: msedge.exe -- hosts-level blocking is active.
2026-08-22 23:52:59 [DEBUG] --- Running enforcement checks ---
2026-08-22 23:52:59 [DEBUG] Hosts file block section is present. OK.
2026-08-22 23:52:59 [DEBUG] Hosts file is read-only. OK.
2026-08-22 23:52:59 [DEBUG] Browser process detected: msedge.exe -- hosts-level blocking is active.
2026-08-22 23:53:29 [DEBUG] --- Running enforcement checks ---
2026-08-22 23:53:29 [DEBUG] Hosts file block section is present. OK.
2026-08-22 23:53:29 [DEBUG] Hosts file is read-only. OK.
2026-08-22 23:53:30 [DEBUG] Browser process detected: msedge.exe -- hosts-level blocking is active.
2026-08-22 23:54:00 [DEBUG] --- Running enforcement checks ---
2026-08-22 23:54:00 [DEBUG] Hosts file block section is present. OK.
2026-08-22 23:54:00 [DEBUG] Hosts file is read-only. OK.
2026-08-22 23:54:00 [DEBUG] Browser process detected: msedge.exe -- hosts-level blocking is active.
2026-08-22 23:54:30 [DEBUG] --- Running enforcement checks ---
2026-08-22 23:54:30 [DEBUG] Hosts file block section is present. OK.
2026-08-22 23:54:30 [DEBUG] Hosts file is read-only. OK.
2026-08-22 23:54:31 [DEBUG] Browser process detected: msedge.exe -- hosts-level blocking is active.
2026-08-22 23:55:01 [DEBUG] --- Running enforcement checks ---
2026-08-22 23:55:01 [DEBUG] Hosts file block section is present. OK.
2026-08-22 23:55:01 [DEBUG] Hosts file is read-only. OK.
2026-08-22 23:55:01 [DEBUG] Browser process detected: msedge.exe -- hosts-level blocking is active.
2026-08-22 23:55:31 [DEBUG] --- Running enforcement checks ---
2026-08-22 23:55:31 [DEBUG] Hosts file block section is present. OK.
2026-08-22 23:55:31 [DEBUG] Hosts file is read-only. OK.
2026-08-22 23:55:32 [DEBUG] Browser process detected: msedge.exe -- hosts-level blocking is active.
2026-08-22 23:56:02 [DEBUG] --- Running enforcement checks ---
2026-08-22 23:56:02 [DEBUG] Hosts file block section is present. OK.
2026-08-22 23:56:02 [DEBUG] Hosts file is read-only. OK.
2026-08-22 23:56:02 [DEBUG] Browser process detected: msedge.exe -- hosts-level blocking is active.
2026-08-22 23:56:32 [DEBUG] --- Running enforcement checks ---
2026-08-22 23:56:32 [DEBUG] Hosts file block section is present. OK.
2026-08-22 23:56:32 [DEBUG] Hosts file is read-only. OK.
2026-08-22 23:56:33 [DEBUG] Browser process detected: msedge.exe -- hosts-level blocking is active.
2026-08-22 23:57:03 [DEBUG] --- Running enforcement checks ---
2026-08-22 23:57:03 [DEBUG] Hosts file block section is present. OK.
2026-08-22 23:57:03 [DEBUG] Hosts file is read-only. OK.
2026-08-22 23:57:03 [DEBUG] Browser process detected: msedge.exe -- hosts-level blocking is active.
2026-08-22 23:57:33 [DEBUG] --- Running enforcement checks ---
2026-08-22 23:57:33 [DEBUG] Hosts file block section is present. OK.
2026-08-22 23:57:33 [DEBUG] Hosts file is read-only. OK.
2026-08-22 23:57:34 [DEBUG] Browser process detected: msedge.exe -- hosts-level blocking is active.
2026-08-22 23:58:04 [DEBUG] --- Running enforcement checks ---
2026-08-22 23:58:04 [DEBUG] Hosts file block section is present. OK.
2026-08-22 23:58:04 [DEBUG] Hosts file is read-only. OK.
2026-08-22 23:58:04 [DEBUG] Browser process detected: msedge.exe -- hosts-level blocking is active.
2026-08-22 23:58:34 [DEBUG] --- Running enforcement checks ---
2026-08-22 23:58:34 [DEBUG] Hosts file block section is present. OK.
2026-08-22 23:58:34 [DEBUG] Hosts file is read-only. OK.
2026-08-22 23:58:35 [DEBUG] Browser process detected: msedge.exe -- hosts-level blocking is active.
2026-08-22 23:59:05 [DEBUG] --- Running enforcement checks ---
2026-08-22 23:59:05 [DEBUG] Hosts file block section is present. OK.
2026-08-22 23:59:05 [DEBUG] Hosts file is read-only. OK.
2026-08-22 23:59:05 [DEBUG] Browser process detected: msedge.exe -- hosts-level blocking is active.
2026-08-22 23:59:35 [DEBUG] --- Running enforcement checks ---
2026-08-22 23:59:35 [DEBUG] Hosts file block section is present. OK.
2026-08-22 23:59:35 [DEBUG] Hosts file is read-only. OK.
2026-08-22 23:59:36 [DEBUG] Browser process detected: msedge.exe -- hosts-level blocking is active.
2026-08-23 00:00:06 [DEBUG] --- Running enforcement checks ---
2026-08-23 00:00:06 [DEBUG] Hosts file block section is present. OK.
2026-08-23 00:00:06 [DEBUG] Hosts file is read-only. OK.
2026-08-23 00:00:06 [DEBUG] Browser process detected: msedge.exe -- hosts-level blocking is active.
2026-08-23 00:00:36 [DEBUG] --- Running enforcement checks ---
2026-08-23 00:00:36 [DEBUG] Hosts file block section is present. OK.
2026-08-23 00:00:36 [DEBUG] Hosts file is read-only. OK.
2026-08-23 00:00:37 [DEBUG] Browser process detected: msedge.exe -- hosts-level blocking is active.
2026-08-23 00:01:07 [DEBUG] --- Running enforcement checks ---
2026-08-23 00:01:07 [DEBUG] Hosts file block section is present. OK.
2026-08-23 00:01:07 [DEBUG] Hosts file is read-only. OK.
2026-08-23 00:01:07 [DEBUG] Browser process detected: msedge.exe -- hosts-level blocking is active.
2026-08-23 00:01:37 [DEBUG] --- Running enforcement checks ---
2026-08-23 00:01:37 [DEBUG] Hosts file block section is present. OK.
2026-08-23 00:01:37 [DEBUG] Hosts file is read-only. OK.
2026-08-23 00:01:38 [DEBUG] Browser process detected: msedge.exe -- hosts-level blocking is active.
2026-08-23 00:02:08 [DEBUG] --- Running enforcement checks ---
2026-08-23 00:02:08 [DEBUG] Hosts file block section is present. OK.
2026-08-23 00:02:08 [DEBUG] Hosts file is read-only. OK.
2026-08-23 00:02:08 [DEBUG] Browser process detected: msedge.exe -- hosts-level blocking is active.
2026-08-23 00:02:38 [DEBUG] --- Running enforcement checks ---
2026-08-23 00:02:38 [DEBUG] Hosts file block section is present. OK.
2026-08-23 00:02:38 [DEBUG] Hosts file is read-only. OK.
2026-08-23 00:02:39 [DEBUG] Browser process detected: msedge.exe -- hosts-level blocking is active.
2026-08-23 00:03:09 [DEBUG] --- Running enforcement checks ---
2026-08-23 00:03:09 [DEBUG] Hosts file block section is present. OK.
2026-08-23 00:03:09 [DEBUG] Hosts file is read-only. OK.
2026-08-23 00:03:09 [DEBUG] Browser process detected: msedge.exe -- hosts-level blocking is active.
2026-08-23 00:03:39 [DEBUG] --- Running enforcement checks ---
2026-08-23 00:03:39 [DEBUG] Hosts file block section is present. OK.
2026-08-23 00:03:39 [DEBUG] Hosts file is read-only. OK.
2026-08-23 00:03:40 [DEBUG] Browser process detected: msedge.exe -- hosts-level blocking is active.
2026-08-23 00:04:10 [DEBUG] --- Running enforcement checks ---
2026-08-23 00:04:10 [DEBUG] Hosts file block section is present. OK.
2026-08-23 00:04:10 [DEBUG] Hosts file is read-only. OK.
2026-08-23 00:04:10 [DEBUG] Browser process detected: msedge.exe -- hosts-level blocking is active.
2026-08-23 00:04:40 [DEBUG] --- Running enforcement checks ---
2026-08-23 00:04:40 [DEBUG] Hosts file block section is present. OK.
2026-08-23 00:04:40 [DEBUG] Hosts file is read-only. OK.
2026-08-23 00:04:41 [DEBUG] Browser process detected: msedge.exe -- hosts-level blocking is active.
2026-08-23 00:05:11 [DEBUG] --- Running enforcement checks ---
2026-08-23 00:05:11 [DEBUG] Hosts file block section is present. OK.
2026-08-23 00:05:11 [DEBUG] Hosts file is read-only. OK.
2026-08-23 00:05:11 [DEBUG] Browser process detected: msedge.exe -- hosts-level blocking is active.
2026-08-23 00:05:41 [DEBUG] --- Running enforcement checks ---
2026-08-23 00:05:41 [DEBUG] Hosts file block section is present. OK.
2026-08-23 00:05:41 [DEBUG] Hosts file is read-only. OK.
2026-08-23 00:05:42 [DEBUG] Browser process detected: msedge.exe -- hosts-level blocking is active.
2026-08-23 00:06:12 [DEBUG] --- Running enforcement checks ---
2026-08-23 00:06:12 [DEBUG] Hosts file block section is present. OK.
2026-08-23 00:06:12 [DEBUG] Hosts file is read-only. OK.
2026-08-23 00:06:12 [DEBUG] Browser process detected: msedge.exe -- hosts-level blocking is active.
2026-08-23 00:06:42 [DEBUG] --- Running enforcement checks ---
2026-08-23 00:06:42 [DEBUG] Hosts file block section is present. OK.
2026-08-23 00:06:42 [DEBUG] Hosts file is read-only. OK.
2026-08-23 00:06:42 [DEBUG] Browser process detected: msedge.exe -- hosts-level blocking is active.
2026-08-23 00:07:12 [DEBUG] --- Running enforcement checks ---
2026-08-23 00:07:12 [DEBUG] Hosts file block section is present. OK.
2026-08-23 00:07:12 [DEBUG] Hosts file is read-only. OK.
2026-08-23 00:07:13 [DEBUG] Browser process detected: msedge.exe -- hosts-level blocking is active.
2026-08-23 00:07:43 [DEBUG] --- Running enforcement checks ---
2026-08-23 00:07:43 [DEBUG] Hosts file block section is present. OK.
2026-08-23 00:07:43 [DEBUG] Hosts file is read-only. OK.
2026-08-23 00:07:43 [DEBUG] Browser process detected: msedge.exe -- hosts-level blocking is active.
2026-08-23 00:08:13 [DEBUG] --- Running enforcement checks ---
2026-08-23 00:08:13 [DEBUG] Hosts file block section is present. OK.
2026-08-23 00:08:13 [DEBUG] Hosts file is read-only. OK.
2026-08-23 00:08:14 [DEBUG] Browser process detected: msedge.exe -- hosts-level blocking is active.
2026-08-23 00:08:44 [DEBUG] --- Running enforcement checks ---
2026-08-23 00:08:44 [DEBUG] Hosts file block section is present. OK.
2026-08-23 00:08:44 [DEBUG] Hosts file is read-only. OK.
2026-08-23 00:08:44 [DEBUG] Browser process detected: msedge.exe -- hosts-level blocking is active.
2026-08-23 00:09:14 [DEBUG] --- Running enforcement checks ---
2026-08-23 00:09:14 [DEBUG] Hosts file block section is present. OK.
2026-08-23 00:09:14 [DEBUG] Hosts file is read-only. OK.
2026-08-23 00:09:15 [DEBUG] Browser process detected: msedge.exe -- hosts-level blocking is active.
2026-08-23 00:09:45 [DEBUG] --- Running enforcement checks ---
2026-08-23 00:09:45 [DEBUG] Hosts file block section is present. OK.
2026-08-23 00:09:45 [DEBUG] Hosts file is read-only. OK.
2026-08-23 00:09:45 [DEBUG] Browser process detected: msedge.exe -- hosts-level blocking is active.
2026-08-23 00:10:15 [DEBUG] --- Running enforcement checks ---
2026-08-23 00:10:15 [DEBUG] Hosts file block section is present. OK.
2026-08-23 00:10:15 [DEBUG] Hosts file is read-only. OK.
2026-08-23 00:10:15 [DEBUG] Browser process detected: msedge.exe -- hosts-level blocking is active.
2026-08-23 00:10:45 [DEBUG] --- Running enforcement checks ---
2026-08-23 00:10:45 [DEBUG] Hosts file block section is present. OK.
2026-08-23 00:10:45 [DEBUG] Hosts file is read-only. OK.
2026-08-23 00:10:46 [DEBUG] Browser process detected: msedge.exe -- hosts-level blocking is active.
2026-08-23 00:11:16 [DEBUG] --- Running enforcement checks ---
2026-08-23 00:11:16 [DEBUG] Hosts file block section is present. OK.
2026-08-23 00:11:16 [DEBUG] Hosts file is read-only. OK.
2026-08-23 00:11:16 [DEBUG] Browser process detected: msedge.exe -- hosts-level blocking is active.
2026-08-23 00:11:46 [DEBUG] --- Running enforcement checks ---
2026-08-23 00:11:46 [DEBUG] Hosts file block section is present. OK.
2026-08-23 00:11:46 [DEBUG] Hosts file is read-only. OK.
2026-08-23 00:11:47 [DEBUG] Browser process detected: msedge.exe -- hosts-level blocking is active.
2026-08-23 00:12:17 [DEBUG] --- Running enforcement checks ---
2026-08-23 00:12:17 [DEBUG] Hosts file block section is present. OK.
2026-08-23 00:12:17 [DEBUG] Hosts file is read-only. OK.
2026-08-23 00:12:17 [DEBUG] Browser process detected: msedge.exe -- hosts-level blocking is active.
2026-08-23 00:12:47 [DEBUG] --- Running enforcement checks ---
2026-08-23 00:12:47 [DEBUG] Hosts file block section is present. OK.
2026-08-23 00:12:47 [DEBUG] Hosts file is read-only. OK.
2026-08-23 00:12:48 [DEBUG] Browser process detected: msedge.exe -- hosts-level blocking is active.
2026-08-23 00:13:18 [DEBUG] --- Running enforcement checks ---
2026-08-23 00:13:18 [DEBUG] Hosts file block section is present. OK.
2026-08-23 00:13:18 [DEBUG] Hosts file is read-only. OK.
2026-08-23 00:13:18 [DEBUG] Browser process detected: msedge.exe -- hosts-level blocking is active.
2026-08-23 00:13:48 [DEBUG] --- Running enforcement checks ---
2026-08-23 00:13:48 [DEBUG] Hosts file block section is present. OK.
2026-08-23 00:13:48 [DEBUG] Hosts file is read-only. OK.
2026-08-23 00:13:49 [DEBUG] Browser process detected: msedge.exe -- hosts-level blocking is active.
2026-08-23 00:14:19 [DEBUG] --- Running enforcement checks ---
2026-08-23 00:14:19 [DEBUG] Hosts file block section is present. OK.
2026-08-23 00:14:19 [DEBUG] Hosts file is read-only. OK.
2026-08-23 00:14:19 [DEBUG] Browser process detected: msedge.exe -- hosts-level blocking is active.
2026-08-23 00:14:49 [DEBUG] --- Running enforcement checks ---
2026-08-23 00:14:49 [DEBUG] Hosts file block section is present. OK.
2026-08-23 00:14:49 [DEBUG] Hosts file is read-only. OK.
2026-08-23 00:14:50 [DEBUG] Browser process detected: msedge.exe -- hosts-level blocking is active.
2026-08-23 00:15:20 [DEBUG] --- Running enforcement checks ---
2026-08-23 00:15:20 [DEBUG] Hosts file block section is present. OK.
2026-08-23 00:15:20 [DEBUG] Hosts file is read-only. OK.
2026-08-23 00:15:20 [DEBUG] Browser process detected: msedge.exe -- hosts-level blocking is active.
2026-08-23 00:15:50 [DEBUG] --- Running enforcement checks ---
2026-08-23 00:15:50 [DEBUG] Hosts file block section is present. OK.
2026-08-23 00:15:50 [DEBUG] Hosts file is read-only. OK.
2026-08-23 00:15:51 [DEBUG] Browser process detected: msedge.exe -- hosts-level blocking is active.
2026-08-23 00:16:21 [DEBUG] --- Running enforcement checks ---
2026-08-23 00:16:21 [DEBUG] Hosts file block section is present. OK.
2026-08-23 00:16:21 [DEBUG] Hosts file is read-only. OK.
2026-08-23 00:16:21 [DEBUG] Browser process detected: msedge.exe -- hosts-level blocking is active.
2026-08-23 00:16:51 [DEBUG] --- Running enforcement checks ---
2026-08-23 00:16:51 [DEBUG] Hosts file block section is present. OK.
2026-08-23 00:16:51 [DEBUG] Hosts file is read-only. OK.
2026-08-23 00:16:52 [DEBUG] Browser process detected: msedge.exe -- hosts-level blocking is active.
2026-08-23 00:17:22 [DEBUG] --- Running enforcement checks ---
2026-08-23 00:17:22 [DEBUG] Hosts file block section is present. OK.
2026-08-23 00:17:22 [DEBUG] Hosts file is read-only. OK.
2026-08-23 00:17:22 [DEBUG] Browser process detected: msedge.exe -- hosts-level blocking is active.
2026-08-23 00:17:52 [DEBUG] --- Running enforcement checks ---
2026-08-23 00:17:52 [DEBUG] Hosts file block section is present. OK.
2026-08-23 00:17:52 [DEBUG] Hosts file is read-only. OK.
2026-08-23 00:17:53 [DEBUG] Browser process detected: msedge.exe -- hosts-level blocking is active.
2026-08-23 00:18:23 [DEBUG] --- Running enforcement checks ---
2026-08-23 00:18:23 [DEBUG] Hosts file block section is present. OK.
2026-08-23 00:18:23 [DEBUG] Hosts file is read-only. OK.
2026-08-23 00:18:23 [DEBUG] Browser process detected: msedge.exe -- hosts-level blocking is active.
2026-08-23 00:18:53 [DEBUG] --- Running enforcement checks ---
2026-08-23 00:18:53 [DEBUG] Hosts file block section is present. OK.
2026-08-23 00:18:53 [DEBUG] Hosts file is read-only. OK.
2026-08-23 00:18:54 [DEBUG] Browser process detected: msedge.exe -- hosts-level blocking is active.
2026-08-23 00:19:24 [DEBUG] --- Running enforcement checks ---
2026-08-23 00:19:24 [DEBUG] Hosts file block section is present. OK.
2026-08-23 00:19:24 [DEBUG] Hosts file is read-only. OK.
2026-08-23 00:19:24 [DEBUG] Browser process detected: msedge.exe -- hosts-level blocking is active.
2026-08-23 00:19:54 [DEBUG] --- Running enforcement checks ---
2026-08-23 00:19:54 [DEBUG] Hosts file block section is present. OK.
2026-08-23 00:19:54 [DEBUG] Hosts file is read-only. OK.
2026-08-23 00:19:54 [DEBUG] Browser process detected: msedge.exe -- hosts-level blocking is active.
2026-08-23 00:20:24 [DEBUG] --- Running enforcement checks ---
2026-08-23 00:20:24 [DEBUG] Hosts file block section is present. OK.
2026-08-23 00:20:24 [DEBUG] Hosts file is read-only. OK.
2026-08-23 00:20:25 [DEBUG] Browser process detected: msedge.exe -- hosts-level blocking is active.
2026-08-23 00:20:55 [DEBUG] --- Running enforcement checks ---
2026-08-23 00:20:55 [DEBUG] Hosts file block section is present. OK.
2026-08-23 00:20:55 [DEBUG] Hosts file is read-only. OK.
2026-08-23 00:20:55 [DEBUG] Browser process detected: msedge.exe -- hosts-level blocking is active.
2026-08-23 00:21:25 [DEBUG] --- Running enforcement checks ---
2026-08-23 00:21:25 [DEBUG] Hosts file block section is present. OK.
2026-08-23 00:21:25 [DEBUG] Hosts file is read-only. OK.
2026-08-23 00:21:26 [DEBUG] Browser process detected: msedge.exe -- hosts-level blocking is active.
2026-08-23 00:21:56 [DEBUG] --- Running enforcement checks ---
2026-08-23 00:21:56 [DEBUG] Hosts file block section is present. OK.
2026-08-23 00:21:56 [DEBUG] Hosts file is read-only. OK.
2026-08-23 00:21:56 [DEBUG] Browser process detected: msedge.exe -- hosts-level blocking is active.
2026-08-23 00:22:26 [DEBUG] --- Running enforcement checks ---
2026-08-23 00:22:26 [DEBUG] Hosts file block section is present. OK.
2026-08-23 00:22:26 [DEBUG] Hosts file is read-only. OK.
2026-08-23 00:22:27 [DEBUG] Browser process detected: msedge.exe -- hosts-level blocking is active.
2026-08-23 00:22:57 [DEBUG] --- Running enforcement checks ---
2026-08-23 00:22:57 [DEBUG] Hosts file block section is present. OK.
2026-08-23 00:22:57 [DEBUG] Hosts file is read-only. OK.
2026-08-23 00:22:57 [DEBUG] Browser process detected: msedge.exe -- hosts-level blocking is active.
2026-08-23 00:23:27 [DEBUG] --- Running enforcement checks ---
2026-08-23 00:23:27 [DEBUG] Hosts file block section is present. OK.
2026-08-23 00:23:27 [DEBUG] Hosts file is read-only. OK.
2026-08-23 00:23:28 [DEBUG] Browser process detected: msedge.exe -- hosts-level blocking is active.
2026-08-23 00:23:58 [DEBUG] --- Running enforcement checks ---
2026-08-23 00:23:58 [DEBUG] Hosts file block section is present. OK.
2026-08-23 00:23:58 [DEBUG] Hosts file is read-only. OK.
2026-08-23 00:23:58 [DEBUG] Browser process detected: msedge.exe -- hosts-level blocking is active.
2026-08-23 00:24:28 [DEBUG] --- Running enforcement checks ---
2026-08-23 00:24:28 [DEBUG] Hosts file block section is present. OK.
2026-08-23 00:24:28 [DEBUG] Hosts file is read-only. OK.
2026-08-23 00:24:29 [DEBUG] Browser process detected: msedge.exe -- hosts-level blocking is active.
2026-08-23 00:24:59 [DEBUG] --- Running enforcement checks ---
2026-08-23 00:24:59 [DEBUG] Hosts file block section is present. OK.
2026-08-23 00:24:59 [DEBUG] Hosts file is read-only. OK.
2026-08-23 00:24:59 [DEBUG] Browser process detected: msedge.exe -- hosts-level blocking is active.
2026-08-23 00:25:29 [DEBUG] --- Running enforcement checks ---
2026-08-23 00:25:29 [DEBUG] Hosts file block section is present. OK.
2026-08-23 00:25:29 [DEBUG] Hosts file is read-only. OK.
2026-08-23 00:25:30 [DEBUG] Browser process detected: msedge.exe -- hosts-level blocking is active.
2026-08-23 00:26:00 [DEBUG] --- Running enforcement checks ---
2026-08-23 00:26:00 [DEBUG] Hosts file block section is present. OK.
2026-08-23 00:26:00 [DEBUG] Hosts file is read-only. OK.
2026-08-23 00:26:00 [DEBUG] Browser process detected: msedge.exe -- hosts-level blocking is active.
2026-08-23 00:26:30 [DEBUG] --- Running enforcement checks ---
2026-08-23 00:26:30 [DEBUG] Hosts file block section is present. OK.
2026-08-23 00:26:30 [DEBUG] Hosts file is read-only. OK.
2026-08-23 00:26:30 [DEBUG] Browser process detected: msedge.exe -- hosts-level blocking is active.
2026-08-23 00:27:00 [DEBUG] --- Running enforcement checks ---
2026-08-23 00:27:00 [DEBUG] Hosts file block section is present. OK.
2026-08-23 00:27:00 [DEBUG] Hosts file is read-only. OK.
2026-08-23 00:27:01 [DEBUG] Browser process detected: msedge.exe -- hosts-level blocking is active.
2026-08-23 00:27:31 [DEBUG] --- Running enforcement checks ---
2026-08-23 00:27:31 [DEBUG] Hosts file block section is present. OK.
2026-08-23 00:27:31 [DEBUG] Hosts file is read-only. OK.
2026-08-23 00:27:32 [DEBUG] Browser process detected: msedge.exe -- hosts-level blocking is active.
2026-08-23 00:28:02 [DEBUG] --- Running enforcement checks ---
2026-08-23 00:28:02 [DEBUG] Hosts file block section is present. OK.
2026-08-23 00:28:02 [DEBUG] Hosts file is read-only. OK.
2026-08-23 00:28:02 [DEBUG] Browser process detected: msedge.exe -- hosts-level blocking is active.
2026-08-23 00:28:32 [DEBUG] --- Running enforcement checks ---
2026-08-23 00:28:32 [DEBUG] Hosts file block section is present. OK.
2026-08-23 00:28:32 [DEBUG] Hosts file is read-only. OK.
2026-08-23 00:28:33 [DEBUG] Browser process detected: msedge.exe -- hosts-level blocking is active.
2026-08-23 00:29:03 [DEBUG] --- Running enforcement checks ---
2026-08-23 00:29:03 [DEBUG] Hosts file block section is present. OK.
2026-08-23 00:29:03 [DEBUG] Hosts file is read-only. OK.
2026-08-23 00:29:03 [DEBUG] Browser process detected: msedge.exe -- hosts-level blocking is active.
2026-08-23 00:29:33 [DEBUG] --- Running enforcement checks ---
2026-08-23 00:29:33 [DEBUG] Hosts file block section is present. OK.
2026-08-23 00:29:33 [DEBUG] Hosts file is read-only. OK.
2026-08-23 00:29:33 [DEBUG] Browser process detected: msedge.exe -- hosts-level blocking is active.
2026-08-23 00:30:03 [DEBUG] --- Running enforcement checks ---
2026-08-23 00:30:03 [DEBUG] Hosts file block section is present. OK.
2026-08-23 00:30:03 [DEBUG] Hosts file is read-only. OK.
2026-08-23 00:30:04 [DEBUG] Browser process detected: msedge.exe -- hosts-level blocking is active.
2026-08-23 00:30:34 [DEBUG] --- Running enforcement checks ---
2026-08-23 00:30:34 [DEBUG] Hosts file block section is present. OK.
2026-08-23 00:30:34 [DEBUG] Hosts file is read-only. OK.
2026-08-23 00:30:35 [DEBUG] Browser process detected: msedge.exe -- hosts-level blocking is active.
2026-08-23 00:31:05 [DEBUG] --- Running enforcement checks ---
2026-08-23 00:31:05 [DEBUG] Hosts file block section is present. OK.
2026-08-23 00:31:05 [DEBUG] Hosts file is read-only. OK.
2026-08-23 00:31:05 [DEBUG] Browser process detected: msedge.exe -- hosts-level blocking is active.
2026-08-23 00:31:35 [DEBUG] --- Running enforcement checks ---
2026-08-23 00:31:35 [DEBUG] Hosts file block section is present. OK.
2026-08-23 00:31:35 [DEBUG] Hosts file is read-only. OK.
2026-08-23 00:31:36 [DEBUG] Browser process detected: msedge.exe -- hosts-level blocking is active.
2026-08-23 00:32:06 [DEBUG] --- Running enforcement checks ---
2026-08-23 00:32:06 [DEBUG] Hosts file block section is present. OK.
2026-08-23 00:32:06 [DEBUG] Hosts file is read-only. OK.
2026-08-23 00:32:06 [DEBUG] Browser process detected: msedge.exe -- hosts-level blocking is active.
2026-08-23 00:32:36 [DEBUG] --- Running enforcement checks ---
2026-08-23 00:32:36 [DEBUG] Hosts file block section is present. OK.
2026-08-23 00:32:36 [DEBUG] Hosts file is read-only. OK.
2026-08-23 00:32:37 [DEBUG] Browser process detected: msedge.exe -- hosts-level blocking is active.
2026-08-23 00:33:07 [DEBUG] --- Running enforcement checks ---
2026-08-23 00:33:07 [DEBUG] Hosts file block section is present. OK.
2026-08-23 00:33:07 [DEBUG] Hosts file is read-only. OK.
2026-08-23 00:33:07 [DEBUG] Browser process detected: msedge.exe -- hosts-level blocking is active.
2026-08-23 00:33:37 [DEBUG] --- Running enforcement checks ---
2026-08-23 00:33:37 [DEBUG] Hosts file block section is present. OK.
2026-08-23 00:33:37 [DEBUG] Hosts file is read-only. OK.
2026-08-23 00:33:37 [DEBUG] Browser process detected: msedge.exe -- hosts-level blocking is active.
2026-08-23 00:34:07 [DEBUG] --- Running enforcement checks ---
2026-08-23 00:34:07 [DEBUG] Hosts file block section is present. OK.
2026-08-23 00:34:07 [DEBUG] Hosts file is read-only. OK.
2026-08-23 00:34:08 [DEBUG] Browser process detected: msedge.exe -- hosts-level blocking is active.
2026-08-23 00:34:38 [DEBUG] --- Running enforcement checks ---
2026-08-23 00:34:38 [DEBUG] Hosts file block section is present. OK.
2026-08-23 00:34:38 [DEBUG] Hosts file is read-only. OK.
2026-08-23 00:34:39 [DEBUG] Browser process detected: msedge.exe -- hosts-level blocking is active.
2026-08-23 00:35:09 [DEBUG] --- Running enforcement checks ---
2026-08-23 00:35:09 [DEBUG] Hosts file block section is present. OK.
2026-08-23 00:35:09 [DEBUG] Hosts file is read-only. OK.
2026-08-23 00:35:09 [DEBUG] Browser process detected: msedge.exe -- hosts-level blocking is active.
2026-08-23 00:35:39 [DEBUG] --- Running enforcement checks ---
2026-08-23 00:35:39 [DEBUG] Hosts file block section is present. OK.
2026-08-23 00:35:39 [DEBUG] Hosts file is read-only. OK.
2026-08-23 00:35:40 [DEBUG] Browser process detected: msedge.exe -- hosts-level blocking is active.
2026-08-23 00:36:10 [DEBUG] --- Running enforcement checks ---
2026-08-23 00:36:10 [DEBUG] Hosts file block section is present. OK.
2026-08-23 00:36:10 [DEBUG] Hosts file is read-only. OK.
2026-08-23 00:36:10 [DEBUG] Browser process detected: msedge.exe -- hosts-level blocking is active.
2026-08-23 00:36:40 [DEBUG] --- Running enforcement checks ---
2026-08-23 00:36:40 [DEBUG] Hosts file block section is present. OK.
2026-08-23 00:36:40 [DEBUG] Hosts file is read-only. OK.
2026-08-23 00:36:41 [DEBUG] Browser process detected: msedge.exe -- hosts-level blocking is active.
2026-08-23 00:37:11 [DEBUG] --- Running enforcement checks ---
2026-08-23 00:37:11 [DEBUG] Hosts file block section is present. OK.
2026-08-23 00:37:11 [DEBUG] Hosts file is read-only. OK.
2026-08-23 00:37:11 [DEBUG] Browser process detected: msedge.exe -- hosts-level blocking is active.
2026-08-23 00:37:41 [DEBUG] --- Running enforcement checks ---
2026-08-23 00:37:41 [DEBUG] Hosts file block section is present. OK.
2026-08-23 00:37:41 [DEBUG] Hosts file is read-only. OK.
2026-08-23 00:37:41 [DEBUG] Browser process detected: msedge.exe -- hosts-level blocking is active.
2026-08-23 00:38:11 [DEBUG] --- Running enforcement checks ---
2026-08-23 00:38:11 [DEBUG] Hosts file block section is present. OK.
2026-08-23 00:38:11 [DEBUG] Hosts file is read-only. OK.
2026-08-23 00:38:12 [DEBUG] Browser process detected: msedge.exe -- hosts-level blocking is active.
2026-08-23 00:38:42 [DEBUG] --- Running enforcement checks ---
2026-08-23 00:38:42 [DEBUG] Hosts file block section is present. OK.
2026-08-23 00:38:42 [DEBUG] Hosts file is read-only. OK.
2026-08-23 00:38:42 [DEBUG] Browser process detected: msedge.exe -- hosts-level blocking is active.
2026-08-23 00:39:12 [DEBUG] --- Running enforcement checks ---
2026-08-23 00:39:12 [DEBUG] Hosts file block section is present. OK.
2026-08-23 00:39:12 [DEBUG] Hosts file is read-only. OK.
2026-08-23 00:39:13 [DEBUG] Browser process detected: msedge.exe -- hosts-level blocking is active.
2026-08-23 00:39:43 [DEBUG] --- Running enforcement checks ---
2026-08-23 00:39:43 [DEBUG] Hosts file block section is present. OK.
2026-08-23 00:39:43 [DEBUG] Hosts file is read-only. OK.
2026-08-23 00:39:43 [DEBUG] Browser process detected: msedge.exe -- hosts-level blocking is active.
2026-08-23 00:40:13 [DEBUG] --- Running enforcement checks ---
2026-08-23 00:40:13 [DEBUG] Hosts file block section is present. OK.
2026-08-23 00:40:13 [DEBUG] Hosts file is read-only. OK.
2026-08-23 00:40:14 [DEBUG] Browser process detected: msedge.exe -- hosts-level blocking is active.
2026-08-23 00:40:44 [DEBUG] --- Running enforcement checks ---
2026-08-23 00:40:44 [DEBUG] Hosts file block section is present. OK.
2026-08-23 00:40:44 [DEBUG] Hosts file is read-only. OK.
2026-08-23 00:40:44 [DEBUG] Browser process detected: msedge.exe -- hosts-level blocking is active.
2026-08-23 00:41:14 [DEBUG] --- Running enforcement checks ---
2026-08-23 00:41:14 [DEBUG] Hosts file block section is present. OK.
2026-08-23 00:41:14 [DEBUG] Hosts file is read-only. OK.
2026-08-23 00:41:15 [DEBUG] Browser process detected: msedge.exe -- hosts-level blocking is active.
2026-08-23 00:41:45 [DEBUG] --- Running enforcement checks ---
2026-08-23 00:41:45 [DEBUG] Hosts file block section is present. OK.
2026-08-23 00:41:45 [DEBUG] Hosts file is read-only. OK.
2026-08-23 00:41:46 [DEBUG] Browser process detected: msedge.exe -- hosts-level blocking is active.
2026-08-23 00:42:16 [DEBUG] --- Running enforcement checks ---
2026-08-23 00:42:16 [DEBUG] Hosts file block section is present. OK.
2026-08-23 00:42:16 [DEBUG] Hosts file is read-only. OK.
2026-08-23 00:42:16 [DEBUG] Browser process detected: msedge.exe -- hosts-level blocking is active.
2026-08-23 00:42:46 [DEBUG] --- Running enforcement checks ---
2026-08-23 00:42:46 [DEBUG] Hosts file block section is present. OK.
2026-08-23 00:42:46 [DEBUG] Hosts file is read-only. OK.
2026-08-23 00:42:47 [DEBUG] Browser process detected: msedge.exe -- hosts-level blocking is active.
2026-08-23 00:43:17 [DEBUG] --- Running enforcement checks ---
2026-08-23 00:43:17 [DEBUG] Hosts file block section is present. OK.
2026-08-23 00:43:17 [DEBUG] Hosts file is read-only. OK.
2026-08-23 00:43:17 [DEBUG] Browser process detected: msedge.exe -- hosts-level blocking is active.
2026-08-23 00:43:47 [DEBUG] --- Running enforcement checks ---
2026-08-23 00:43:47 [DEBUG] Hosts file block section is present. OK.
2026-08-23 00:43:47 [DEBUG] Hosts file is read-only. OK.
2026-08-23 00:43:48 [DEBUG] Browser process detected: msedge.exe -- hosts-level blocking is active.
2026-08-23 00:44:18 [DEBUG] --- Running enforcement checks ---
2026-08-23 00:44:18 [DEBUG] Hosts file block section is present. OK.
2026-08-23 00:44:18 [DEBUG] Hosts file is read-only. OK.
2026-08-23 00:44:18 [DEBUG] Browser process detected: msedge.exe -- hosts-level blocking is active.
2026-08-23 00:44:48 [DEBUG] --- Running enforcement checks ---
2026-08-23 00:44:48 [DEBUG] Hosts file block section is present. OK.
2026-08-23 00:44:48 [DEBUG] Hosts file is read-only. OK.
2026-08-23 00:44:49 [DEBUG] Browser process detected: msedge.exe -- hosts-level blocking is active.
2026-08-23 00:45:19 [DEBUG] --- Running enforcement checks ---
2026-08-23 00:45:19 [DEBUG] Hosts file block section is present. OK.
2026-08-23 00:45:19 [DEBUG] Hosts file is read-only. OK.
2026-08-23 00:45:19 [DEBUG] Browser process detected: chrome.exe -- hosts-level blocking is active.
2026-08-23 00:45:19 [DEBUG] Browser process detected: msedge.exe -- hosts-level blocking is active.
2026-08-23 00:45:49 [DEBUG] --- Running enforcement checks ---
2026-08-23 00:45:49 [DEBUG] Hosts file block section is present. OK.
2026-08-23 00:45:49 [DEBUG] Hosts file is read-only. OK.
2026-08-23 00:45:50 [DEBUG] Browser process detected: chrome.exe -- hosts-level blocking is active.
2026-08-23 00:45:50 [DEBUG] Browser process detected: msedge.exe -- hosts-level blocking is active.
2026-08-23 00:46:20 [DEBUG] --- Running enforcement checks ---
2026-08-23 00:46:20 [DEBUG] Hosts file block section is present. OK.
2026-08-23 00:46:20 [DEBUG] Hosts file is read-only. OK.
2026-08-23 00:46:20 [DEBUG] Browser process detected: chrome.exe -- hosts-level blocking is active.
2026-08-23 00:46:20 [DEBUG] Browser process detected: msedge.exe -- hosts-level blocking is active.
2026-08-23 00:46:50 [DEBUG] --- Running enforcement checks ---
2026-08-23 00:46:50 [DEBUG] Hosts file block section is present. OK.
2026-08-23 00:46:50 [DEBUG] Hosts file is read-only. OK.
2026-08-23 00:46:51 [DEBUG] Browser process detected: chrome.exe -- hosts-level blocking is active.
2026-08-23 00:46:51 [DEBUG] Browser process detected: msedge.exe -- hosts-level blocking is active.
2026-08-23 00:47:21 [DEBUG] --- Running enforcement checks ---
2026-08-23 00:47:21 [DEBUG] Hosts file block section is present. OK.
2026-08-23 00:47:21 [DEBUG] Hosts file is read-only. OK.
2026-08-23 00:47:21 [DEBUG] Browser process detected: chrome.exe -- hosts-level blocking is active.
2026-08-23 00:47:21 [DEBUG] Browser process detected: msedge.exe -- hosts-level blocking is active.
2026-08-23 00:47:51 [DEBUG] --- Running enforcement checks ---
2026-08-23 00:47:51 [DEBUG] Hosts file block section is present. OK.
2026-08-23 00:47:51 [DEBUG] Hosts file is read-only. OK.
2026-08-23 00:47:52 [DEBUG] Browser process detected: chrome.exe -- hosts-level blocking is active.
2026-08-23 00:47:52 [DEBUG] Browser process detected: msedge.exe -- hosts-level blocking is active.
2026-08-23 00:48:22 [DEBUG] --- Running enforcement checks ---
2026-08-23 00:48:22 [DEBUG] Hosts file block section is present. OK.
2026-08-23 00:48:22 [DEBUG] Hosts file is read-only. OK.
2026-08-23 00:48:22 [DEBUG] Browser process detected: chrome.exe -- hosts-level blocking is active.
2026-08-23 00:48:22 [DEBUG] Browser process detected: msedge.exe -- hosts-level blocking is active.
2026-08-23 00:48:52 [DEBUG] --- Running enforcement checks ---
2026-08-23 00:48:52 [DEBUG] Hosts file block section is present. OK.
2026-08-23 00:48:52 [DEBUG] Hosts file is read-only. OK.
2026-08-23 00:48:52 [DEBUG] Browser process detected: chrome.exe -- hosts-level blocking is active.
2026-08-23 00:48:52 [DEBUG] Browser process detected: msedge.exe -- hosts-level blocking is active.
2026-08-23 00:49:22 [DEBUG] --- Running enforcement checks ---
2026-08-23 00:49:22 [DEBUG] Hosts file block section is present. OK.
2026-08-23 00:49:22 [DEBUG] Hosts file is read-only. OK.
2026-08-23 00:49:23 [DEBUG] Browser process detected: chrome.exe -- hosts-level blocking is active.
2026-08-23 00:49:23 [DEBUG] Browser process detected: msedge.exe -- hosts-level blocking is active.
2026-08-23 00:49:53 [DEBUG] --- Running enforcement checks ---
2026-08-23 00:49:53 [DEBUG] Hosts file block section is present. OK.
2026-08-23 00:49:53 [DEBUG] Hosts file is read-only. OK.
2026-08-23 00:49:53 [DEBUG] Browser process detected: chrome.exe -- hosts-level blocking is active.
2026-08-23 00:49:53 [DEBUG] Browser process detected: msedge.exe -- hosts-level blocking is active.
2026-08-23 00:50:23 [DEBUG] --- Running enforcement checks ---
2026-08-23 00:50:23 [DEBUG] Hosts file block section is present. OK.
2026-08-23 00:50:23 [DEBUG] Hosts file is read-only. OK.
2026-08-23 00:50:24 [DEBUG] Browser process detected: msedge.exe -- hosts-level blocking is active.
2026-08-23 00:50:54 [DEBUG] --- Running enforcement checks ---
2026-08-23 00:50:54 [DEBUG] Hosts file block section is present. OK.
2026-08-23 00:50:54 [DEBUG] Hosts file is read-only. OK.
2026-08-23 00:50:54 [DEBUG] Browser process detected: msedge.exe -- hosts-level blocking is active.
2026-08-23 00:51:24 [DEBUG] --- Running enforcement checks ---
2026-08-23 00:51:24 [DEBUG] Hosts file block section is present. OK.
2026-08-23 00:51:24 [DEBUG] Hosts file is read-only. OK.
2026-08-23 00:51:25 [DEBUG] Browser process detected: msedge.exe -- hosts-level blocking is active.
2026-08-23 00:51:55 [DEBUG] --- Running enforcement checks ---
2026-08-23 00:51:55 [DEBUG] Hosts file block section is present. OK.
2026-08-23 00:51:55 [DEBUG] Hosts file is read-only. OK.
2026-08-23 00:51:55 [DEBUG] Browser process detected: msedge.exe -- hosts-level blocking is active.
2026-08-23 00:52:25 [DEBUG] --- Running enforcement checks ---
2026-08-23 00:52:25 [DEBUG] Hosts file block section is present. OK.
2026-08-23 00:52:25 [DEBUG] Hosts file is read-only. OK.
2026-08-23 00:52:26 [DEBUG] Browser process detected: msedge.exe -- hosts-level blocking is active.
2026-08-23 00:52:56 [DEBUG] --- Running enforcement checks ---
2026-08-23 00:52:56 [DEBUG] Hosts file block section is present. OK.
2026-08-23 00:52:56 [DEBUG] Hosts file is read-only. OK.
2026-08-23 00:52:56 [DEBUG] Browser process detected: msedge.exe -- hosts-level blocking is active.
2026-08-23 00:53:26 [DEBUG] --- Running enforcement checks ---
2026-08-23 00:53:26 [DEBUG] Hosts file block section is present. OK.
2026-08-23 00:53:26 [DEBUG] Hosts file is read-only. OK.
2026-08-23 00:53:27 [DEBUG] Browser process detected: msedge.exe -- hosts-level blocking is active.
2026-08-23 00:53:57 [DEBUG] --- Running enforcement checks ---
2026-08-23 00:53:57 [DEBUG] Hosts file block section is present. OK.
2026-08-23 00:53:57 [DEBUG] Hosts file is read-only. OK.
2026-08-23 00:53:57 [DEBUG] Browser process detected: msedge.exe -- hosts-level blocking is active.
2026-08-23 00:54:27 [DEBUG] --- Running enforcement checks ---
2026-08-23 00:54:27 [DEBUG] Hosts file block section is present. OK.
2026-08-23 00:54:27 [DEBUG] Hosts file is read-only. OK.
2026-08-23 00:54:28 [DEBUG] Browser process detected: msedge.exe -- hosts-level blocking is active.
2026-08-23 00:54:58 [DEBUG] --- Running enforcement checks ---
2026-08-23 00:54:58 [DEBUG] Hosts file block section is present. OK.
2026-08-23 00:54:58 [DEBUG] Hosts file is read-only. OK.
2026-08-23 00:54:58 [DEBUG] Browser process detected: msedge.exe -- hosts-level blocking is active.
2026-08-23 00:55:28 [DEBUG] --- Running enforcement checks ---
2026-08-23 00:55:28 [DEBUG] Hosts file block section is present. OK.
2026-08-23 00:55:28 [DEBUG] Hosts file is read-only. OK.
2026-08-23 00:55:29 [DEBUG] Browser process detected: msedge.exe -- hosts-level blocking is active.
2026-08-23 00:55:59 [DEBUG] --- Running enforcement checks ---
2026-08-23 00:55:59 [DEBUG] Hosts file block section is present. OK.
2026-08-23 00:55:59 [DEBUG] Hosts file is read-only. OK.
2026-08-23 00:56:00 [DEBUG] Browser process detected: msedge.exe -- hosts-level blocking is active.
2026-08-23 00:56:30 [DEBUG] --- Running enforcement checks ---
2026-08-23 00:56:30 [DEBUG] Hosts file block section is present. OK.
2026-08-23 00:56:30 [DEBUG] Hosts file is read-only. OK.
2026-08-23 00:56:30 [DEBUG] Browser process detected: msedge.exe -- hosts-level blocking is active.
2026-08-23 00:57:00 [DEBUG] --- Running enforcement checks ---
2026-08-23 00:57:00 [DEBUG] Hosts file block section is present. OK.
2026-08-23 00:57:00 [DEBUG] Hosts file is read-only. OK.
2026-08-23 00:57:00 [DEBUG] Browser process detected: msedge.exe -- hosts-level blocking is active.
2026-08-23 00:57:30 [DEBUG] --- Running enforcement checks ---
2026-08-23 00:57:30 [DEBUG] Hosts file block section is present. OK.
2026-08-23 00:57:30 [DEBUG] Hosts file is read-only. OK.
2026-08-23 00:57:31 [DEBUG] Browser process detected: msedge.exe -- hosts-level blocking is active.
2026-08-23 00:58:01 [DEBUG] --- Running enforcement checks ---
2026-08-23 00:58:01 [DEBUG] Hosts file block section is present. OK.
2026-08-23 00:58:01 [DEBUG] Hosts file is read-only. OK.
2026-08-23 00:58:01 [DEBUG] Browser process detected: msedge.exe -- hosts-level blocking is active.
2026-08-23 00:58:31 [DEBUG] --- Running enforcement checks ---
2026-08-23 00:58:31 [DEBUG] Hosts file block section is present. OK.
2026-08-23 00:58:31 [DEBUG] Hosts file is read-only. OK.
2026-08-23 00:58:32 [DEBUG] Browser process detected: msedge.exe -- hosts-level blocking is active.
2026-08-23 00:59:02 [DEBUG] --- Running enforcement checks ---
2026-08-23 00:59:02 [DEBUG] Hosts file block section is present. OK.
2026-08-23 00:59:02 [DEBUG] Hosts file is read-only. OK.
2026-08-23 00:59:03 [DEBUG] Browser process detected: msedge.exe -- hosts-level blocking is active.
2026-08-23 00:59:33 [DEBUG] --- Running enforcement checks ---
2026-08-23 00:59:33 [DEBUG] Hosts file block section is present. OK.
2026-08-23 00:59:33 [DEBUG] Hosts file is read-only. OK.
2026-08-23 00:59:33 [DEBUG] Browser process detected: msedge.exe -- hosts-level blocking is active.
2026-08-23 01:00:03 [DEBUG] --- Running enforcement checks ---
2026-08-23 01:00:03 [DEBUG] Hosts file block section is present. OK.
2026-08-23 01:00:03 [DEBUG] Hosts file is read-only. OK.
2026-08-23 01:00:03 [DEBUG] Browser process detected: msedge.exe -- hosts-level blocking is active.
2026-08-23 01:00:33 [DEBUG] --- Running enforcement checks ---
2026-08-23 01:00:33 [DEBUG] Hosts file block section is present. OK.
2026-08-23 01:00:33 [DEBUG] Hosts file is read-only. OK.
2026-08-23 01:00:34 [DEBUG] Browser process detected: msedge.exe -- hosts-level blocking is active.
2026-08-23 01:01:04 [DEBUG] --- Running enforcement checks ---
2026-08-23 01:01:04 [DEBUG] Hosts file block section is present. OK.
2026-08-23 01:01:04 [DEBUG] Hosts file is read-only. OK.
2026-08-23 01:01:04 [DEBUG] Browser process detected: msedge.exe -- hosts-level blocking is active.
2026-08-23 01:01:34 [DEBUG] --- Running enforcement checks ---
2026-08-23 01:01:34 [DEBUG] Hosts file block section is present. OK.
2026-08-23 01:01:34 [DEBUG] Hosts file is read-only. OK.
2026-08-23 01:01:35 [DEBUG] Browser process detected: msedge.exe -- hosts-level blocking is active.
2026-08-23 01:02:05 [DEBUG] --- Running enforcement checks ---
2026-08-23 01:02:05 [DEBUG] Hosts file block section is present. OK.
2026-08-23 01:02:05 [DEBUG] Hosts file is read-only. OK.
2026-08-23 01:02:05 [DEBUG] Browser process detected: msedge.exe -- hosts-level blocking is active.
2026-08-23 01:02:35 [DEBUG] --- Running enforcement checks ---
2026-08-23 01:02:35 [DEBUG] Hosts file block section is present. OK.
2026-08-23 01:02:35 [DEBUG] Hosts file is read-only. OK.
2026-08-23 01:02:36 [DEBUG] Browser process detected: msedge.exe -- hosts-level blocking is active.
2026-08-23 01:03:06 [DEBUG] --- Running enforcement checks ---
2026-08-23 01:03:06 [DEBUG] Hosts file block section is present. OK.
2026-08-23 01:03:06 [DEBUG] Hosts file is read-only. OK.
2026-08-23 01:03:06 [DEBUG] Browser process detected: msedge.exe -- hosts-level blocking is active.
2026-08-23 01:03:36 [DEBUG] --- Running enforcement checks ---
2026-08-23 01:03:36 [DEBUG] Hosts file block section is present. OK.
2026-08-23 01:03:36 [DEBUG] Hosts file is read-only. OK.
2026-08-23 01:03:36 [DEBUG] Browser process detected: msedge.exe -- hosts-level blocking is active.
2026-08-23 01:04:07 [DEBUG] --- Running enforcement checks ---
2026-08-23 01:04:07 [DEBUG] Hosts file block section is present. OK.
2026-08-23 01:04:07 [DEBUG] Hosts file is read-only. OK.
2026-08-23 01:04:07 [DEBUG] Browser process detected: msedge.exe -- hosts-level blocking is active.
2026-08-23 01:04:37 [DEBUG] --- Running enforcement checks ---
2026-08-23 01:04:37 [DEBUG] Hosts file block section is present. OK.
2026-08-23 01:04:37 [DEBUG] Hosts file is read-only. OK.
2026-08-23 01:04:37 [DEBUG] Browser process detected: msedge.exe -- hosts-level blocking is active.
2026-08-23 01:05:07 [DEBUG] --- Running enforcement checks ---
2026-08-23 01:05:07 [DEBUG] Hosts file block section is present. OK.
2026-08-23 01:05:07 [DEBUG] Hosts file is read-only. OK.
2026-08-23 01:05:08 [DEBUG] Browser process detected: msedge.exe -- hosts-level blocking is active.
2026-08-23 01:05:38 [DEBUG] --- Running enforcement checks ---
2026-08-23 01:05:38 [DEBUG] Hosts file block section is present. OK.
2026-08-23 01:05:38 [DEBUG] Hosts file is read-only. OK.
2026-08-23 01:05:38 [DEBUG] Browser process detected: msedge.exe -- hosts-level blocking is active.
2026-08-23 01:06:08 [DEBUG] --- Running enforcement checks ---
2026-08-23 01:06:08 [DEBUG] Hosts file block section is present. OK.
2026-08-23 01:06:08 [DEBUG] Hosts file is read-only. OK.
2026-08-23 01:06:08 [DEBUG] Browser process detected: msedge.exe -- hosts-level blocking is active.
2026-08-23 01:06:38 [DEBUG] --- Running enforcement checks ---
2026-08-23 01:06:38 [DEBUG] Hosts file block section is present. OK.
2026-08-23 01:06:38 [DEBUG] Hosts file is read-only. OK.
2026-08-23 01:06:39 [DEBUG] Browser process detected: msedge.exe -- hosts-level blocking is active.
2026-08-23 01:07:09 [DEBUG] --- Running enforcement checks ---
2026-08-23 01:07:09 [DEBUG] Hosts file block section is present. OK.
2026-08-23 01:07:09 [DEBUG] Hosts file is read-only. OK.
2026-08-23 01:07:09 [DEBUG] Browser process detected: msedge.exe -- hosts-level blocking is active.
2026-08-23 01:07:39 [DEBUG] --- Running enforcement checks ---
2026-08-23 01:07:39 [DEBUG] Hosts file block section is present. OK.
2026-08-23 01:07:39 [DEBUG] Hosts file is read-only. OK.
2026-08-23 01:07:40 [DEBUG] Browser process detected: msedge.exe -- hosts-level blocking is active.
2026-08-23 01:08:10 [DEBUG] --- Running enforcement checks ---
2026-08-23 01:08:10 [DEBUG] Hosts file block section is present. OK.
2026-08-23 01:08:10 [DEBUG] Hosts file is read-only. OK.
2026-08-23 01:08:10 [DEBUG] Browser process detected: msedge.exe -- hosts-level blocking is active.
2026-08-23 01:08:40 [DEBUG] --- Running enforcement checks ---
2026-08-23 01:08:40 [DEBUG] Hosts file block section is present. OK.
2026-08-23 01:08:40 [DEBUG] Hosts file is read-only. OK.
2026-08-23 01:08:40 [DEBUG] Browser process detected: msedge.exe -- hosts-level blocking is active.
2026-08-23 01:09:10 [DEBUG] --- Running enforcement checks ---
2026-08-23 01:09:10 [DEBUG] Hosts file block section is present. OK.
2026-08-23 01:09:10 [DEBUG] Hosts file is read-only. OK.
2026-08-23 01:09:11 [DEBUG] Browser process detected: msedge.exe -- hosts-level blocking is active.
2026-08-23 01:09:41 [DEBUG] --- Running enforcement checks ---
2026-08-23 01:09:41 [DEBUG] Hosts file block section is present. OK.
2026-08-23 01:09:41 [DEBUG] Hosts file is read-only. OK.
2026-08-23 01:09:41 [DEBUG] Browser process detected: msedge.exe -- hosts-level blocking is active.
2026-08-23 01:10:11 [DEBUG] --- Running enforcement checks ---
2026-08-23 01:10:11 [DEBUG] Hosts file block section is present. OK.
2026-08-23 01:10:11 [DEBUG] Hosts file is read-only. OK.
2026-08-23 01:10:12 [DEBUG] Browser process detected: msedge.exe -- hosts-level blocking is active.
2026-08-23 01:10:42 [DEBUG] --- Running enforcement checks ---
2026-08-23 01:10:42 [DEBUG] Hosts file block section is present. OK.
2026-08-23 01:10:42 [DEBUG] Hosts file is read-only. OK.
2026-08-23 01:10:42 [DEBUG] Browser process detected: msedge.exe -- hosts-level blocking is active.
2026-08-23 01:11:12 [DEBUG] --- Running enforcement checks ---
2026-08-23 01:11:12 [DEBUG] Hosts file block section is present. OK.
2026-08-23 01:11:12 [DEBUG] Hosts file is read-only. OK.
2026-08-23 01:11:12 [DEBUG] Browser process detected: msedge.exe -- hosts-level blocking is active.
2026-08-23 01:11:42 [DEBUG] --- Running enforcement checks ---
2026-08-23 01:11:42 [DEBUG] Hosts file block section is present. OK.
2026-08-23 01:11:42 [DEBUG] Hosts file is read-only. OK.
2026-08-23 01:11:43 [DEBUG] Browser process detected: msedge.exe -- hosts-level blocking is active.
2026-08-23 01:12:13 [DEBUG] --- Running enforcement checks ---
2026-08-23 01:12:13 [DEBUG] Hosts file block section is present. OK.
2026-08-23 01:12:13 [DEBUG] Hosts file is read-only. OK.
2026-08-23 01:12:13 [DEBUG] Browser process detected: msedge.exe -- hosts-level blocking is active.
2026-08-23 01:12:43 [DEBUG] --- Running enforcement checks ---
2026-08-23 01:12:43 [DEBUG] Hosts file block section is present. OK.
2026-08-23 01:12:43 [DEBUG] Hosts file is read-only. OK.
2026-08-23 01:12:43 [DEBUG] Browser process detected: msedge.exe -- hosts-level blocking is active.
2026-08-23 01:13:13 [DEBUG] --- Running enforcement checks ---
2026-08-23 01:13:13 [DEBUG] Hosts file block section is present. OK.
2026-08-23 01:13:13 [DEBUG] Hosts file is read-only. OK.
2026-08-23 01:13:14 [DEBUG] Browser process detected: msedge.exe -- hosts-level blocking is active.
2026-08-23 01:13:44 [DEBUG] --- Running enforcement checks ---
2026-08-23 01:13:44 [DEBUG] Hosts file block section is present. OK.
2026-08-23 01:13:44 [DEBUG] Hosts file is read-only. OK.
2026-08-23 01:13:44 [DEBUG] Browser process detected: msedge.exe -- hosts-level blocking is active.
2026-08-23 01:14:14 [DEBUG] --- Running enforcement checks ---
2026-08-23 01:14:14 [DEBUG] Hosts file block section is present. OK.
2026-08-23 01:14:14 [DEBUG] Hosts file is read-only. OK.
2026-08-23 01:14:15 [DEBUG] Browser process detected: msedge.exe -- hosts-level blocking is active.
2026-08-23 01:14:45 [DEBUG] --- Running enforcement checks ---
2026-08-23 01:14:45 [DEBUG] Hosts file block section is present. OK.
2026-08-23 01:14:45 [DEBUG] Hosts file is read-only. OK.
2026-08-23 01:14:45 [DEBUG] Browser process detected: msedge.exe -- hosts-level blocking is active.
2026-08-23 01:15:15 [DEBUG] --- Running enforcement checks ---
2026-08-23 01:15:15 [DEBUG] Hosts file block section is present. OK.
2026-08-23 01:15:15 [DEBUG] Hosts file is read-only. OK.
2026-08-23 01:15:15 [DEBUG] Browser process detected: msedge.exe -- hosts-level blocking is active.
2026-08-23 01:15:45 [DEBUG] --- Running enforcement checks ---
2026-08-23 01:15:45 [DEBUG] Hosts file block section is present. OK.
2026-08-23 01:15:45 [DEBUG] Hosts file is read-only. OK.
2026-08-23 01:15:46 [DEBUG] Browser process detected: msedge.exe -- hosts-level blocking is active.
2026-08-23 01:16:16 [DEBUG] --- Running enforcement checks ---
2026-08-23 01:16:16 [DEBUG] Hosts file block section is present. OK.
2026-08-23 01:16:16 [DEBUG] Hosts file is read-only. OK.
2026-08-23 01:16:16 [DEBUG] Browser process detected: msedge.exe -- hosts-level blocking is active.
2026-08-23 01:16:46 [DEBUG] --- Running enforcement checks ---
2026-08-23 01:16:46 [DEBUG] Hosts file block section is present. OK.
2026-08-23 01:16:46 [DEBUG] Hosts file is read-only. OK.
2026-08-23 01:16:46 [DEBUG] Browser process detected: msedge.exe -- hosts-level blocking is active.
2026-08-23 01:17:17 [DEBUG] --- Running enforcement checks ---
2026-08-23 01:17:17 [DEBUG] Hosts file block section is present. OK.
2026-08-23 01:17:17 [DEBUG] Hosts file is read-only. OK.
2026-08-23 01:17:17 [DEBUG] Browser process detected: msedge.exe -- hosts-level blocking is active.
2026-08-23 01:17:47 [DEBUG] --- Running enforcement checks ---
2026-08-23 01:17:47 [DEBUG] Hosts file block section is present. OK.
2026-08-23 01:17:47 [DEBUG] Hosts file is read-only. OK.
2026-08-23 01:17:47 [DEBUG] Browser process detected: msedge.exe -- hosts-level blocking is active.
2026-08-23 01:18:17 [DEBUG] --- Running enforcement checks ---
2026-08-23 01:18:17 [DEBUG] Hosts file block section is present. OK.
2026-08-23 01:18:17 [DEBUG] Hosts file is read-only. OK.
2026-08-23 01:18:18 [DEBUG] Browser process detected: msedge.exe -- hosts-level blocking is active.
2026-08-23 01:18:48 [DEBUG] --- Running enforcement checks ---
2026-08-23 01:18:48 [DEBUG] Hosts file block section is present. OK.
2026-08-23 01:18:48 [DEBUG] Hosts file is read-only. OK.
2026-08-23 01:18:48 [DEBUG] Browser process detected: msedge.exe -- hosts-level blocking is active.
2026-08-23 01:19:18 [DEBUG] --- Running enforcement checks ---
2026-08-23 01:19:18 [DEBUG] Hosts file block section is present. OK.
2026-08-23 01:19:18 [DEBUG] Hosts file is read-only. OK.
2026-08-23 01:19:18 [DEBUG] Browser process detected: msedge.exe -- hosts-level blocking is active.
2026-08-23 01:19:48 [DEBUG] --- Running enforcement checks ---
2026-08-23 01:19:48 [DEBUG] Hosts file block section is present. OK.
2026-08-23 01:19:48 [DEBUG] Hosts file is read-only. OK.
2026-08-23 01:19:49 [DEBUG] Browser process detected: msedge.exe -- hosts-level blocking is active.
2026-08-23 01:20:19 [DEBUG] --- Running enforcement checks ---
2026-08-23 01:20:19 [DEBUG] Hosts file block section is present. OK.
2026-08-23 01:20:19 [DEBUG] Hosts file is read-only. OK.
2026-08-23 01:20:19 [DEBUG] Browser process detected: msedge.exe -- hosts-level blocking is active.
2026-08-23 01:20:49 [DEBUG] --- Running enforcement checks ---
2026-08-23 01:20:49 [DEBUG] Hosts file block section is present. OK.
2026-08-23 01:20:49 [DEBUG] Hosts file is read-only. OK.
2026-08-23 01:20:49 [DEBUG] Browser process detected: msedge.exe -- hosts-level blocking is active.
2026-08-23 01:21:19 [DEBUG] --- Running enforcement checks ---
2026-08-23 01:21:19 [DEBUG] Hosts file block section is present. OK.
2026-08-23 01:21:19 [DEBUG] Hosts file is read-only. OK.
2026-08-23 01:21:20 [DEBUG] Browser process detected: msedge.exe -- hosts-level blocking is active.
2026-08-23 01:21:50 [DEBUG] --- Running enforcement checks ---
2026-08-23 01:21:50 [DEBUG] Hosts file block section is present. OK.
2026-08-23 01:21:50 [DEBUG] Hosts file is read-only. OK.
2026-08-23 01:21:50 [DEBUG] Browser process detected: msedge.exe -- hosts-level blocking is active.
2026-08-23 01:22:20 [DEBUG] --- Running enforcement checks ---
2026-08-23 01:22:20 [DEBUG] Hosts file block section is present. OK.
2026-08-23 01:22:20 [DEBUG] Hosts file is read-only. OK.
2026-08-23 01:22:21 [DEBUG] Browser process detected: msedge.exe -- hosts-level blocking is active.
2026-08-23 01:22:51 [DEBUG] --- Running enforcement checks ---
2026-08-23 01:22:51 [DEBUG] Hosts file block section is present. OK.
2026-08-23 01:22:51 [DEBUG] Hosts file is read-only. OK.
2026-08-23 01:22:51 [DEBUG] Browser process detected: msedge.exe -- hosts-level blocking is active.
2026-08-23 01:23:21 [DEBUG] --- Running enforcement checks ---
2026-08-23 01:23:21 [DEBUG] Hosts file block section is present. OK.
2026-08-23 01:23:21 [DEBUG] Hosts file is read-only. OK.
2026-08-23 01:23:21 [DEBUG] Browser process detected: msedge.exe -- hosts-level blocking is active.
2026-08-23 01:23:51 [DEBUG] --- Running enforcement checks ---
2026-08-23 01:23:51 [DEBUG] Hosts file block section is present. OK.
2026-08-23 01:23:51 [DEBUG] Hosts file is read-only. OK.
2026-08-23 01:23:52 [DEBUG] Browser process detected: msedge.exe -- hosts-level blocking is active.
2026-08-23 01:24:22 [DEBUG] --- Running enforcement checks ---
2026-08-23 01:24:22 [DEBUG] Hosts file block section is present. OK.
2026-08-23 01:24:22 [DEBUG] Hosts file is read-only. OK.
2026-08-23 01:24:22 [DEBUG] Browser process detected: msedge.exe -- hosts-level blocking is active.
2026-08-23 01:24:52 [DEBUG] --- Running enforcement checks ---
2026-08-23 01:24:52 [DEBUG] Hosts file block section is present. OK.
2026-08-23 01:24:52 [DEBUG] Hosts file is read-only. OK.
2026-08-23 01:24:53 [DEBUG] Browser process detected: msedge.exe -- hosts-level blocking is active.
2026-08-23 01:25:23 [DEBUG] --- Running enforcement checks ---
2026-08-23 01:25:23 [DEBUG] Hosts file block section is present. OK.
2026-08-23 01:25:23 [DEBUG] Hosts file is read-only. OK.
2026-08-23 01:25:23 [DEBUG] Browser process detected: msedge.exe -- hosts-level blocking is active.
2026-08-23 01:25:53 [DEBUG] --- Running enforcement checks ---
2026-08-23 01:25:53 [DEBUG] Hosts file block section is present. OK.
2026-08-23 01:25:53 [DEBUG] Hosts file is read-only. OK.
2026-08-23 01:25:53 [DEBUG] Browser process detected: msedge.exe -- hosts-level blocking is active.
2026-08-23 01:26:23 [DEBUG] --- Running enforcement checks ---
2026-08-23 01:26:23 [DEBUG] Hosts file block section is present. OK.
2026-08-23 01:26:23 [DEBUG] Hosts file is read-only. OK.
2026-08-23 01:26:24 [DEBUG] Browser process detected: msedge.exe -- hosts-level blocking is active.
2026-08-23 01:26:54 [DEBUG] --- Running enforcement checks ---
2026-08-23 01:26:54 [DEBUG] Hosts file block section is present. OK.
2026-08-23 01:26:54 [DEBUG] Hosts file is read-only. OK.
2026-08-23 01:26:54 [DEBUG] Browser process detected: msedge.exe -- hosts-level blocking is active.
2026-08-23 01:27:24 [DEBUG] --- Running enforcement checks ---
2026-08-23 01:27:24 [DEBUG] Hosts file block section is present. OK.
2026-08-23 01:27:24 [DEBUG] Hosts file is read-only. OK.
2026-08-23 01:27:25 [DEBUG] Browser process detected: msedge.exe -- hosts-level blocking is active.
2026-08-23 01:27:55 [DEBUG] --- Running enforcement checks ---
2026-08-23 01:27:55 [DEBUG] Hosts file block section is present. OK.
2026-08-23 01:27:55 [DEBUG] Hosts file is read-only. OK.
2026-08-23 01:27:55 [DEBUG] Browser process detected: msedge.exe -- hosts-level blocking is active.
2026-08-23 01:28:25 [DEBUG] --- Running enforcement checks ---
2026-08-23 01:28:25 [DEBUG] Hosts file block section is present. OK.
2026-08-23 01:28:25 [DEBUG] Hosts file is read-only. OK.
2026-08-23 01:28:25 [DEBUG] Browser process detected: msedge.exe -- hosts-level blocking is active.
2026-08-23 01:28:55 [DEBUG] --- Running enforcement checks ---
2026-08-23 01:28:55 [DEBUG] Hosts file block section is present. OK.
2026-08-23 01:28:55 [DEBUG] Hosts file is read-only. OK.
2026-08-23 01:28:56 [DEBUG] Browser process detected: msedge.exe -- hosts-level blocking is active.
2026-08-23 01:29:26 [DEBUG] --- Running enforcement checks ---
2026-08-23 01:29:26 [DEBUG] Hosts file block section is present. OK.
2026-08-23 01:29:26 [DEBUG] Hosts file is read-only. OK.
2026-08-23 01:29:26 [DEBUG] Browser process detected: msedge.exe -- hosts-level blocking is active.
2026-08-23 01:29:56 [DEBUG] --- Running enforcement checks ---
2026-08-23 01:29:56 [DEBUG] Hosts file block section is present. OK.
2026-08-23 01:29:56 [DEBUG] Hosts file is read-only. OK.
2026-08-23 01:29:57 [DEBUG] Browser process detected: msedge.exe -- hosts-level blocking is active.
2026-08-23 01:30:27 [DEBUG] --- Running enforcement checks ---
2026-08-23 01:30:27 [DEBUG] Hosts file block section is present. OK.
2026-08-23 01:30:27 [DEBUG] Hosts file is read-only. OK.
2026-08-23 01:30:27 [DEBUG] Browser process detected: msedge.exe -- hosts-level blocking is active.
2026-08-23 01:30:57 [DEBUG] --- Running enforcement checks ---
2026-08-23 01:30:57 [DEBUG] Hosts file block section is present. OK.
2026-08-23 01:30:57 [DEBUG] Hosts file is read-only. OK.
2026-08-23 01:30:57 [DEBUG] Browser process detected: msedge.exe -- hosts-level blocking is active.
2026-08-23 01:31:27 [DEBUG] --- Running enforcement checks ---
2026-08-23 01:31:27 [DEBUG] Hosts file block section is present. OK.
2026-08-23 01:31:27 [DEBUG] Hosts file is read-only. OK.
2026-08-23 01:31:28 [DEBUG] Browser process detected: msedge.exe -- hosts-level blocking is active.
2026-08-23 01:31:58 [DEBUG] --- Running enforcement checks ---
2026-08-23 01:31:58 [DEBUG] Hosts file block section is present. OK.
2026-08-23 01:31:58 [DEBUG] Hosts file is read-only. OK.
2026-08-23 01:31:58 [DEBUG] Browser process detected: msedge.exe -- hosts-level blocking is active.
2026-08-23 01:32:28 [DEBUG] --- Running enforcement checks ---
2026-08-23 01:32:28 [DEBUG] Hosts file block section is present. OK.
2026-08-23 01:32:28 [DEBUG] Hosts file is read-only. OK.
2026-08-23 01:32:29 [DEBUG] Browser process detected: msedge.exe -- hosts-level blocking is active.
2026-08-23 01:32:59 [DEBUG] --- Running enforcement checks ---
2026-08-23 01:32:59 [DEBUG] Hosts file block section is present. OK.
2026-08-23 01:32:59 [DEBUG] Hosts file is read-only. OK.
2026-08-23 01:32:59 [DEBUG] Browser process detected: msedge.exe -- hosts-level blocking is active.
2026-08-23 01:33:29 [DEBUG] --- Running enforcement checks ---
2026-08-23 01:33:29 [DEBUG] Hosts file block section is present. OK.
2026-08-23 01:33:29 [DEBUG] Hosts file is read-only. OK.
2026-08-23 01:33:29 [DEBUG] Browser process detected: msedge.exe -- hosts-level blocking is active.
2026-08-23 01:34:00 [DEBUG] --- Running enforcement checks ---
2026-08-23 01:34:00 [DEBUG] Hosts file block section is present. OK.
2026-08-23 01:34:00 [DEBUG] Hosts file is read-only. OK.
2026-08-23 01:34:00 [DEBUG] Browser process detected: msedge.exe -- hosts-level blocking is active.
2026-08-23 01:34:30 [DEBUG] --- Running enforcement checks ---
2026-08-23 01:34:30 [DEBUG] Hosts file block section is present. OK.
2026-08-23 01:34:30 [DEBUG] Hosts file is read-only. OK.
2026-08-23 01:34:30 [DEBUG] Browser process detected: msedge.exe -- hosts-level blocking is active.
2026-08-23 01:35:00 [DEBUG] --- Running enforcement checks ---
2026-08-23 01:35:00 [DEBUG] Hosts file block section is present. OK.
2026-08-23 01:35:00 [DEBUG] Hosts file is read-only. OK.
2026-08-23 01:35:01 [DEBUG] Browser process detected: msedge.exe -- hosts-level blocking is active.
2026-08-23 01:35:31 [DEBUG] --- Running enforcement checks ---
2026-08-23 01:35:31 [DEBUG] Hosts file block section is present. OK.
2026-08-23 01:35:31 [DEBUG] Hosts file is read-only. OK.
2026-08-23 01:35:31 [DEBUG] Browser process detected: msedge.exe -- hosts-level blocking is active.
2026-08-23 01:36:01 [DEBUG] --- Running enforcement checks ---
2026-08-23 01:36:01 [DEBUG] Hosts file block section is present. OK.
2026-08-23 01:36:01 [DEBUG] Hosts file is read-only. OK.
2026-08-23 01:36:01 [DEBUG] Browser process detected: msedge.exe -- hosts-level blocking is active.
2026-08-23 01:36:31 [DEBUG] --- Running enforcement checks ---
2026-08-23 01:36:31 [DEBUG] Hosts file block section is present. OK.
2026-08-23 01:36:31 [DEBUG] Hosts file is read-only. OK.
2026-08-23 01:36:32 [DEBUG] Browser process detected: msedge.exe -- hosts-level blocking is active.
2026-08-23 01:37:02 [DEBUG] --- Running enforcement checks ---
2026-08-23 01:37:02 [DEBUG] Hosts file block section is present. OK.
2026-08-23 01:37:02 [DEBUG] Hosts file is read-only. OK.
2026-08-23 01:37:02 [DEBUG] Browser process detected: msedge.exe -- hosts-level blocking is active.
2026-08-23 01:37:32 [DEBUG] --- Running enforcement checks ---
2026-08-23 01:37:32 [DEBUG] Hosts file block section is present. OK.
2026-08-23 01:37:32 [DEBUG] Hosts file is read-only. OK.
2026-08-23 01:37:33 [DEBUG] Browser process detected: msedge.exe -- hosts-level blocking is active.
2026-08-23 01:38:03 [DEBUG] --- Running enforcement checks ---
2026-08-23 01:38:03 [DEBUG] Hosts file block section is present. OK.
2026-08-23 01:38:03 [DEBUG] Hosts file is read-only. OK.
2026-08-23 01:38:03 [DEBUG] Browser process detected: msedge.exe -- hosts-level blocking is active.
2026-08-23 01:38:33 [DEBUG] --- Running enforcement checks ---
2026-08-23 01:38:33 [DEBUG] Hosts file block section is present. OK.
2026-08-23 01:38:33 [DEBUG] Hosts file is read-only. OK.
2026-08-23 01:38:33 [DEBUG] Browser process detected: msedge.exe -- hosts-level blocking is active.
2026-08-23 01:39:03 [DEBUG] --- Running enforcement checks ---
2026-08-23 01:39:03 [DEBUG] Hosts file block section is present. OK.
2026-08-23 01:39:03 [DEBUG] Hosts file is read-only. OK.
2026-08-23 01:39:04 [DEBUG] Browser process detected: msedge.exe -- hosts-level blocking is active.
2026-08-23 01:39:34 [DEBUG] --- Running enforcement checks ---
2026-08-23 01:39:34 [DEBUG] Hosts file block section is present. OK.
2026-08-23 01:39:34 [DEBUG] Hosts file is read-only. OK.
2026-08-23 01:39:34 [DEBUG] Browser process detected: msedge.exe -- hosts-level blocking is active.
2026-08-23 01:40:04 [DEBUG] --- Running enforcement checks ---
2026-08-23 01:40:04 [DEBUG] Hosts file block section is present. OK.
2026-08-23 01:40:04 [DEBUG] Hosts file is read-only. OK.
2026-08-23 01:40:04 [DEBUG] Browser process detected: msedge.exe -- hosts-level blocking is active.
2026-08-23 01:40:34 [DEBUG] --- Running enforcement checks ---
2026-08-23 01:40:34 [DEBUG] Hosts file block section is present. OK.
2026-08-23 01:40:34 [DEBUG] Hosts file is read-only. OK.
2026-08-23 01:40:35 [DEBUG] Browser process detected: msedge.exe -- hosts-level blocking is active.
2026-08-23 01:41:05 [DEBUG] --- Running enforcement checks ---
2026-08-23 01:41:05 [DEBUG] Hosts file block section is present. OK.
2026-08-23 01:41:05 [DEBUG] Hosts file is read-only. OK.
2026-08-23 01:41:05 [DEBUG] Browser process detected: msedge.exe -- hosts-level blocking is active.
2026-08-23 01:41:35 [DEBUG] --- Running enforcement checks ---
2026-08-23 01:41:35 [DEBUG] Hosts file block section is present. OK.
2026-08-23 01:41:35 [DEBUG] Hosts file is read-only. OK.
2026-08-23 01:41:36 [DEBUG] Browser process detected: msedge.exe -- hosts-level blocking is active.
2026-08-23 01:42:06 [DEBUG] --- Running enforcement checks ---
2026-08-23 01:42:06 [DEBUG] Hosts file block section is present. OK.
2026-08-23 01:42:06 [DEBUG] Hosts file is read-only. OK.
2026-08-23 01:42:06 [DEBUG] Browser process detected: msedge.exe -- hosts-level blocking is active.
2026-08-23 01:42:36 [DEBUG] --- Running enforcement checks ---
2026-08-23 01:42:36 [DEBUG] Hosts file block section is present. OK.
2026-08-23 01:42:36 [DEBUG] Hosts file is read-only. OK.
2026-08-23 01:42:36 [DEBUG] Browser process detected: msedge.exe -- hosts-level blocking is active.
2026-08-23 01:43:06 [DEBUG] --- Running enforcement checks ---
2026-08-23 01:43:06 [DEBUG] Hosts file block section is present. OK.
2026-08-23 01:43:06 [DEBUG] Hosts file is read-only. OK.
2026-08-23 01:43:07 [DEBUG] Browser process detected: msedge.exe -- hosts-level blocking is active.
2026-08-23 01:43:37 [DEBUG] --- Running enforcement checks ---
2026-08-23 01:43:37 [DEBUG] Hosts file block section is present. OK.
2026-08-23 01:43:37 [DEBUG] Hosts file is read-only. OK.
2026-08-23 01:43:37 [DEBUG] Browser process detected: msedge.exe -- hosts-level blocking is active.
2026-08-23 01:44:07 [DEBUG] --- Running enforcement checks ---
2026-08-23 01:44:07 [DEBUG] Hosts file block section is present. OK.
2026-08-23 01:44:07 [DEBUG] Hosts file is read-only. OK.
2026-08-23 01:44:08 [DEBUG] Browser process detected: msedge.exe -- hosts-level blocking is active.
2026-08-23 01:44:38 [DEBUG] --- Running enforcement checks ---
2026-08-23 01:44:38 [DEBUG] Hosts file block section is present. OK.
2026-08-23 01:44:38 [DEBUG] Hosts file is read-only. OK.
2026-08-23 01:44:38 [DEBUG] Browser process detected: msedge.exe -- hosts-level blocking is active.
2026-08-23 01:45:08 [DEBUG] --- Running enforcement checks ---
2026-08-23 01:45:08 [DEBUG] Hosts file block section is present. OK.
2026-08-23 01:45:08 [DEBUG] Hosts file is read-only. OK.
2026-08-23 01:45:08 [DEBUG] Browser process detected: msedge.exe -- hosts-level blocking is active.
2026-08-23 01:45:38 [DEBUG] --- Running enforcement checks ---
2026-08-23 01:45:38 [DEBUG] Hosts file block section is present. OK.
2026-08-23 01:45:38 [DEBUG] Hosts file is read-only. OK.
2026-08-23 01:45:39 [DEBUG] Browser process detected: msedge.exe -- hosts-level blocking is active.
2026-08-23 01:46:09 [DEBUG] --- Running enforcement checks ---
2026-08-23 01:46:09 [DEBUG] Hosts file block section is present. OK.
2026-08-23 01:46:09 [DEBUG] Hosts file is read-only. OK.
2026-08-23 01:46:09 [DEBUG] Browser process detected: msedge.exe -- hosts-level blocking is active.
2026-08-23 01:46:39 [DEBUG] --- Running enforcement checks ---
2026-08-23 01:46:39 [DEBUG] Hosts file block section is present. OK.
2026-08-23 01:46:39 [DEBUG] Hosts file is read-only. OK.
2026-08-23 01:46:39 [DEBUG] Browser process detected: msedge.exe -- hosts-level blocking is active.
2026-08-23 01:47:09 [DEBUG] --- Running enforcement checks ---
2026-08-23 01:47:09 [DEBUG] Hosts file block section is present. OK.
2026-08-23 01:47:09 [DEBUG] Hosts file is read-only. OK.
2026-08-23 01:47:10 [DEBUG] Browser process detected: msedge.exe -- hosts-level blocking is active.
2026-08-23 01:47:40 [DEBUG] --- Running enforcement checks ---
2026-08-23 01:47:40 [DEBUG] Hosts file block section is present. OK.
2026-08-23 01:47:40 [DEBUG] Hosts file is read-only. OK.
2026-08-23 01:47:40 [DEBUG] Browser process detected: msedge.exe -- hosts-level blocking is active.
2026-08-23 01:48:10 [DEBUG] --- Running enforcement checks ---
2026-08-23 01:48:10 [DEBUG] Hosts file block section is present. OK.
2026-08-23 01:48:10 [DEBUG] Hosts file is read-only. OK.
2026-08-23 01:48:11 [DEBUG] Browser process detected: msedge.exe -- hosts-level blocking is active.
2026-08-23 01:48:41 [DEBUG] --- Running enforcement checks ---
2026-08-23 01:48:41 [DEBUG] Hosts file block section is present. OK.
2026-08-23 01:48:41 [DEBUG] Hosts file is read-only. OK.
2026-08-23 01:48:41 [DEBUG] Browser process detected: msedge.exe -- hosts-level blocking is active.
2026-08-23 01:49:11 [DEBUG] --- Running enforcement checks ---
2026-08-23 01:49:11 [DEBUG] Hosts file block section is present. OK.
2026-08-23 01:49:11 [DEBUG] Hosts file is read-only. OK.
2026-08-23 01:49:11 [DEBUG] Browser process detected: msedge.exe -- hosts-level blocking is active.
2026-08-23 01:49:41 [DEBUG] --- Running enforcement checks ---
2026-08-23 01:49:41 [DEBUG] Hosts file block section is present. OK.
2026-08-23 01:49:41 [DEBUG] Hosts file is read-only. OK.
2026-08-23 01:49:42 [DEBUG] Browser process detected: msedge.exe -- hosts-level blocking is active.
2026-08-23 01:50:12 [DEBUG] --- Running enforcement checks ---
2026-08-23 01:50:12 [DEBUG] Hosts file block section is present. OK.
2026-08-23 01:50:12 [DEBUG] Hosts file is read-only. OK.
2026-08-23 01:50:12 [DEBUG] Browser process detected: msedge.exe -- hosts-level blocking is active.
2026-08-23 01:50:42 [DEBUG] --- Running enforcement checks ---
2026-08-23 01:50:42 [DEBUG] Hosts file block section is present. OK.
2026-08-23 01:50:42 [DEBUG] Hosts file is read-only. OK.
2026-08-23 01:50:42 [DEBUG] Browser process detected: msedge.exe -- hosts-level blocking is active.
2026-08-23 01:51:12 [DEBUG] --- Running enforcement checks ---
2026-08-23 01:51:12 [DEBUG] Hosts file block section is present. OK.
2026-08-23 01:51:12 [DEBUG] Hosts file is read-only. OK.
2026-08-23 01:51:13 [DEBUG] Browser process detected: msedge.exe -- hosts-level blocking is active.
2026-08-23 01:51:43 [DEBUG] --- Running enforcement checks ---
2026-08-23 01:51:43 [DEBUG] Hosts file block section is present. OK.
2026-08-23 01:51:43 [DEBUG] Hosts file is read-only. OK.
2026-08-23 01:51:43 [DEBUG] Browser process detected: msedge.exe -- hosts-level blocking is active.
2026-08-23 01:52:13 [DEBUG] --- Running enforcement checks ---
2026-08-23 01:52:13 [DEBUG] Hosts file block section is present. OK.
2026-08-23 01:52:13 [DEBUG] Hosts file is read-only. OK.
2026-08-23 01:52:14 [DEBUG] Browser process detected: msedge.exe -- hosts-level blocking is active.
2026-08-23 01:52:44 [DEBUG] --- Running enforcement checks ---
2026-08-23 01:52:44 [DEBUG] Hosts file block section is present. OK.
2026-08-23 01:52:44 [DEBUG] Hosts file is read-only. OK.
2026-08-23 01:52:44 [DEBUG] Browser process detected: msedge.exe -- hosts-level blocking is active.
2026-08-23 01:53:14 [DEBUG] --- Running enforcement checks ---
2026-08-23 01:53:14 [DEBUG] Hosts file block section is present. OK.
2026-08-23 01:53:14 [DEBUG] Hosts file is read-only. OK.
2026-08-23 01:53:14 [DEBUG] Browser process detected: msedge.exe -- hosts-level blocking is active.
2026-08-23 01:53:44 [DEBUG] --- Running enforcement checks ---
2026-08-23 01:53:44 [DEBUG] Hosts file block section is present. OK.
2026-08-23 01:53:44 [DEBUG] Hosts file is read-only. OK.
2026-08-23 01:53:45 [DEBUG] Browser process detected: msedge.exe -- hosts-level blocking is active.
2026-08-23 01:54:15 [DEBUG] --- Running enforcement checks ---
2026-08-23 01:54:15 [DEBUG] Hosts file block section is present. OK.
2026-08-23 01:54:15 [DEBUG] Hosts file is read-only. OK.
2026-08-23 01:54:15 [DEBUG] Browser process detected: msedge.exe -- hosts-level blocking is active.
2026-08-23 01:54:45 [DEBUG] --- Running enforcement checks ---
2026-08-23 01:54:45 [DEBUG] Hosts file block section is present. OK.
2026-08-23 01:54:45 [DEBUG] Hosts file is read-only. OK.
2026-08-23 01:54:46 [DEBUG] Browser process detected: msedge.exe -- hosts-level blocking is active.
2026-08-23 01:55:16 [DEBUG] --- Running enforcement checks ---
2026-08-23 01:55:16 [DEBUG] Hosts file block section is present. OK.
2026-08-23 01:55:16 [DEBUG] Hosts file is read-only. OK.
2026-08-23 01:55:16 [DEBUG] Browser process detected: msedge.exe -- hosts-level blocking is active.
2026-08-23 01:55:46 [DEBUG] --- Running enforcement checks ---
2026-08-23 01:55:46 [DEBUG] Hosts file block section is present. OK.
2026-08-23 01:55:46 [DEBUG] Hosts file is read-only. OK.
2026-08-23 01:55:46 [DEBUG] Browser process detected: msedge.exe -- hosts-level blocking is active.
2026-08-23 01:56:16 [DEBUG] --- Running enforcement checks ---
2026-08-23 01:56:16 [DEBUG] Hosts file block section is present. OK.
2026-08-23 01:56:16 [DEBUG] Hosts file is read-only. OK.
2026-08-23 01:56:17 [DEBUG] Browser process detected: msedge.exe -- hosts-level blocking is active.
2026-08-23 01:56:47 [DEBUG] --- Running enforcement checks ---
2026-08-23 01:56:47 [DEBUG] Hosts file block section is present. OK.
2026-08-23 01:56:47 [DEBUG] Hosts file is read-only. OK.
2026-08-23 01:56:47 [DEBUG] Browser process detected: msedge.exe -- hosts-level blocking is active.
2026-08-23 01:57:17 [DEBUG] --- Running enforcement checks ---
2026-08-23 01:57:17 [DEBUG] Hosts file block section is present. OK.
2026-08-23 01:57:17 [DEBUG] Hosts file is read-only. OK.
2026-08-23 01:57:17 [DEBUG] Browser process detected: msedge.exe -- hosts-level blocking is active.
2026-08-23 01:57:48 [DEBUG] --- Running enforcement checks ---
2026-08-23 01:57:48 [DEBUG] Hosts file block section is present. OK.
2026-08-23 01:57:48 [DEBUG] Hosts file is read-only. OK.
2026-08-23 01:57:48 [DEBUG] Browser process detected: msedge.exe -- hosts-level blocking is active.
2026-08-23 01:58:18 [DEBUG] --- Running enforcement checks ---
2026-08-23 01:58:18 [DEBUG] Hosts file block section is present. OK.
2026-08-23 01:58:18 [DEBUG] Hosts file is read-only. OK.
2026-08-23 01:58:18 [DEBUG] Browser process detected: msedge.exe -- hosts-level blocking is active.
2026-08-23 01:58:48 [DEBUG] --- Running enforcement checks ---
2026-08-23 01:58:48 [DEBUG] Hosts file block section is present. OK.
2026-08-23 01:58:48 [DEBUG] Hosts file is read-only. OK.
2026-08-23 01:58:49 [DEBUG] Browser process detected: msedge.exe -- hosts-level blocking is active.
2026-08-23 01:59:19 [DEBUG] --- Running enforcement checks ---
2026-08-23 01:59:19 [DEBUG] Hosts file block section is present. OK.
2026-08-23 01:59:19 [DEBUG] Hosts file is read-only. OK.
2026-08-23 01:59:19 [DEBUG] Browser process detected: msedge.exe -- hosts-level blocking is active.
2026-08-23 01:59:49 [DEBUG] --- Running enforcement checks ---
2026-08-23 01:59:49 [DEBUG] Hosts file block section is present. OK.
2026-08-23 01:59:49 [DEBUG] Hosts file is read-only. OK.
2026-08-23 01:59:49 [DEBUG] Browser process detected: msedge.exe -- hosts-level blocking is active.
2026-08-23 02:00:19 [DEBUG] --- Running enforcement checks ---
2026-08-23 02:00:19 [DEBUG] Hosts file block section is present. OK.
2026-08-23 02:00:19 [DEBUG] Hosts file is read-only. OK.
2026-08-23 02:00:20 [DEBUG] Browser process detected: msedge.exe -- hosts-level blocking is active.
2026-08-23 02:00:50 [DEBUG] --- Running enforcement checks ---
2026-08-23 02:00:50 [DEBUG] Hosts file block section is present. OK.
2026-08-23 02:00:50 [DEBUG] Hosts file is read-only. OK.
2026-08-23 02:00:50 [DEBUG] Browser process detected: msedge.exe -- hosts-level blocking is active.
2026-08-23 02:01:20 [DEBUG] --- Running enforcement checks ---
2026-08-23 02:01:20 [DEBUG] Hosts file block section is present. OK.
2026-08-23 02:01:20 [DEBUG] Hosts file is read-only. OK.
2026-08-23 02:01:21 [DEBUG] Browser process detected: msedge.exe -- hosts-level blocking is active.
2026-08-23 02:01:51 [DEBUG] --- Running enforcement checks ---
2026-08-23 02:01:51 [DEBUG] Hosts file block section is present. OK.
2026-08-23 02:01:51 [DEBUG] Hosts file is read-only. OK.
2026-08-23 02:01:51 [DEBUG] Browser process detected: msedge.exe -- hosts-level blocking is active.
2026-08-23 02:02:21 [DEBUG] --- Running enforcement checks ---
2026-08-23 02:02:21 [DEBUG] Hosts file block section is present. OK.
2026-08-23 02:02:21 [DEBUG] Hosts file is read-only. OK.
2026-08-23 02:02:21 [DEBUG] Browser process detected: msedge.exe -- hosts-level blocking is active.
2026-08-23 02:02:51 [DEBUG] --- Running enforcement checks ---
2026-08-23 02:02:51 [DEBUG] Hosts file block section is present. OK.
2026-08-23 02:02:51 [DEBUG] Hosts file is read-only. OK.
2026-08-23 02:02:52 [DEBUG] Browser process detected: msedge.exe -- hosts-level blocking is active.
2026-08-23 02:03:22 [DEBUG] --- Running enforcement checks ---
2026-08-23 02:03:22 [DEBUG] Hosts file block section is present. OK.
2026-08-23 02:03:22 [DEBUG] Hosts file is read-only. OK.
2026-08-23 02:03:22 [DEBUG] Browser process detected: msedge.exe -- hosts-level blocking is active.
2026-08-23 02:03:52 [DEBUG] --- Running enforcement checks ---
2026-08-23 02:03:52 [DEBUG] Hosts file block section is present. OK.
2026-08-23 02:03:52 [DEBUG] Hosts file is read-only. OK.
2026-08-23 02:03:53 [DEBUG] Browser process detected: msedge.exe -- hosts-level blocking is active.
2026-08-23 02:04:23 [DEBUG] --- Running enforcement checks ---
2026-08-23 02:04:23 [DEBUG] Hosts file block section is present. OK.
2026-08-23 02:04:23 [DEBUG] Hosts file is read-only. OK.
2026-08-23 02:04:23 [DEBUG] Browser process detected: msedge.exe -- hosts-level blocking is active.
2026-08-23 02:04:53 [DEBUG] --- Running enforcement checks ---
2026-08-23 02:04:53 [DEBUG] Hosts file block section is present. OK.
2026-08-23 02:04:53 [DEBUG] Hosts file is read-only. OK.
2026-08-23 02:04:53 [DEBUG] Browser process detected: msedge.exe -- hosts-level blocking is active.
2026-08-23 02:05:23 [DEBUG] --- Running enforcement checks ---
2026-08-23 02:05:23 [DEBUG] Hosts file block section is present. OK.
2026-08-23 02:05:23 [DEBUG] Hosts file is read-only. OK.
2026-08-23 02:05:24 [DEBUG] Browser process detected: msedge.exe -- hosts-level blocking is active.
2026-08-23 02:05:54 [DEBUG] --- Running enforcement checks ---
2026-08-23 02:05:54 [DEBUG] Hosts file block section is present. OK.
2026-08-23 02:05:54 [DEBUG] Hosts file is read-only. OK.
2026-08-23 02:05:54 [DEBUG] Browser process detected: msedge.exe -- hosts-level blocking is active.
2026-08-23 02:06:24 [DEBUG] --- Running enforcement checks ---
2026-08-23 02:06:24 [DEBUG] Hosts file block section is present. OK.
2026-08-23 02:06:24 [DEBUG] Hosts file is read-only. OK.
2026-08-23 02:06:25 [DEBUG] Browser process detected: msedge.exe -- hosts-level blocking is active.
2026-08-23 02:06:55 [DEBUG] --- Running enforcement checks ---
2026-08-23 02:06:55 [DEBUG] Hosts file block section is present. OK.
2026-08-23 02:06:55 [DEBUG] Hosts file is read-only. OK.
2026-08-23 02:06:55 [DEBUG] Browser process detected: msedge.exe -- hosts-level blocking is active.
2026-08-23 02:07:25 [DEBUG] --- Running enforcement checks ---
2026-08-23 02:07:25 [DEBUG] Hosts file block section is present. OK.
2026-08-23 02:07:25 [DEBUG] Hosts file is read-only. OK.
2026-08-23 02:07:25 [DEBUG] Browser process detected: msedge.exe -- hosts-level blocking is active.
2026-08-23 02:07:55 [DEBUG] --- Running enforcement checks ---
2026-08-23 02:07:55 [DEBUG] Hosts file block section is present. OK.
2026-08-23 02:07:55 [DEBUG] Hosts file is read-only. OK.
2026-08-23 02:07:56 [DEBUG] Browser process detected: msedge.exe -- hosts-level blocking is active.
2026-08-23 02:08:26 [DEBUG] --- Running enforcement checks ---
2026-08-23 02:08:26 [DEBUG] Hosts file block section is present. OK.
2026-08-23 02:08:26 [DEBUG] Hosts file is read-only. OK.
2026-08-23 02:08:26 [DEBUG] Browser process detected: msedge.exe -- hosts-level blocking is active.
2026-08-23 02:08:56 [DEBUG] --- Running enforcement checks ---
2026-08-23 02:08:56 [DEBUG] Hosts file block section is present. OK.
2026-08-23 02:08:56 [DEBUG] Hosts file is read-only. OK.
2026-08-23 02:08:57 [DEBUG] Browser process detected: msedge.exe -- hosts-level blocking is active.
2026-08-23 02:09:27 [DEBUG] --- Running enforcement checks ---
2026-08-23 02:09:27 [DEBUG] Hosts file block section is present. OK.
2026-08-23 02:09:27 [DEBUG] Hosts file is read-only. OK.
2026-08-23 02:09:27 [DEBUG] Browser process detected: msedge.exe -- hosts-level blocking is active.
2026-08-23 02:09:57 [DEBUG] --- Running enforcement checks ---
2026-08-23 02:09:57 [DEBUG] Hosts file block section is present. OK.
2026-08-23 02:09:57 [DEBUG] Hosts file is read-only. OK.
2026-08-23 02:09:57 [DEBUG] Browser process detected: msedge.exe -- hosts-level blocking is active.
2026-08-23 02:10:27 [DEBUG] --- Running enforcement checks ---
2026-08-23 02:10:27 [DEBUG] Hosts file block section is present. OK.
2026-08-23 02:10:27 [DEBUG] Hosts file is read-only. OK.
2026-08-23 02:10:28 [DEBUG] Browser process detected: msedge.exe -- hosts-level blocking is active.
2026-08-23 02:10:58 [DEBUG] --- Running enforcement checks ---
2026-08-23 02:10:58 [DEBUG] Hosts file block section is present. OK.
2026-08-23 02:10:58 [DEBUG] Hosts file is read-only. OK.
2026-08-23 02:10:58 [DEBUG] Browser process detected: msedge.exe -- hosts-level blocking is active.
2026-08-23 02:11:28 [DEBUG] --- Running enforcement checks ---
2026-08-23 02:11:28 [DEBUG] Hosts file block section is present. OK.
2026-08-23 02:11:28 [DEBUG] Hosts file is read-only. OK.
2026-08-23 02:11:29 [DEBUG] Browser process detected: msedge.exe -- hosts-level blocking is active.
2026-08-23 02:11:59 [DEBUG] --- Running enforcement checks ---
2026-08-23 02:11:59 [DEBUG] Hosts file block section is present. OK.
2026-08-23 02:11:59 [DEBUG] Hosts file is read-only. OK.
2026-08-23 02:11:59 [DEBUG] Browser process detected: msedge.exe -- hosts-level blocking is active.
2026-08-23 02:12:29 [DEBUG] --- Running enforcement checks ---
2026-08-23 02:12:29 [DEBUG] Hosts file block section is present. OK.
2026-08-23 02:12:29 [DEBUG] Hosts file is read-only. OK.
2026-08-23 02:12:29 [DEBUG] Browser process detected: msedge.exe -- hosts-level blocking is active.
2026-08-23 02:12:59 [DEBUG] --- Running enforcement checks ---
2026-08-23 02:12:59 [DEBUG] Hosts file block section is present. OK.
2026-08-23 02:12:59 [DEBUG] Hosts file is read-only. OK.
2026-08-23 02:13:00 [DEBUG] Browser process detected: msedge.exe -- hosts-level blocking is active.
2026-08-23 02:13:30 [DEBUG] --- Running enforcement checks ---
2026-08-23 02:13:30 [DEBUG] Hosts file block section is present. OK.
2026-08-23 02:13:30 [DEBUG] Hosts file is read-only. OK.
2026-08-23 02:13:30 [DEBUG] Browser process detected: msedge.exe -- hosts-level blocking is active.
2026-08-23 02:14:00 [DEBUG] --- Running enforcement checks ---
2026-08-23 02:14:00 [DEBUG] Hosts file block section is present. OK.
2026-08-23 02:14:00 [DEBUG] Hosts file is read-only. OK.
2026-08-23 02:14:00 [DEBUG] Browser process detected: msedge.exe -- hosts-level blocking is active.
2026-08-23 02:14:30 [DEBUG] --- Running enforcement checks ---
2026-08-23 02:14:30 [DEBUG] Hosts file block section is present. OK.
2026-08-23 02:14:30 [DEBUG] Hosts file is read-only. OK.
2026-08-23 02:14:31 [DEBUG] Browser process detected: msedge.exe -- hosts-level blocking is active.
2026-08-23 02:15:01 [DEBUG] --- Running enforcement checks ---
2026-08-23 02:15:01 [DEBUG] Hosts file block section is present. OK.
2026-08-23 02:15:01 [DEBUG] Hosts file is read-only. OK.
2026-08-23 02:15:01 [DEBUG] Browser process detected: msedge.exe -- hosts-level blocking is active.
2026-08-23 02:15:31 [DEBUG] --- Running enforcement checks ---
2026-08-23 02:15:31 [DEBUG] Hosts file block section is present. OK.
2026-08-23 02:15:31 [DEBUG] Hosts file is read-only. OK.
2026-08-23 02:15:32 [DEBUG] Browser process detected: msedge.exe -- hosts-level blocking is active.
2026-08-23 02:16:02 [DEBUG] --- Running enforcement checks ---
2026-08-23 02:16:02 [DEBUG] Hosts file block section is present. OK.
2026-08-23 02:16:02 [DEBUG] Hosts file is read-only. OK.
2026-08-23 02:16:02 [DEBUG] Browser process detected: msedge.exe -- hosts-level blocking is active.
2026-08-23 02:16:32 [DEBUG] --- Running enforcement checks ---
2026-08-23 02:16:32 [DEBUG] Hosts file block section is present. OK.
2026-08-23 02:16:32 [DEBUG] Hosts file is read-only. OK.
2026-08-23 02:16:32 [DEBUG] Browser process detected: msedge.exe -- hosts-level blocking is active.
2026-08-23 02:17:02 [DEBUG] --- Running enforcement checks ---
2026-08-23 02:17:02 [DEBUG] Hosts file block section is present. OK.
2026-08-23 02:17:02 [DEBUG] Hosts file is read-only. OK.
2026-08-23 02:17:03 [DEBUG] Browser process detected: msedge.exe -- hosts-level blocking is active.
2026-08-23 02:17:33 [DEBUG] --- Running enforcement checks ---
2026-08-23 02:17:33 [DEBUG] Hosts file block section is present. OK.
2026-08-23 02:17:33 [DEBUG] Hosts file is read-only. OK.
2026-08-23 02:17:33 [DEBUG] Browser process detected: msedge.exe -- hosts-level blocking is active.
2026-08-23 02:18:03 [DEBUG] --- Running enforcement checks ---
2026-08-23 02:18:03 [DEBUG] Hosts file block section is present. OK.
2026-08-23 02:18:03 [DEBUG] Hosts file is read-only. OK.
2026-08-23 02:18:03 [DEBUG] Browser process detected: msedge.exe -- hosts-level blocking is active.
2026-08-23 02:18:33 [DEBUG] --- Running enforcement checks ---
2026-08-23 02:18:33 [DEBUG] Hosts file block section is present. OK.
2026-08-23 02:18:33 [DEBUG] Hosts file is read-only. OK.
2026-08-23 02:18:34 [DEBUG] Browser process detected: msedge.exe -- hosts-level blocking is active.
2026-08-23 02:19:04 [DEBUG] --- Running enforcement checks ---
2026-08-23 02:19:04 [DEBUG] Hosts file block section is present. OK.
2026-08-23 02:19:04 [DEBUG] Hosts file is read-only. OK.
2026-08-23 02:19:04 [DEBUG] Browser process detected: msedge.exe -- hosts-level blocking is active.
2026-08-23 02:19:34 [DEBUG] --- Running enforcement checks ---
2026-08-23 02:19:34 [DEBUG] Hosts file block section is present. OK.
2026-08-23 02:19:34 [DEBUG] Hosts file is read-only. OK.
2026-08-23 02:19:35 [DEBUG] Browser process detected: msedge.exe -- hosts-level blocking is active.
2026-08-23 02:20:05 [DEBUG] --- Running enforcement checks ---
2026-08-23 02:20:05 [DEBUG] Hosts file block section is present. OK.
2026-08-23 02:20:05 [DEBUG] Hosts file is read-only. OK.
2026-08-23 02:20:05 [DEBUG] Browser process detected: msedge.exe -- hosts-level blocking is active.
2026-08-23 02:20:35 [DEBUG] --- Running enforcement checks ---
2026-08-23 02:20:35 [DEBUG] Hosts file block section is present. OK.
2026-08-23 02:20:35 [DEBUG] Hosts file is read-only. OK.
2026-08-23 02:20:36 [DEBUG] Browser process detected: msedge.exe -- hosts-level blocking is active.
2026-08-23 02:21:06 [DEBUG] --- Running enforcement checks ---
2026-08-23 02:21:06 [DEBUG] Hosts file block section is present. OK.
2026-08-23 02:21:06 [DEBUG] Hosts file is read-only. OK.
2026-08-23 02:21:06 [DEBUG] Browser process detected: msedge.exe -- hosts-level blocking is active.
2026-08-23 02:21:36 [DEBUG] --- Running enforcement checks ---
2026-08-23 02:21:36 [DEBUG] Hosts file block section is present. OK.
2026-08-23 02:21:36 [DEBUG] Hosts file is read-only. OK.
2026-08-23 02:21:36 [DEBUG] Browser process detected: msedge.exe -- hosts-level blocking is active.
2026-08-23 02:22:06 [DEBUG] --- Running enforcement checks ---
2026-08-23 02:22:06 [DEBUG] Hosts file block section is present. OK.
2026-08-23 02:22:06 [DEBUG] Hosts file is read-only. OK.
2026-08-23 02:22:07 [DEBUG] Browser process detected: msedge.exe -- hosts-level blocking is active.
2026-08-23 02:22:37 [DEBUG] --- Running enforcement checks ---
2026-08-23 02:22:37 [DEBUG] Hosts file block section is present. OK.
2026-08-23 02:22:37 [DEBUG] Hosts file is read-only. OK.
2026-08-23 02:22:37 [DEBUG] Browser process detected: msedge.exe -- hosts-level blocking is active.
2026-08-23 02:23:07 [DEBUG] --- Running enforcement checks ---
2026-08-23 02:23:07 [DEBUG] Hosts file block section is present. OK.
2026-08-23 02:23:07 [DEBUG] Hosts file is read-only. OK.
2026-08-23 02:23:08 [DEBUG] Browser process detected: msedge.exe -- hosts-level blocking is active.
2026-08-23 02:23:38 [DEBUG] --- Running enforcement checks ---
2026-08-23 02:23:38 [DEBUG] Hosts file block section is present. OK.
2026-08-23 02:23:38 [DEBUG] Hosts file is read-only. OK.
2026-08-23 02:23:38 [DEBUG] Browser process detected: msedge.exe -- hosts-level blocking is active.
2026-08-23 02:24:08 [DEBUG] --- Running enforcement checks ---
2026-08-23 02:24:08 [DEBUG] Hosts file block section is present. OK.
2026-08-23 02:24:08 [DEBUG] Hosts file is read-only. OK.
2026-08-23 02:24:09 [DEBUG] Browser process detected: msedge.exe -- hosts-level blocking is active.
2026-08-23 02:24:39 [DEBUG] --- Running enforcement checks ---
2026-08-23 02:24:39 [DEBUG] Hosts file block section is present. OK.
2026-08-23 02:24:39 [DEBUG] Hosts file is read-only. OK.
2026-08-23 02:24:39 [DEBUG] Browser process detected: msedge.exe -- hosts-level blocking is active.
2026-08-23 02:25:09 [DEBUG] --- Running enforcement checks ---
2026-08-23 02:25:09 [DEBUG] Hosts file block section is present. OK.
2026-08-23 02:25:09 [DEBUG] Hosts file is read-only. OK.
2026-08-23 02:25:10 [DEBUG] Browser process detected: msedge.exe -- hosts-level blocking is active.
2026-08-23 02:25:40 [DEBUG] --- Running enforcement checks ---
2026-08-23 02:25:40 [DEBUG] Hosts file block section is present. OK.
2026-08-23 02:25:40 [DEBUG] Hosts file is read-only. OK.
2026-08-23 02:25:40 [DEBUG] Browser process detected: msedge.exe -- hosts-level blocking is active.
2026-08-23 15:31:30 [DEBUG] --- Running enforcement checks ---
2026-08-23 15:31:30 [DEBUG] Hosts file block section is present. OK.
2026-08-23 15:31:30 [DEBUG] Hosts file is read-only. OK.
2026-08-23 15:32:00 [DEBUG] --- Running enforcement checks ---
2026-08-23 15:32:00 [DEBUG] Hosts file block section is present. OK.
2026-08-23 15:32:00 [DEBUG] Hosts file is read-only. OK.
2026-08-23 15:32:31 [DEBUG] --- Running enforcement checks ---
2026-08-23 15:32:31 [DEBUG] Hosts file block section is present. OK.
2026-08-23 15:32:31 [DEBUG] Hosts file is read-only. OK.
2026-08-23 15:32:31 [DEBUG] Browser process detected: msedge.exe -- hosts-level blocking is active.
2026-08-23 15:33:01 [DEBUG] --- Running enforcement checks ---
2026-08-23 15:33:01 [DEBUG] Hosts file block section is present. OK.
2026-08-23 15:33:01 [DEBUG] Hosts file is read-only. OK.
2026-08-23 15:33:01 [DEBUG] Browser process detected: msedge.exe -- hosts-level blocking is active.
2026-08-23 15:33:31 [DEBUG] --- Running enforcement checks ---
2026-08-23 15:33:31 [DEBUG] Hosts file block section is present. OK.
2026-08-23 15:33:31 [DEBUG] Hosts file is read-only. OK.
2026-08-23 15:33:32 [DEBUG] Browser process detected: msedge.exe -- hosts-level blocking is active.
2026-08-23 15:34:02 [DEBUG] --- Running enforcement checks ---
2026-08-23 15:34:02 [DEBUG] Hosts file block section is present. OK.
2026-08-23 15:34:02 [DEBUG] Hosts file is read-only. OK.
2026-08-23 15:34:02 [DEBUG] Browser process detected: msedge.exe -- hosts-level blocking is active.
2026-08-23 15:34:32 [DEBUG] --- Running enforcement checks ---
2026-08-23 15:34:32 [DEBUG] Hosts file block section is present. OK.
2026-08-23 15:34:32 [DEBUG] Hosts file is read-only. OK.
2026-08-23 15:34:33 [DEBUG] Browser process detected: msedge.exe -- hosts-level blocking is active.
2026-08-23 15:35:03 [DEBUG] --- Running enforcement checks ---
2026-08-23 15:35:03 [DEBUG] Hosts file block section is present. OK.
2026-08-23 15:35:03 [DEBUG] Hosts file is read-only. OK.
2026-08-23 15:35:03 [DEBUG] Browser process detected: msedge.exe -- hosts-level blocking is active.
2026-08-23 15:35:33 [DEBUG] --- Running enforcement checks ---
2026-08-23 15:35:33 [DEBUG] Hosts file block section is present. OK.
2026-08-23 15:35:33 [DEBUG] Hosts file is read-only. OK.
2026-08-23 15:35:34 [DEBUG] Browser process detected: msedge.exe -- hosts-level blocking is active.
2026-08-23 15:36:04 [DEBUG] --- Running enforcement checks ---
2026-08-23 15:36:04 [DEBUG] Hosts file block section is present. OK.
2026-08-23 15:36:04 [DEBUG] Hosts file is read-only. OK.
2026-08-23 15:36:04 [DEBUG] Browser process detected: msedge.exe -- hosts-level blocking is active.
2026-08-23 15:36:34 [DEBUG] --- Running enforcement checks ---
2026-08-23 15:36:34 [DEBUG] Hosts file block section is present. OK.
2026-08-23 15:36:34 [DEBUG] Hosts file is read-only. OK.
2026-08-23 15:36:34 [DEBUG] Browser process detected: msedge.exe -- hosts-level blocking is active.
2026-08-23 15:37:04 [DEBUG] --- Running enforcement checks ---
2026-08-23 15:37:04 [DEBUG] Hosts file block section is present. OK.
2026-08-23 15:37:04 [DEBUG] Hosts file is read-only. OK.
2026-08-23 15:37:05 [DEBUG] Browser process detected: msedge.exe -- hosts-level blocking is active.
2026-08-23 15:37:35 [DEBUG] --- Running enforcement checks ---
2026-08-23 15:37:35 [DEBUG] Hosts file block section is present. OK.
2026-08-23 15:37:35 [DEBUG] Hosts file is read-only. OK.
2026-08-23 15:37:35 [DEBUG] Browser process detected: msedge.exe -- hosts-level blocking is active.
2026-08-23 15:38:05 [DEBUG] --- Running enforcement checks ---
2026-08-23 15:38:05 [DEBUG] Hosts file block section is present. OK.
2026-08-23 15:38:05 [DEBUG] Hosts file is read-only. OK.
2026-08-23 15:38:06 [DEBUG] Browser process detected: msedge.exe -- hosts-level blocking is active.
2026-08-23 15:38:36 [DEBUG] --- Running enforcement checks ---
2026-08-23 15:38:36 [DEBUG] Hosts file block section is present. OK.
2026-08-23 15:38:36 [DEBUG] Hosts file is read-only. OK.
2026-08-23 15:38:36 [DEBUG] Browser process detected: msedge.exe -- hosts-level blocking is active.
2026-08-23 15:39:06 [DEBUG] --- Running enforcement checks ---
2026-08-23 15:39:06 [DEBUG] Hosts file block section is present. OK.
2026-08-23 15:39:06 [DEBUG] Hosts file is read-only. OK.
2026-08-23 15:39:06 [DEBUG] Browser process detected: msedge.exe -- hosts-level blocking is active.
2026-08-23 15:47:41 [DEBUG] --- Running enforcement checks ---
2026-08-23 15:47:41 [DEBUG] Hosts file block section is present. OK.
2026-08-23 15:47:41 [DEBUG] Hosts file is read-only. OK.
2026-08-23 15:47:42 [DEBUG] Browser process detected: msedge.exe -- hosts-level blocking is active.
2026-08-23 15:48:12 [DEBUG] --- Running enforcement checks ---
2026-08-23 15:48:12 [DEBUG] Hosts file block section is present. OK.
2026-08-23 15:48:12 [DEBUG] Hosts file is read-only. OK.
2026-08-23 15:48:13 [DEBUG] Browser process detected: msedge.exe -- hosts-level blocking is active.
2026-08-23 15:48:43 [DEBUG] --- Running enforcement checks ---
2026-08-23 15:48:43 [DEBUG] Hosts file block section is present. OK.
2026-08-23 15:48:43 [DEBUG] Hosts file is read-only. OK.
2026-08-23 15:48:43 [DEBUG] Browser process detected: msedge.exe -- hosts-level blocking is active.
2026-08-23 15:49:13 [DEBUG] --- Running enforcement checks ---
2026-08-23 15:49:13 [DEBUG] Hosts file block section is present. OK.
2026-08-23 15:49:13 [DEBUG] Hosts file is read-only. OK.
2026-08-23 15:49:14 [DEBUG] Browser process detected: msedge.exe -- hosts-level blocking is active.
2026-08-23 15:49:44 [DEBUG] --- Running enforcement checks ---
2026-08-23 15:49:44 [DEBUG] Hosts file block section is present. OK.
2026-08-23 15:49:44 [DEBUG] Hosts file is read-only. OK.
2026-08-23 15:49:44 [DEBUG] Browser process detected: msedge.exe -- hosts-level blocking is active.
2026-08-23 15:50:14 [DEBUG] --- Running enforcement checks ---
2026-08-23 15:50:14 [DEBUG] Hosts file block section is present. OK.
2026-08-23 15:50:14 [DEBUG] Hosts file is read-only. OK.
2026-08-23 15:50:15 [DEBUG] Browser process detected: msedge.exe -- hosts-level blocking is active.
2026-08-23 15:50:45 [DEBUG] --- Running enforcement checks ---
2026-08-23 15:50:45 [DEBUG] Hosts file block section is present. OK.
2026-08-23 15:50:45 [DEBUG] Hosts file is read-only. OK.
2026-08-23 15:50:45 [DEBUG] Browser process detected: msedge.exe -- hosts-level blocking is active.
2026-08-23 15:51:15 [DEBUG] --- Running enforcement checks ---
2026-08-23 15:51:15 [DEBUG] Hosts file block section is present. OK.
2026-08-23 15:51:15 [DEBUG] Hosts file is read-only. OK.
2026-08-23 15:51:16 [DEBUG] Browser process detected: msedge.exe -- hosts-level blocking is active.
2026-08-23 15:51:46 [DEBUG] --- Running enforcement checks ---
2026-08-23 15:51:46 [DEBUG] Hosts file block section is present. OK.
2026-08-23 15:51:46 [DEBUG] Hosts file is read-only. OK.
2026-08-23 15:51:46 [DEBUG] Browser process detected: msedge.exe -- hosts-level blocking is active.
2026-08-23 15:52:16 [DEBUG] --- Running enforcement checks ---
2026-08-23 15:52:16 [DEBUG] Hosts file block section is present. OK.
2026-08-23 15:52:16 [DEBUG] Hosts file is read-only. OK.
2026-08-23 15:52:16 [DEBUG] Browser process detected: msedge.exe -- hosts-level blocking is active.
2026-08-23 15:52:46 [DEBUG] --- Running enforcement checks ---
2026-08-23 15:52:46 [DEBUG] Hosts file block section is present. OK.
2026-08-23 15:52:46 [DEBUG] Hosts file is read-only. OK.
2026-08-23 15:52:47 [DEBUG] Browser process detected: msedge.exe -- hosts-level blocking is active.
2026-08-23 15:53:17 [DEBUG] --- Running enforcement checks ---
2026-08-23 15:53:17 [DEBUG] Hosts file block section is present. OK.
2026-08-23 15:53:17 [DEBUG] Hosts file is read-only. OK.
2026-08-23 15:53:17 [DEBUG] Browser process detected: msedge.exe -- hosts-level blocking is active.
2026-08-23 15:53:47 [DEBUG] --- Running enforcement checks ---
2026-08-23 15:53:47 [DEBUG] Hosts file block section is present. OK.
2026-08-23 15:53:47 [DEBUG] Hosts file is read-only. OK.
2026-08-23 15:53:48 [DEBUG] Browser process detected: msedge.exe -- hosts-level blocking is active.
2026-08-23 15:54:18 [DEBUG] --- Running enforcement checks ---
2026-08-23 15:54:18 [DEBUG] Hosts file block section is present. OK.
2026-08-23 15:54:18 [DEBUG] Hosts file is read-only. OK.
2026-08-23 15:54:18 [DEBUG] Browser process detected: msedge.exe -- hosts-level blocking is active.
2026-08-23 15:54:48 [DEBUG] --- Running enforcement checks ---
2026-08-23 15:54:48 [DEBUG] Hosts file block section is present. OK.
2026-08-23 15:54:48 [DEBUG] Hosts file is read-only. OK.
2026-08-23 15:54:49 [DEBUG] Browser process detected: msedge.exe -- hosts-level blocking is active.
2026-08-23 15:55:19 [DEBUG] --- Running enforcement checks ---
2026-08-23 15:55:19 [DEBUG] Hosts file block section is present. OK.
2026-08-23 15:55:19 [DEBUG] Hosts file is read-only. OK.
2026-08-23 15:55:19 [DEBUG] Browser process detected: msedge.exe -- hosts-level blocking is active.
2026-08-23 15:55:49 [DEBUG] --- Running enforcement checks ---
2026-08-23 15:55:49 [DEBUG] Hosts file block section is present. OK.
2026-08-23 15:55:49 [DEBUG] Hosts file is read-only. OK.
2026-08-23 15:55:49 [DEBUG] Browser process detected: msedge.exe -- hosts-level blocking is active.
2026-08-23 15:56:19 [DEBUG] --- Running enforcement checks ---
2026-08-23 15:56:19 [DEBUG] Hosts file block section is present. OK.
2026-08-23 15:56:19 [DEBUG] Hosts file is read-only. OK.
2026-08-23 15:56:20 [DEBUG] Browser process detected: msedge.exe -- hosts-level blocking is active.
2026-08-23 15:56:50 [DEBUG] --- Running enforcement checks ---
2026-08-23 15:56:50 [DEBUG] Hosts file block section is present. OK.
2026-08-23 15:56:50 [DEBUG] Hosts file is read-only. OK.
2026-08-23 15:56:50 [DEBUG] Browser process detected: msedge.exe -- hosts-level blocking is active.
2026-08-23 15:57:20 [DEBUG] --- Running enforcement checks ---
2026-08-23 15:57:20 [DEBUG] Hosts file block section is present. OK.
2026-08-23 15:57:20 [DEBUG] Hosts file is read-only. OK.
2026-08-23 15:57:21 [DEBUG] Browser process detected: msedge.exe -- hosts-level blocking is active.
2026-08-23 15:57:51 [DEBUG] --- Running enforcement checks ---
2026-08-23 15:57:51 [DEBUG] Hosts file block section is present. OK.
2026-08-23 15:57:51 [DEBUG] Hosts file is read-only. OK.
2026-08-23 15:57:51 [DEBUG] Browser process detected: msedge.exe -- hosts-level blocking is active.
2026-08-23 15:58:21 [DEBUG] --- Running enforcement checks ---
2026-08-23 15:58:21 [DEBUG] Hosts file block section is present. OK.
2026-08-23 15:58:21 [DEBUG] Hosts file is read-only. OK.
2026-08-23 15:58:22 [DEBUG] Browser process detected: msedge.exe -- hosts-level blocking is active.
2026-08-23 15:58:52 [DEBUG] --- Running enforcement checks ---
2026-08-23 15:58:52 [DEBUG] Hosts file block section is present. OK.
2026-08-23 15:58:52 [DEBUG] Hosts file is read-only. OK.
2026-08-23 15:58:52 [DEBUG] Browser process detected: msedge.exe -- hosts-level blocking is active.
2026-08-23 15:59:22 [DEBUG] --- Running enforcement checks ---
2026-08-23 15:59:22 [DEBUG] Hosts file block section is present. OK.
2026-08-23 15:59:22 [DEBUG] Hosts file is read-only. OK.
2026-08-23 15:59:23 [DEBUG] Browser process detected: msedge.exe -- hosts-level blocking is active.
2026-08-23 15:59:53 [DEBUG] --- Running enforcement checks ---
2026-08-23 15:59:53 [DEBUG] Hosts file block section is present. OK.
2026-08-23 15:59:53 [DEBUG] Hosts file is read-only. OK.
2026-08-23 15:59:53 [DEBUG] Browser process detected: msedge.exe -- hosts-level blocking is active.
2026-08-23 16:00:23 [DEBUG] --- Running enforcement checks ---
2026-08-23 16:00:23 [DEBUG] Hosts file block section is present. OK.
2026-08-23 16:00:23 [DEBUG] Hosts file is read-only. OK.
2026-08-23 16:00:23 [DEBUG] Browser process detected: msedge.exe -- hosts-level blocking is active.
2026-08-23 16:00:53 [DEBUG] --- Running enforcement checks ---
2026-08-23 16:00:53 [DEBUG] Hosts file block section is present. OK.
2026-08-23 16:00:53 [DEBUG] Hosts file is read-only. OK.
2026-08-23 16:00:54 [DEBUG] Browser process detected: msedge.exe -- hosts-level blocking is active.
2026-08-23 16:01:24 [DEBUG] --- Running enforcement checks ---
2026-08-23 16:01:24 [DEBUG] Hosts file block section is present. OK.
2026-08-23 16:01:24 [DEBUG] Hosts file is read-only. OK.
2026-08-23 16:01:25 [DEBUG] Browser process detected: msedge.exe -- hosts-level blocking is active.
2026-08-23 16:26:32 [DEBUG] --- Running enforcement checks ---
2026-08-23 16:26:32 [DEBUG] Hosts file block section is present. OK.
2026-08-23 16:26:32 [DEBUG] Hosts file is read-only. OK.
2026-08-23 16:26:33 [DEBUG] Browser process detected: msedge.exe -- hosts-level blocking is active.
2026-08-23 16:27:03 [DEBUG] --- Running enforcement checks ---
2026-08-23 16:27:03 [DEBUG] Hosts file block section is present. OK.
2026-08-23 16:27:03 [DEBUG] Hosts file is read-only. OK.
2026-08-23 16:27:03 [DEBUG] Browser process detected: msedge.exe -- hosts-level blocking is active.
2026-08-23 16:27:33 [DEBUG] --- Running enforcement checks ---
2026-08-23 16:27:33 [DEBUG] Hosts file block section is present. OK.
2026-08-23 16:27:33 [DEBUG] Hosts file is read-only. OK.
2026-08-23 16:27:33 [DEBUG] Browser process detected: msedge.exe -- hosts-level blocking is active.
2026-08-23 16:28:03 [DEBUG] --- Running enforcement checks ---
2026-08-23 16:28:03 [DEBUG] Hosts file block section is present. OK.
2026-08-23 16:28:03 [DEBUG] Hosts file is read-only. OK.
2026-08-23 16:28:04 [DEBUG] Browser process detected: msedge.exe -- hosts-level blocking is active.
2026-08-23 16:28:34 [DEBUG] --- Running enforcement checks ---
2026-08-23 16:28:34 [DEBUG] Hosts file block section is present. OK.
2026-08-23 16:28:34 [DEBUG] Hosts file is read-only. OK.
2026-08-23 16:28:34 [DEBUG] Browser process detected: msedge.exe -- hosts-level blocking is active.
2026-08-23 16:29:04 [DEBUG] --- Running enforcement checks ---
2026-08-23 16:29:04 [DEBUG] Hosts file block section is present. OK.
2026-08-23 16:29:04 [DEBUG] Hosts file is read-only. OK.
2026-08-23 16:29:05 [DEBUG] Browser process detected: msedge.exe -- hosts-level blocking is active.
2026-08-23 16:29:35 [DEBUG] --- Running enforcement checks ---
2026-08-23 16:29:35 [DEBUG] Hosts file block section is present. OK.
2026-08-23 16:29:35 [DEBUG] Hosts file is read-only. OK.
2026-08-23 16:29:35 [DEBUG] Browser process detected: msedge.exe -- hosts-level blocking is active.
2026-08-23 16:30:05 [DEBUG] --- Running enforcement checks ---
2026-08-23 16:30:05 [DEBUG] Hosts file block section is present. OK.
2026-08-23 16:30:05 [DEBUG] Hosts file is read-only. OK.
2026-08-23 16:30:06 [DEBUG] Browser process detected: msedge.exe -- hosts-level blocking is active.
2026-08-23 16:30:36 [DEBUG] --- Running enforcement checks ---
2026-08-23 16:30:36 [DEBUG] Hosts file block section is present. OK.
2026-08-23 16:30:36 [DEBUG] Hosts file is read-only. OK.
2026-08-23 16:30:36 [DEBUG] Browser process detected: msedge.exe -- hosts-level blocking is active.
2026-08-23 16:31:06 [DEBUG] --- Running enforcement checks ---
2026-08-23 16:31:06 [DEBUG] Hosts file block section is present. OK.
2026-08-23 16:31:06 [DEBUG] Hosts file is read-only. OK.
2026-08-23 16:31:06 [DEBUG] Browser process detected: msedge.exe -- hosts-level blocking is active.
2026-08-23 16:31:36 [DEBUG] --- Running enforcement checks ---
2026-08-23 16:31:36 [DEBUG] Hosts file block section is present. OK.
2026-08-23 16:31:36 [DEBUG] Hosts file is read-only. OK.
2026-08-23 16:31:37 [DEBUG] Browser process detected: msedge.exe -- hosts-level blocking is active.
2026-08-23 16:32:07 [DEBUG] --- Running enforcement checks ---
2026-08-23 16:32:07 [DEBUG] Hosts file block section is present. OK.
2026-08-23 16:32:07 [DEBUG] Hosts file is read-only. OK.
2026-08-23 16:32:07 [DEBUG] Browser process detected: msedge.exe -- hosts-level blocking is active.
2026-08-23 16:32:37 [DEBUG] --- Running enforcement checks ---
2026-08-23 16:32:37 [DEBUG] Hosts file block section is present. OK.
2026-08-23 16:32:37 [DEBUG] Hosts file is read-only. OK.
2026-08-23 16:32:38 [DEBUG] Browser process detected: msedge.exe -- hosts-level blocking is active.
2026-08-23 16:34:39 [DEBUG] --- Running enforcement checks ---
2026-08-23 16:34:39 [DEBUG] Hosts file block section is present. OK.
2026-08-23 16:34:39 [DEBUG] Hosts file is read-only. OK.
2026-08-23 16:34:39 [DEBUG] Browser process detected: msedge.exe -- hosts-level blocking is active.
2026-08-23 16:35:09 [DEBUG] --- Running enforcement checks ---
2026-08-23 16:35:09 [DEBUG] Hosts file block section is present. OK.
2026-08-23 16:35:09 [DEBUG] Hosts file is read-only. OK.
2026-08-23 16:35:10 [DEBUG] Browser process detected: msedge.exe -- hosts-level blocking is active.
2026-08-23 16:35:40 [DEBUG] --- Running enforcement checks ---
2026-08-23 16:35:40 [DEBUG] Hosts file block section is present. OK.
2026-08-23 16:35:40 [DEBUG] Hosts file is read-only. OK.
2026-08-23 16:35:40 [DEBUG] Browser process detected: msedge.exe -- hosts-level blocking is active.
2026-08-23 16:36:10 [DEBUG] --- Running enforcement checks ---
2026-08-23 16:36:10 [DEBUG] Hosts file block section is present. OK.
2026-08-23 16:36:10 [DEBUG] Hosts file is read-only. OK.
2026-08-23 16:36:10 [DEBUG] Browser process detected: chrome.exe -- hosts-level blocking is active.
2026-08-23 16:36:10 [DEBUG] Browser process detected: msedge.exe -- hosts-level blocking is active.
2026-08-23 16:36:40 [DEBUG] --- Running enforcement checks ---
2026-08-23 16:36:40 [DEBUG] Hosts file block section is present. OK.
2026-08-23 16:36:40 [DEBUG] Hosts file is read-only. OK.
2026-08-23 16:36:41 [DEBUG] Browser process detected: msedge.exe -- hosts-level blocking is active.
2026-08-23 16:37:11 [DEBUG] --- Running enforcement checks ---
2026-08-23 16:37:11 [DEBUG] Hosts file block section is present. OK.
2026-08-23 16:37:11 [DEBUG] Hosts file is read-only. OK.
2026-08-23 16:37:11 [DEBUG] Browser process detected: msedge.exe -- hosts-level blocking is active.
2026-08-23 16:37:41 [DEBUG] --- Running enforcement checks ---
2026-08-23 16:37:41 [DEBUG] Hosts file block section is present. OK.
2026-08-23 16:37:41 [DEBUG] Hosts file is read-only. OK.
2026-08-23 16:37:42 [DEBUG] Browser process detected: msedge.exe -- hosts-level blocking is active.
2026-08-23 16:38:12 [DEBUG] --- Running enforcement checks ---
2026-08-23 16:38:12 [DEBUG] Hosts file block section is present. OK.
2026-08-23 16:38:12 [DEBUG] Hosts file is read-only. OK.
2026-08-23 16:38:12 [DEBUG] Browser process detected: msedge.exe -- hosts-level blocking is active.
2026-08-23 16:38:42 [DEBUG] --- Running enforcement checks ---
2026-08-23 16:38:42 [DEBUG] Hosts file block section is present. OK.
2026-08-23 16:38:42 [DEBUG] Hosts file is read-only. OK.
2026-08-23 16:38:42 [DEBUG] Browser process detected: msedge.exe -- hosts-level blocking is active.
2026-08-23 16:39:12 [DEBUG] --- Running enforcement checks ---
2026-08-23 16:39:12 [DEBUG] Hosts file block section is present. OK.
2026-08-23 16:39:12 [DEBUG] Hosts file is read-only. OK.
2026-08-23 16:39:13 [DEBUG] Browser process detected: msedge.exe -- hosts-level blocking is active.
2026-08-23 16:39:43 [DEBUG] --- Running enforcement checks ---
2026-08-23 16:39:43 [DEBUG] Hosts file block section is present. OK.
2026-08-23 16:39:43 [DEBUG] Hosts file is read-only. OK.
2026-08-23 16:39:43 [DEBUG] Browser process detected: msedge.exe -- hosts-level blocking is active.
2026-08-23 16:40:13 [DEBUG] --- Running enforcement checks ---
2026-08-23 16:40:13 [DEBUG] Hosts file block section is present. OK.
2026-08-23 16:40:13 [DEBUG] Hosts file is read-only. OK.
2026-08-23 16:40:13 [DEBUG] Browser process detected: msedge.exe -- hosts-level blocking is active.
2026-08-23 16:40:43 [DEBUG] --- Running enforcement checks ---
2026-08-23 16:40:43 [DEBUG] Hosts file block section is present. OK.
2026-08-23 16:40:43 [DEBUG] Hosts file is read-only. OK.
2026-08-23 16:40:44 [DEBUG] Browser process detected: msedge.exe -- hosts-level blocking is active.
2026-08-23 16:41:14 [DEBUG] --- Running enforcement checks ---
2026-08-23 16:41:14 [DEBUG] Hosts file block section is present. OK.
2026-08-23 16:41:14 [DEBUG] Hosts file is read-only. OK.
2026-08-23 16:41:14 [DEBUG] Browser process detected: msedge.exe -- hosts-level blocking is active.
2026-08-23 16:41:44 [DEBUG] --- Running enforcement checks ---
2026-08-23 16:41:44 [DEBUG] Hosts file block section is present. OK.
2026-08-23 16:41:44 [DEBUG] Hosts file is read-only. OK.
2026-08-23 16:41:44 [DEBUG] Browser process detected: msedge.exe -- hosts-level blocking is active.
2026-08-23 16:42:14 [DEBUG] --- Running enforcement checks ---
2026-08-23 16:42:14 [DEBUG] Hosts file block section is present. OK.
2026-08-23 16:42:14 [DEBUG] Hosts file is read-only. OK.
2026-08-23 16:42:15 [DEBUG] Browser process detected: msedge.exe -- hosts-level blocking is active.
2026-08-23 16:42:45 [DEBUG] --- Running enforcement checks ---
2026-08-23 16:42:45 [DEBUG] Hosts file block section is present. OK.
2026-08-23 16:42:45 [DEBUG] Hosts file is read-only. OK.
2026-08-23 16:42:45 [DEBUG] Browser process detected: msedge.exe -- hosts-level blocking is active.
2026-08-23 16:43:15 [DEBUG] --- Running enforcement checks ---
2026-08-23 16:43:15 [DEBUG] Hosts file block section is present. OK.
2026-08-23 16:43:15 [DEBUG] Hosts file is read-only. OK.
2026-08-23 16:43:15 [DEBUG] Browser process detected: msedge.exe -- hosts-level blocking is active.
2026-08-23 16:43:45 [DEBUG] --- Running enforcement checks ---
2026-08-23 16:43:45 [DEBUG] Hosts file block section is present. OK.
2026-08-23 16:43:45 [DEBUG] Hosts file is read-only. OK.
2026-08-23 16:43:46 [DEBUG] Browser process detected: msedge.exe -- hosts-level blocking is active.
2026-08-23 16:44:16 [DEBUG] --- Running enforcement checks ---
2026-08-23 16:44:16 [DEBUG] Hosts file block section is present. OK.
2026-08-23 16:44:16 [DEBUG] Hosts file is read-only. OK.
2026-08-23 16:44:16 [DEBUG] Browser process detected: msedge.exe -- hosts-level blocking is active.
2026-08-23 16:44:46 [DEBUG] --- Running enforcement checks ---
2026-08-23 16:44:46 [DEBUG] Hosts file block section is present. OK.
2026-08-23 16:44:46 [DEBUG] Hosts file is read-only. OK.
2026-08-23 16:44:47 [DEBUG] Browser process detected: msedge.exe -- hosts-level blocking is active.
2026-08-23 16:45:17 [DEBUG] --- Running enforcement checks ---
2026-08-23 16:45:17 [DEBUG] Hosts file block section is present. OK.
2026-08-23 16:45:17 [DEBUG] Hosts file is read-only. OK.
2026-08-23 16:45:17 [DEBUG] Browser process detected: msedge.exe -- hosts-level blocking is active.
2026-08-23 16:45:47 [DEBUG] --- Running enforcement checks ---
2026-08-23 16:45:47 [DEBUG] Hosts file block section is present. OK.
2026-08-23 16:45:47 [DEBUG] Hosts file is read-only. OK.
2026-08-23 16:45:47 [DEBUG] Browser process detected: msedge.exe -- hosts-level blocking is active.
2026-08-23 16:46:17 [DEBUG] --- Running enforcement checks ---
2026-08-23 16:46:17 [DEBUG] Hosts file block section is present. OK.
2026-08-23 16:46:17 [DEBUG] Hosts file is read-only. OK.
2026-08-23 16:46:18 [DEBUG] Browser process detected: msedge.exe -- hosts-level blocking is active.
2026-08-23 16:46:48 [DEBUG] --- Running enforcement checks ---
2026-08-23 16:46:48 [DEBUG] Hosts file block section is present. OK.
2026-08-23 16:46:48 [DEBUG] Hosts file is read-only. OK.
2026-08-23 16:46:48 [DEBUG] Browser process detected: msedge.exe -- hosts-level blocking is active.
2026-08-23 16:47:18 [DEBUG] --- Running enforcement checks ---
2026-08-23 16:47:18 [DEBUG] Hosts file block section is present. OK.
2026-08-23 16:47:18 [DEBUG] Hosts file is read-only. OK.
2026-08-23 16:47:18 [DEBUG] Browser process detected: msedge.exe -- hosts-level blocking is active.
2026-08-23 16:47:48 [DEBUG] --- Running enforcement checks ---
2026-08-23 16:47:48 [DEBUG] Hosts file block section is present. OK.
2026-08-23 16:47:48 [DEBUG] Hosts file is read-only. OK.
2026-08-23 16:47:49 [DEBUG] Browser process detected: msedge.exe -- hosts-level blocking is active.
2026-08-23 16:48:19 [DEBUG] --- Running enforcement checks ---
2026-08-23 16:48:19 [DEBUG] Hosts file block section is present. OK.
2026-08-23 16:48:19 [DEBUG] Hosts file is read-only. OK.
2026-08-23 16:48:19 [DEBUG] Browser process detected: msedge.exe -- hosts-level blocking is active.
2026-08-23 16:48:49 [DEBUG] --- Running enforcement checks ---
2026-08-23 16:48:49 [DEBUG] Hosts file block section is present. OK.
2026-08-23 16:48:49 [DEBUG] Hosts file is read-only. OK.
2026-08-23 16:48:50 [DEBUG] Browser process detected: msedge.exe -- hosts-level blocking is active.
2026-08-23 16:49:20 [DEBUG] --- Running enforcement checks ---
2026-08-23 16:49:20 [DEBUG] Hosts file block section is present. OK.
2026-08-23 16:49:20 [DEBUG] Hosts file is read-only. OK.
2026-08-23 16:49:20 [DEBUG] Browser process detected: msedge.exe -- hosts-level blocking is active.
2026-08-23 16:49:50 [DEBUG] --- Running enforcement checks ---
2026-08-23 16:49:50 [DEBUG] Hosts file block section is present. OK.
2026-08-23 16:49:50 [DEBUG] Hosts file is read-only. OK.
2026-08-23 16:49:50 [DEBUG] Browser process detected: msedge.exe -- hosts-level blocking is active.
2026-08-23 16:50:20 [DEBUG] --- Running enforcement checks ---
2026-08-23 16:50:20 [DEBUG] Hosts file block section is present. OK.
2026-08-23 16:50:20 [DEBUG] Hosts file is read-only. OK.
2026-08-23 16:50:21 [DEBUG] Browser process detected: msedge.exe -- hosts-level blocking is active.
2026-08-23 16:50:51 [DEBUG] --- Running enforcement checks ---
2026-08-23 16:50:51 [DEBUG] Hosts file block section is present. OK.
2026-08-23 16:50:51 [DEBUG] Hosts file is read-only. OK.
2026-08-23 16:50:51 [DEBUG] Browser process detected: msedge.exe -- hosts-level blocking is active.
2026-08-23 16:51:21 [DEBUG] --- Running enforcement checks ---
2026-08-23 16:51:21 [DEBUG] Hosts file block section is present. OK.
2026-08-23 16:51:21 [DEBUG] Hosts file is read-only. OK.
2026-08-23 16:51:21 [DEBUG] Browser process detected: msedge.exe -- hosts-level blocking is active.
2026-08-23 16:51:51 [DEBUG] --- Running enforcement checks ---
2026-08-23 16:51:51 [DEBUG] Hosts file block section is present. OK.
2026-08-23 16:51:51 [DEBUG] Hosts file is read-only. OK.
2026-08-23 16:51:52 [DEBUG] Browser process detected: msedge.exe -- hosts-level blocking is active.
2026-08-23 16:52:22 [DEBUG] --- Running enforcement checks ---
2026-08-23 16:52:22 [DEBUG] Hosts file block section is present. OK.
2026-08-23 16:52:22 [DEBUG] Hosts file is read-only. OK.
2026-08-23 16:52:22 [DEBUG] Browser process detected: msedge.exe -- hosts-level blocking is active.
2026-08-23 16:52:52 [DEBUG] --- Running enforcement checks ---
2026-08-23 16:52:52 [DEBUG] Hosts file block section is present. OK.
2026-08-23 16:52:52 [DEBUG] Hosts file is read-only. OK.
2026-08-23 16:52:52 [DEBUG] Browser process detected: msedge.exe -- hosts-level blocking is active.
2026-08-23 16:53:22 [DEBUG] --- Running enforcement checks ---
2026-08-23 16:53:22 [DEBUG] Hosts file block section is present. OK.
2026-08-23 16:53:22 [DEBUG] Hosts file is read-only. OK.
2026-08-23 16:53:23 [DEBUG] Browser process detected: msedge.exe -- hosts-level blocking is active.
2026-08-23 16:53:53 [DEBUG] --- Running enforcement checks ---
2026-08-23 16:53:53 [DEBUG] Hosts file block section is present. OK.
2026-08-23 16:53:53 [DEBUG] Hosts file is read-only. OK.
2026-08-23 16:53:53 [DEBUG] Browser process detected: msedge.exe -- hosts-level blocking is active.
2026-08-23 16:54:23 [DEBUG] --- Running enforcement checks ---
2026-08-23 16:54:23 [DEBUG] Hosts file block section is present. OK.
2026-08-23 16:54:23 [DEBUG] Hosts file is read-only. OK.
2026-08-23 16:54:24 [DEBUG] Browser process detected: msedge.exe -- hosts-level blocking is active.
2026-08-23 16:54:54 [DEBUG] --- Running enforcement checks ---
2026-08-23 16:54:54 [DEBUG] Hosts file block section is present. OK.
2026-08-23 16:54:54 [DEBUG] Hosts file is read-only. OK.
2026-08-23 16:54:54 [DEBUG] Browser process detected: msedge.exe -- hosts-level blocking is active.
2026-08-23 16:55:24 [DEBUG] --- Running enforcement checks ---
2026-08-23 16:55:24 [DEBUG] Hosts file block section is present. OK.
2026-08-23 16:55:24 [DEBUG] Hosts file is read-only. OK.
2026-08-23 16:55:24 [DEBUG] Browser process detected: msedge.exe -- hosts-level blocking is active.
2026-08-23 16:55:54 [DEBUG] --- Running enforcement checks ---
2026-08-23 16:55:54 [DEBUG] Hosts file block section is present. OK.
2026-08-23 16:55:54 [DEBUG] Hosts file is read-only. OK.
2026-08-23 16:55:55 [DEBUG] Browser process detected: msedge.exe -- hosts-level blocking is active.
2026-08-23 16:56:25 [DEBUG] --- Running enforcement checks ---
2026-08-23 16:56:25 [DEBUG] Hosts file block section is present. OK.
2026-08-23 16:56:25 [DEBUG] Hosts file is read-only. OK.
2026-08-23 16:56:25 [DEBUG] Browser process detected: msedge.exe -- hosts-level blocking is active.
2026-08-23 16:56:55 [DEBUG] --- Running enforcement checks ---
2026-08-23 16:56:55 [DEBUG] Hosts file block section is present. OK.
2026-08-23 16:56:55 [DEBUG] Hosts file is read-only. OK.
2026-08-23 16:56:55 [DEBUG] Browser process detected: msedge.exe -- hosts-level blocking is active.
2026-08-23 16:57:25 [DEBUG] --- Running enforcement checks ---
2026-08-23 16:57:26 [DEBUG] Hosts file block section is present. OK.
2026-08-23 16:57:26 [DEBUG] Hosts file is read-only. OK.
2026-08-23 16:57:26 [DEBUG] Browser process detected: msedge.exe -- hosts-level blocking is active.
2026-08-23 16:57:56 [DEBUG] --- Running enforcement checks ---
2026-08-23 16:57:56 [DEBUG] Hosts file block section is present. OK.
2026-08-23 16:57:56 [DEBUG] Hosts file is read-only. OK.
2026-08-23 16:57:56 [DEBUG] Browser process detected: msedge.exe -- hosts-level blocking is active.
2026-08-23 16:58:26 [DEBUG] --- Running enforcement checks ---
2026-08-23 16:58:26 [DEBUG] Hosts file block section is present. OK.
2026-08-23 16:58:26 [DEBUG] Hosts file is read-only. OK.
2026-08-23 16:58:27 [DEBUG] Browser process detected: msedge.exe -- hosts-level blocking is active.
2026-08-23 16:58:57 [DEBUG] --- Running enforcement checks ---
2026-08-23 16:58:57 [DEBUG] Hosts file block section is present. OK.
2026-08-23 16:58:57 [DEBUG] Hosts file is read-only. OK.
2026-08-23 16:58:57 [DEBUG] Browser process detected: msedge.exe -- hosts-level blocking is active.
2026-08-23 16:59:27 [DEBUG] --- Running enforcement checks ---
2026-08-23 16:59:27 [DEBUG] Hosts file block section is present. OK.
2026-08-23 16:59:27 [DEBUG] Hosts file is read-only. OK.
2026-08-23 16:59:28 [DEBUG] Browser process detected: msedge.exe -- hosts-level blocking is active.
2026-08-23 16:59:58 [DEBUG] --- Running enforcement checks ---
2026-08-23 16:59:58 [DEBUG] Hosts file block section is present. OK.
2026-08-23 16:59:58 [DEBUG] Hosts file is read-only. OK.
2026-08-23 16:59:58 [DEBUG] Browser process detected: msedge.exe -- hosts-level blocking is active.
2026-08-23 17:00:28 [DEBUG] --- Running enforcement checks ---
2026-08-23 17:00:28 [DEBUG] Hosts file block section is present. OK.
2026-08-23 17:00:28 [DEBUG] Hosts file is read-only. OK.
2026-08-23 17:00:28 [DEBUG] Browser process detected: msedge.exe -- hosts-level blocking is active.
2026-08-23 17:00:58 [DEBUG] --- Running enforcement checks ---
2026-08-23 17:00:58 [DEBUG] Hosts file block section is present. OK.
2026-08-23 17:00:58 [DEBUG] Hosts file is read-only. OK.
2026-08-23 17:00:59 [DEBUG] Browser process detected: msedge.exe -- hosts-level blocking is active.
2026-08-23 17:01:29 [DEBUG] --- Running enforcement checks ---
2026-08-23 17:01:29 [DEBUG] Hosts file block section is present. OK.
2026-08-23 17:01:29 [DEBUG] Hosts file is read-only. OK.
2026-08-23 17:01:29 [DEBUG] Browser process detected: msedge.exe -- hosts-level blocking is active.
2026-08-23 17:01:59 [DEBUG] --- Running enforcement checks ---
2026-08-23 17:01:59 [DEBUG] Hosts file block section is present. OK.
2026-08-23 17:01:59 [DEBUG] Hosts file is read-only. OK.
2026-08-23 17:02:00 [DEBUG] Browser process detected: msedge.exe -- hosts-level blocking is active.
2026-08-23 17:02:30 [DEBUG] --- Running enforcement checks ---
2026-08-23 17:02:30 [DEBUG] Hosts file block section is present. OK.
2026-08-23 17:02:30 [DEBUG] Hosts file is read-only. OK.
2026-08-23 17:02:30 [DEBUG] Browser process detected: msedge.exe -- hosts-level blocking is active.
2026-08-23 17:03:00 [DEBUG] --- Running enforcement checks ---
2026-08-23 17:03:00 [DEBUG] Hosts file block section is present. OK.
2026-08-23 17:03:00 [DEBUG] Hosts file is read-only. OK.
2026-08-23 17:03:00 [DEBUG] Browser process detected: msedge.exe -- hosts-level blocking is active.
2026-08-23 17:03:30 [DEBUG] --- Running enforcement checks ---
2026-08-23 17:03:30 [DEBUG] Hosts file block section is present. OK.
2026-08-23 17:03:30 [DEBUG] Hosts file is read-only. OK.
2026-08-23 17:03:31 [DEBUG] Browser process detected: msedge.exe -- hosts-level blocking is active.
2026-08-23 17:04:01 [DEBUG] --- Running enforcement checks ---
2026-08-23 17:04:01 [DEBUG] Hosts file block section is present. OK.
2026-08-23 17:04:01 [DEBUG] Hosts file is read-only. OK.
2026-08-23 17:04:01 [DEBUG] Browser process detected: msedge.exe -- hosts-level blocking is active.
2026-08-23 17:04:31 [DEBUG] --- Running enforcement checks ---
2026-08-23 17:04:31 [DEBUG] Hosts file block section is present. OK.
2026-08-23 17:04:31 [DEBUG] Hosts file is read-only. OK.
2026-08-23 17:04:32 [DEBUG] Browser process detected: msedge.exe -- hosts-level blocking is active.
2026-08-23 17:05:02 [DEBUG] --- Running enforcement checks ---
2026-08-23 17:05:02 [DEBUG] Hosts file block section is present. OK.
2026-08-23 17:05:02 [DEBUG] Hosts file is read-only. OK.
2026-08-23 17:05:02 [DEBUG] Browser process detected: msedge.exe -- hosts-level blocking is active.
2026-08-23 17:05:32 [DEBUG] --- Running enforcement checks ---
2026-08-23 17:05:32 [DEBUG] Hosts file block section is present. OK.
2026-08-23 17:05:32 [DEBUG] Hosts file is read-only. OK.
2026-08-23 17:05:33 [DEBUG] Browser process detected: msedge.exe -- hosts-level blocking is active.
2026-08-23 17:06:03 [DEBUG] --- Running enforcement checks ---
2026-08-23 17:06:03 [DEBUG] Hosts file block section is present. OK.
2026-08-23 17:06:03 [DEBUG] Hosts file is read-only. OK.
2026-08-23 17:06:03 [DEBUG] Browser process detected: msedge.exe -- hosts-level blocking is active.
2026-08-23 17:06:33 [DEBUG] --- Running enforcement checks ---
2026-08-23 17:06:33 [DEBUG] Hosts file block section is present. OK.
2026-08-23 17:06:33 [DEBUG] Hosts file is read-only. OK.
2026-08-23 17:06:33 [DEBUG] Browser process detected: msedge.exe -- hosts-level blocking is active.
2026-08-23 17:07:03 [DEBUG] --- Running enforcement checks ---
2026-08-23 17:07:03 [DEBUG] Hosts file block section is present. OK.
2026-08-23 17:07:03 [DEBUG] Hosts file is read-only. OK.
2026-08-23 17:07:04 [DEBUG] Browser process detected: msedge.exe -- hosts-level blocking is active.
2026-08-23 17:07:34 [DEBUG] --- Running enforcement checks ---
2026-08-23 17:07:34 [DEBUG] Hosts file block section is present. OK.
2026-08-23 17:07:34 [DEBUG] Hosts file is read-only. OK.
2026-08-23 17:07:34 [DEBUG] Browser process detected: msedge.exe -- hosts-level blocking is active.
2026-08-23 17:08:04 [DEBUG] --- Running enforcement checks ---
2026-08-23 17:08:04 [DEBUG] Hosts file block section is present. OK.
2026-08-23 17:08:04 [DEBUG] Hosts file is read-only. OK.
2026-08-23 17:08:05 [DEBUG] Browser process detected: msedge.exe -- hosts-level blocking is active.
2026-08-23 17:08:35 [DEBUG] --- Running enforcement checks ---
2026-08-23 17:08:35 [DEBUG] Hosts file block section is present. OK.
2026-08-23 17:08:35 [DEBUG] Hosts file is read-only. OK.
2026-08-23 17:08:35 [DEBUG] Browser process detected: msedge.exe -- hosts-level blocking is active.
2026-08-23 17:09:05 [DEBUG] --- Running enforcement checks ---
2026-08-23 17:09:05 [DEBUG] Hosts file block section is present. OK.
2026-08-23 17:09:05 [DEBUG] Hosts file is read-only. OK.
2026-08-23 17:09:05 [DEBUG] Browser process detected: msedge.exe -- hosts-level blocking is active.
2026-08-23 17:09:35 [DEBUG] --- Running enforcement checks ---
2026-08-23 17:09:35 [DEBUG] Hosts file block section is present. OK.
2026-08-23 17:09:35 [DEBUG] Hosts file is read-only. OK.
2026-08-23 17:09:36 [DEBUG] Browser process detected: msedge.exe -- hosts-level blocking is active.
2026-08-23 17:10:06 [DEBUG] --- Running enforcement checks ---
2026-08-23 17:10:06 [DEBUG] Hosts file block section is present. OK.
2026-08-23 17:10:06 [DEBUG] Hosts file is read-only. OK.
2026-08-23 17:10:06 [DEBUG] Browser process detected: msedge.exe -- hosts-level blocking is active.
2026-08-23 17:10:36 [DEBUG] --- Running enforcement checks ---
2026-08-23 17:10:36 [DEBUG] Hosts file block section is present. OK.
2026-08-23 17:10:36 [DEBUG] Hosts file is read-only. OK.
2026-08-23 17:10:37 [DEBUG] Browser process detected: msedge.exe -- hosts-level blocking is active.
2026-08-23 17:11:07 [DEBUG] --- Running enforcement checks ---
2026-08-23 17:11:07 [DEBUG] Hosts file block section is present. OK.
2026-08-23 17:11:07 [DEBUG] Hosts file is read-only. OK.
2026-08-23 17:11:07 [DEBUG] Browser process detected: msedge.exe -- hosts-level blocking is active.
2026-08-23 17:11:37 [DEBUG] --- Running enforcement checks ---
2026-08-23 17:11:37 [DEBUG] Hosts file block section is present. OK.
2026-08-23 17:11:37 [DEBUG] Hosts file is read-only. OK.
2026-08-23 17:11:37 [DEBUG] Browser process detected: msedge.exe -- hosts-level blocking is active.
2026-08-23 17:12:07 [DEBUG] --- Running enforcement checks ---
2026-08-23 17:12:07 [DEBUG] Hosts file block section is present. OK.
2026-08-23 17:12:07 [DEBUG] Hosts file is read-only. OK.
2026-08-23 17:12:08 [DEBUG] Browser process detected: msedge.exe -- hosts-level blocking is active.
2026-08-23 17:12:38 [DEBUG] --- Running enforcement checks ---
2026-08-23 17:12:38 [DEBUG] Hosts file block section is present. OK.
2026-08-23 17:12:38 [DEBUG] Hosts file is read-only. OK.
2026-08-23 17:12:38 [DEBUG] Browser process detected: msedge.exe -- hosts-level blocking is active.
2026-08-23 17:13:08 [DEBUG] --- Running enforcement checks ---
2026-08-23 17:13:08 [DEBUG] Hosts file block section is present. OK.
2026-08-23 17:13:08 [DEBUG] Hosts file is read-only. OK.
2026-08-23 17:13:08 [DEBUG] Browser process detected: msedge.exe -- hosts-level blocking is active.
2026-08-23 17:13:38 [DEBUG] --- Running enforcement checks ---
2026-08-23 17:13:38 [DEBUG] Hosts file block section is present. OK.
2026-08-23 17:13:38 [DEBUG] Hosts file is read-only. OK.
2026-08-23 17:13:39 [DEBUG] Browser process detected: msedge.exe -- hosts-level blocking is active.
2026-08-23 17:14:09 [DEBUG] --- Running enforcement checks ---
2026-08-23 17:14:09 [DEBUG] Hosts file block section is present. OK.
2026-08-23 17:14:09 [DEBUG] Hosts file is read-only. OK.
2026-08-23 17:14:09 [DEBUG] Browser process detected: msedge.exe -- hosts-level blocking is active.
2026-08-23 17:14:39 [DEBUG] --- Running enforcement checks ---
2026-08-23 17:14:39 [DEBUG] Hosts file block section is present. OK.
2026-08-23 17:14:39 [DEBUG] Hosts file is read-only. OK.
2026-08-23 17:14:39 [DEBUG] Browser process detected: msedge.exe -- hosts-level blocking is active.
2026-08-23 17:15:09 [DEBUG] --- Running enforcement checks ---
2026-08-23 17:15:09 [DEBUG] Hosts file block section is present. OK.
2026-08-23 17:15:09 [DEBUG] Hosts file is read-only. OK.
2026-08-23 17:15:10 [DEBUG] Browser process detected: msedge.exe -- hosts-level blocking is active.
2026-08-23 17:15:40 [DEBUG] --- Running enforcement checks ---
2026-08-23 17:15:40 [DEBUG] Hosts file block section is present. OK.
2026-08-23 17:15:40 [DEBUG] Hosts file is read-only. OK.
2026-08-23 17:15:40 [DEBUG] Browser process detected: msedge.exe -- hosts-level blocking is active.
2026-08-23 17:16:10 [DEBUG] --- Running enforcement checks ---
2026-08-23 17:16:10 [DEBUG] Hosts file block section is present. OK.
2026-08-23 17:16:10 [DEBUG] Hosts file is read-only. OK.
2026-08-23 17:16:10 [DEBUG] Browser process detected: msedge.exe -- hosts-level blocking is active.
2026-08-23 17:16:40 [DEBUG] --- Running enforcement checks ---
2026-08-23 17:16:40 [DEBUG] Hosts file block section is present. OK.
2026-08-23 17:16:40 [DEBUG] Hosts file is read-only. OK.
2026-08-23 17:16:41 [DEBUG] Browser process detected: msedge.exe -- hosts-level blocking is active.
2026-08-23 17:17:11 [DEBUG] --- Running enforcement checks ---
2026-08-23 17:17:11 [DEBUG] Hosts file block section is present. OK.
2026-08-23 17:17:11 [DEBUG] Hosts file is read-only. OK.
2026-08-23 17:17:11 [DEBUG] Browser process detected: msedge.exe -- hosts-level blocking is active.
2026-08-23 17:17:41 [DEBUG] --- Running enforcement checks ---
2026-08-23 17:17:41 [DEBUG] Hosts file block section is present. OK.
2026-08-23 17:17:41 [DEBUG] Hosts file is read-only. OK.
2026-08-23 17:17:41 [DEBUG] Browser process detected: msedge.exe -- hosts-level blocking is active.
2026-08-23 17:18:11 [DEBUG] --- Running enforcement checks ---
2026-08-23 17:18:11 [DEBUG] Hosts file block section is present. OK.
2026-08-23 17:18:11 [DEBUG] Hosts file is read-only. OK.
2026-08-23 17:18:12 [DEBUG] Browser process detected: msedge.exe -- hosts-level blocking is active.
2026-08-23 17:18:42 [DEBUG] --- Running enforcement checks ---
2026-08-23 17:18:42 [DEBUG] Hosts file block section is present. OK.
2026-08-23 17:18:42 [DEBUG] Hosts file is read-only. OK.
2026-08-23 17:18:42 [DEBUG] Browser process detected: msedge.exe -- hosts-level blocking is active.
2026-08-23 17:19:12 [DEBUG] --- Running enforcement checks ---
2026-08-23 17:19:12 [DEBUG] Hosts file block section is present. OK.
2026-08-23 17:19:12 [DEBUG] Hosts file is read-only. OK.
2026-08-23 17:19:13 [DEBUG] Browser process detected: msedge.exe -- hosts-level blocking is active.
2026-08-23 17:19:43 [DEBUG] --- Running enforcement checks ---
2026-08-23 17:19:43 [DEBUG] Hosts file block section is present. OK.
2026-08-23 17:19:43 [DEBUG] Hosts file is read-only. OK.
2026-08-23 17:19:43 [DEBUG] Browser process detected: msedge.exe -- hosts-level blocking is active.
2026-08-23 17:20:13 [DEBUG] --- Running enforcement checks ---
2026-08-23 17:20:13 [DEBUG] Hosts file block section is present. OK.
2026-08-23 17:20:13 [DEBUG] Hosts file is read-only. OK.
2026-08-23 17:20:13 [DEBUG] Browser process detected: msedge.exe -- hosts-level blocking is active.
2026-08-23 17:20:43 [DEBUG] --- Running enforcement checks ---
2026-08-23 17:20:43 [DEBUG] Hosts file block section is present. OK.
2026-08-23 17:20:43 [DEBUG] Hosts file is read-only. OK.
2026-08-23 17:20:44 [DEBUG] Browser process detected: msedge.exe -- hosts-level blocking is active.
2026-08-23 17:21:14 [DEBUG] --- Running enforcement checks ---
2026-08-23 17:21:14 [DEBUG] Hosts file block section is present. OK.
2026-08-23 17:21:14 [DEBUG] Hosts file is read-only. OK.
2026-08-23 17:21:14 [DEBUG] Browser process detected: msedge.exe -- hosts-level blocking is active.
2026-08-23 17:21:44 [DEBUG] --- Running enforcement checks ---
2026-08-23 17:21:44 [DEBUG] Hosts file block section is present. OK.
2026-08-23 17:21:44 [DEBUG] Hosts file is read-only. OK.
2026-08-23 17:21:44 [DEBUG] Browser process detected: msedge.exe -- hosts-level blocking is active.
2026-08-23 17:22:14 [DEBUG] --- Running enforcement checks ---
2026-08-23 17:22:14 [DEBUG] Hosts file block section is present. OK.
2026-08-23 17:22:14 [DEBUG] Hosts file is read-only. OK.
2026-08-23 17:22:15 [DEBUG] Browser process detected: msedge.exe -- hosts-level blocking is active.
2026-08-23 17:22:45 [DEBUG] --- Running enforcement checks ---
2026-08-23 17:22:45 [DEBUG] Hosts file block section is present. OK.
2026-08-23 17:22:45 [DEBUG] Hosts file is read-only. OK.
2026-08-23 17:22:45 [DEBUG] Browser process detected: msedge.exe -- hosts-level blocking is active.
2026-08-23 17:23:15 [DEBUG] --- Running enforcement checks ---
2026-08-23 17:23:15 [DEBUG] Hosts file block section is present. OK.
2026-08-23 17:23:15 [DEBUG] Hosts file is read-only. OK.
2026-08-23 17:23:15 [DEBUG] Browser process detected: msedge.exe -- hosts-level blocking is active.
2026-08-23 17:23:45 [DEBUG] --- Running enforcement checks ---
2026-08-23 17:23:45 [DEBUG] Hosts file block section is present. OK.
2026-08-23 17:23:45 [DEBUG] Hosts file is read-only. OK.
2026-08-23 17:23:46 [DEBUG] Browser process detected: msedge.exe -- hosts-level blocking is active.
2026-08-23 17:24:16 [DEBUG] --- Running enforcement checks ---
2026-08-23 17:24:16 [DEBUG] Hosts file block section is present. OK.
2026-08-23 17:24:16 [DEBUG] Hosts file is read-only. OK.
2026-08-23 17:24:16 [DEBUG] Browser process detected: msedge.exe -- hosts-level blocking is active.
2026-08-23 17:24:46 [DEBUG] --- Running enforcement checks ---
2026-08-23 17:24:46 [DEBUG] Hosts file block section is present. OK.
2026-08-23 17:24:46 [DEBUG] Hosts file is read-only. OK.
2026-08-23 17:24:46 [DEBUG] Browser process detected: msedge.exe -- hosts-level blocking is active.
2026-08-23 17:25:16 [DEBUG] --- Running enforcement checks ---
2026-08-23 17:25:16 [DEBUG] Hosts file block section is present. OK.
2026-08-23 17:25:16 [DEBUG] Hosts file is read-only. OK.
2026-08-23 17:25:17 [DEBUG] Browser process detected: msedge.exe -- hosts-level blocking is active.
2026-08-23 17:25:47 [DEBUG] --- Running enforcement checks ---
2026-08-23 17:25:47 [DEBUG] Hosts file block section is present. OK.
2026-08-23 17:25:47 [DEBUG] Hosts file is read-only. OK.
2026-08-23 17:25:47 [DEBUG] Browser process detected: msedge.exe -- hosts-level blocking is active.
2026-08-23 17:26:17 [DEBUG] --- Running enforcement checks ---
2026-08-23 17:26:17 [DEBUG] Hosts file block section is present. OK.
2026-08-23 17:26:17 [DEBUG] Hosts file is read-only. OK.
2026-08-23 17:26:18 [DEBUG] Browser process detected: msedge.exe -- hosts-level blocking is active.
2026-08-23 17:26:48 [DEBUG] --- Running enforcement checks ---
2026-08-23 17:26:48 [DEBUG] Hosts file block section is present. OK.
2026-08-23 17:26:48 [DEBUG] Hosts file is read-only. OK.
2026-08-23 17:26:48 [DEBUG] Browser process detected: msedge.exe -- hosts-level blocking is active.
2026-08-23 17:27:18 [DEBUG] --- Running enforcement checks ---
2026-08-23 17:27:18 [DEBUG] Hosts file block section is present. OK.
2026-08-23 17:27:18 [DEBUG] Hosts file is read-only. OK.
2026-08-23 17:27:18 [DEBUG] Browser process detected: msedge.exe -- hosts-level blocking is active.
2026-08-23 17:27:48 [DEBUG] --- Running enforcement checks ---
2026-08-23 17:27:48 [DEBUG] Hosts file block section is present. OK.
2026-08-23 17:27:48 [DEBUG] Hosts file is read-only. OK.
2026-08-23 17:27:49 [DEBUG] Browser process detected: msedge.exe -- hosts-level blocking is active.
2026-08-23 17:28:19 [DEBUG] --- Running enforcement checks ---
2026-08-23 17:28:19 [DEBUG] Hosts file block section is present. OK.
2026-08-23 17:28:19 [DEBUG] Hosts file is read-only. OK.
2026-08-23 17:28:19 [DEBUG] Browser process detected: msedge.exe -- hosts-level blocking is active.
2026-08-23 17:28:49 [DEBUG] --- Running enforcement checks ---
2026-08-23 17:28:49 [DEBUG] Hosts file block section is present. OK.
2026-08-23 17:28:49 [DEBUG] Hosts file is read-only. OK.
2026-08-23 17:28:49 [DEBUG] Browser process detected: msedge.exe -- hosts-level blocking is active.
2026-08-23 17:29:19 [DEBUG] --- Running enforcement checks ---
2026-08-23 17:29:19 [DEBUG] Hosts file block section is present. OK.
2026-08-23 17:29:19 [DEBUG] Hosts file is read-only. OK.
2026-08-23 17:29:20 [DEBUG] Browser process detected: msedge.exe -- hosts-level blocking is active.
2026-08-23 17:29:50 [DEBUG] --- Running enforcement checks ---
2026-08-23 17:29:50 [DEBUG] Hosts file block section is present. OK.
2026-08-23 17:29:50 [DEBUG] Hosts file is read-only. OK.
2026-08-23 17:29:50 [DEBUG] Browser process detected: msedge.exe -- hosts-level blocking is active.
2026-08-23 17:30:20 [DEBUG] --- Running enforcement checks ---
2026-08-23 17:30:20 [DEBUG] Hosts file block section is present. OK.
2026-08-23 17:30:20 [DEBUG] Hosts file is read-only. OK.
2026-08-23 17:30:20 [DEBUG] Browser process detected: msedge.exe -- hosts-level blocking is active.
2026-08-23 17:30:50 [DEBUG] --- Running enforcement checks ---
2026-08-23 17:30:50 [DEBUG] Hosts file block section is present. OK.
2026-08-23 17:30:50 [DEBUG] Hosts file is read-only. OK.
2026-08-23 17:30:51 [DEBUG] Browser process detected: msedge.exe -- hosts-level blocking is active.
2026-08-23 17:31:21 [DEBUG] --- Running enforcement checks ---
2026-08-23 17:31:21 [DEBUG] Hosts file block section is present. OK.
2026-08-23 17:31:21 [DEBUG] Hosts file is read-only. OK.
2026-08-23 17:31:21 [DEBUG] Browser process detected: msedge.exe -- hosts-level blocking is active.
2026-08-23 17:31:51 [DEBUG] --- Running enforcement checks ---
2026-08-23 17:31:51 [DEBUG] Hosts file block section is present. OK.
2026-08-23 17:31:51 [DEBUG] Hosts file is read-only. OK.
2026-08-23 17:31:52 [DEBUG] Browser process detected: msedge.exe -- hosts-level blocking is active.
2026-08-23 17:32:22 [DEBUG] --- Running enforcement checks ---
2026-08-23 17:32:22 [DEBUG] Hosts file block section is present. OK.
2026-08-23 17:32:22 [DEBUG] Hosts file is read-only. OK.
2026-08-23 17:32:22 [DEBUG] Browser process detected: msedge.exe -- hosts-level blocking is active.
2026-08-23 17:32:52 [DEBUG] --- Running enforcement checks ---
2026-08-23 17:32:52 [DEBUG] Hosts file block section is present. OK.
2026-08-23 17:32:52 [DEBUG] Hosts file is read-only. OK.
2026-08-23 17:32:52 [DEBUG] Browser process detected: msedge.exe -- hosts-level blocking is active.
2026-08-23 17:33:22 [DEBUG] --- Running enforcement checks ---
2026-08-23 17:33:22 [DEBUG] Hosts file block section is present. OK.
2026-08-23 17:33:22 [DEBUG] Hosts file is read-only. OK.
2026-08-23 17:33:23 [DEBUG] Browser process detected: msedge.exe -- hosts-level blocking is active.
2026-08-23 17:33:53 [DEBUG] --- Running enforcement checks ---
2026-08-23 17:33:53 [DEBUG] Hosts file block section is present. OK.
2026-08-23 17:33:53 [DEBUG] Hosts file is read-only. OK.
2026-08-23 17:33:53 [DEBUG] Browser process detected: msedge.exe -- hosts-level blocking is active.
2026-08-23 17:34:23 [DEBUG] --- Running enforcement checks ---
2026-08-23 17:34:23 [DEBUG] Hosts file block section is present. OK.
2026-08-23 17:34:23 [DEBUG] Hosts file is read-only. OK.
2026-08-23 17:34:23 [DEBUG] Browser process detected: msedge.exe -- hosts-level blocking is active.
2026-08-23 17:34:53 [DEBUG] --- Running enforcement checks ---
2026-08-23 17:34:53 [DEBUG] Hosts file block section is present. OK.
2026-08-23 17:34:53 [DEBUG] Hosts file is read-only. OK.
2026-08-23 17:34:54 [DEBUG] Browser process detected: msedge.exe -- hosts-level blocking is active.
2026-08-23 17:35:24 [DEBUG] --- Running enforcement checks ---
2026-08-23 17:35:24 [DEBUG] Hosts file block section is present. OK.
2026-08-23 17:35:24 [DEBUG] Hosts file is read-only. OK.
2026-08-23 17:35:24 [DEBUG] Browser process detected: msedge.exe -- hosts-level blocking is active.
2026-08-23 17:35:54 [DEBUG] --- Running enforcement checks ---
2026-08-23 17:35:54 [DEBUG] Hosts file block section is present. OK.
2026-08-23 17:35:54 [DEBUG] Hosts file is read-only. OK.
2026-08-23 17:35:54 [DEBUG] Browser process detected: msedge.exe -- hosts-level blocking is active.
2026-08-23 17:36:24 [DEBUG] --- Running enforcement checks ---
2026-08-23 17:36:24 [DEBUG] Hosts file block section is present. OK.
2026-08-23 17:36:24 [DEBUG] Hosts file is read-only. OK.
2026-08-23 17:36:25 [DEBUG] Browser process detected: msedge.exe -- hosts-level blocking is active.
2026-08-23 17:36:55 [DEBUG] --- Running enforcement checks ---
2026-08-23 17:36:55 [DEBUG] Hosts file block section is present. OK.
2026-08-23 17:36:55 [DEBUG] Hosts file is read-only. OK.
2026-08-23 17:36:55 [DEBUG] Browser process detected: msedge.exe -- hosts-level blocking is active.
2026-08-23 17:37:25 [DEBUG] --- Running enforcement checks ---
2026-08-23 17:37:25 [DEBUG] Hosts file block section is present. OK.
2026-08-23 17:37:25 [DEBUG] Hosts file is read-only. OK.
2026-08-23 17:37:25 [DEBUG] Browser process detected: msedge.exe -- hosts-level blocking is active.
2026-08-23 17:37:55 [DEBUG] --- Running enforcement checks ---
2026-08-23 17:37:55 [DEBUG] Hosts file block section is present. OK.
2026-08-23 17:37:55 [DEBUG] Hosts file is read-only. OK.
2026-08-23 17:37:56 [DEBUG] Browser process detected: msedge.exe -- hosts-level blocking is active.
2026-08-23 17:38:26 [DEBUG] --- Running enforcement checks ---
2026-08-23 17:38:26 [DEBUG] Hosts file block section is present. OK.
2026-08-23 17:38:26 [DEBUG] Hosts file is read-only. OK.
2026-08-23 17:38:26 [DEBUG] Browser process detected: msedge.exe -- hosts-level blocking is active.
2026-08-23 17:38:56 [DEBUG] --- Running enforcement checks ---
2026-08-23 17:38:56 [DEBUG] Hosts file block section is present. OK.
2026-08-23 17:38:56 [DEBUG] Hosts file is read-only. OK.
2026-08-23 17:38:57 [DEBUG] Browser process detected: msedge.exe -- hosts-level blocking is active.
2026-08-23 17:39:27 [DEBUG] --- Running enforcement checks ---
2026-08-23 17:39:27 [DEBUG] Hosts file block section is present. OK.
2026-08-23 17:39:27 [DEBUG] Hosts file is read-only. OK.
2026-08-23 17:39:27 [DEBUG] Browser process detected: msedge.exe -- hosts-level blocking is active.
2026-08-23 17:39:57 [DEBUG] --- Running enforcement checks ---
2026-08-23 17:39:57 [DEBUG] Hosts file block section is present. OK.
2026-08-23 17:39:57 [DEBUG] Hosts file is read-only. OK.
2026-08-23 17:39:57 [DEBUG] Browser process detected: msedge.exe -- hosts-level blocking is active.
2026-08-23 17:40:27 [DEBUG] --- Running enforcement checks ---
2026-08-23 17:40:27 [DEBUG] Hosts file block section is present. OK.
2026-08-23 17:40:27 [DEBUG] Hosts file is read-only. OK.
2026-08-23 17:40:28 [DEBUG] Browser process detected: msedge.exe -- hosts-level blocking is active.
2026-08-23 17:40:58 [DEBUG] --- Running enforcement checks ---
2026-08-23 17:40:58 [DEBUG] Hosts file block section is present. OK.
2026-08-23 17:40:58 [DEBUG] Hosts file is read-only. OK.
2026-08-23 17:40:58 [DEBUG] Browser process detected: msedge.exe -- hosts-level blocking is active.
2026-08-23 17:41:28 [DEBUG] --- Running enforcement checks ---
2026-08-23 17:41:28 [DEBUG] Hosts file block section is present. OK.
2026-08-23 17:41:28 [DEBUG] Hosts file is read-only. OK.
2026-08-23 17:41:28 [DEBUG] Browser process detected: msedge.exe -- hosts-level blocking is active.
2026-08-23 17:41:58 [DEBUG] --- Running enforcement checks ---
2026-08-23 17:41:58 [DEBUG] Hosts file block section is present. OK.
2026-08-23 17:41:58 [DEBUG] Hosts file is read-only. OK.
2026-08-23 17:41:59 [DEBUG] Browser process detected: msedge.exe -- hosts-level blocking is active.
2026-08-23 17:42:29 [DEBUG] --- Running enforcement checks ---
2026-08-23 17:42:29 [DEBUG] Hosts file block section is present. OK.
2026-08-23 17:42:29 [DEBUG] Hosts file is read-only. OK.
2026-08-23 17:42:29 [DEBUG] Browser process detected: msedge.exe -- hosts-level blocking is active.
2026-08-23 17:42:59 [DEBUG] --- Running enforcement checks ---
2026-08-23 17:42:59 [DEBUG] Hosts file block section is present. OK.
2026-08-23 17:42:59 [DEBUG] Hosts file is read-only. OK.
2026-08-23 17:42:59 [DEBUG] Browser process detected: msedge.exe -- hosts-level blocking is active.
2026-08-23 17:43:30 [DEBUG] --- Running enforcement checks ---
2026-08-23 17:43:30 [DEBUG] Hosts file block section is present. OK.
2026-08-23 17:43:30 [DEBUG] Hosts file is read-only. OK.
2026-08-23 17:43:30 [DEBUG] Browser process detected: msedge.exe -- hosts-level blocking is active.
2026-08-23 17:44:00 [DEBUG] --- Running enforcement checks ---
2026-08-23 17:44:00 [DEBUG] Hosts file block section is present. OK.
2026-08-23 17:44:00 [DEBUG] Hosts file is read-only. OK.
2026-08-23 17:44:00 [DEBUG] Browser process detected: msedge.exe -- hosts-level blocking is active.
2026-08-23 17:44:30 [DEBUG] --- Running enforcement checks ---
2026-08-23 17:44:30 [DEBUG] Hosts file block section is present. OK.
2026-08-23 17:44:30 [DEBUG] Hosts file is read-only. OK.
2026-08-23 17:44:31 [DEBUG] Browser process detected: msedge.exe -- hosts-level blocking is active.
2026-08-23 17:45:01 [DEBUG] --- Running enforcement checks ---
2026-08-23 17:45:01 [DEBUG] Hosts file block section is present. OK.
2026-08-23 17:45:01 [DEBUG] Hosts file is read-only. OK.
2026-08-23 17:45:01 [DEBUG] Browser process detected: msedge.exe -- hosts-level blocking is active.
2026-08-23 17:45:31 [DEBUG] --- Running enforcement checks ---
2026-08-23 17:45:31 [DEBUG] Hosts file block section is present. OK.
2026-08-23 17:45:31 [DEBUG] Hosts file is read-only. OK.
2026-08-23 17:45:31 [DEBUG] Browser process detected: msedge.exe -- hosts-level blocking is active.
2026-08-23 17:46:01 [DEBUG] --- Running enforcement checks ---
2026-08-23 17:46:01 [DEBUG] Hosts file block section is present. OK.
2026-08-23 17:46:01 [DEBUG] Hosts file is read-only. OK.
2026-08-23 17:46:02 [DEBUG] Browser process detected: msedge.exe -- hosts-level blocking is active.
2026-08-23 17:46:32 [DEBUG] --- Running enforcement checks ---
2026-08-23 17:46:32 [DEBUG] Hosts file block section is present. OK.
2026-08-23 17:46:32 [DEBUG] Hosts file is read-only. OK.
2026-08-23 17:46:32 [DEBUG] Browser process detected: msedge.exe -- hosts-level blocking is active.
2026-08-23 17:47:02 [DEBUG] --- Running enforcement checks ---
2026-08-23 17:47:02 [DEBUG] Hosts file block section is present. OK.
2026-08-23 17:47:02 [DEBUG] Hosts file is read-only. OK.
2026-08-23 17:47:03 [DEBUG] Browser process detected: msedge.exe -- hosts-level blocking is active.
2026-08-23 17:47:33 [DEBUG] --- Running enforcement checks ---
2026-08-23 17:47:33 [DEBUG] Hosts file block section is present. OK.
2026-08-23 17:47:33 [DEBUG] Hosts file is read-only. OK.
2026-08-23 17:47:33 [DEBUG] Browser process detected: msedge.exe -- hosts-level blocking is active.
2026-08-23 17:48:03 [DEBUG] --- Running enforcement checks ---
2026-08-23 17:48:03 [DEBUG] Hosts file block section is present. OK.
2026-08-23 17:48:03 [DEBUG] Hosts file is read-only. OK.
2026-08-23 17:48:03 [DEBUG] Browser process detected: msedge.exe -- hosts-level blocking is active.
2026-08-23 17:48:33 [DEBUG] --- Running enforcement checks ---
2026-08-23 17:48:33 [DEBUG] Hosts file block section is present. OK.
2026-08-23 17:48:33 [DEBUG] Hosts file is read-only. OK.
2026-08-23 17:48:34 [DEBUG] Browser process detected: msedge.exe -- hosts-level blocking is active.
2026-08-23 17:49:04 [DEBUG] --- Running enforcement checks ---
2026-08-23 17:49:04 [DEBUG] Hosts file block section is present. OK.
2026-08-23 17:49:04 [DEBUG] Hosts file is read-only. OK.
2026-08-23 17:49:04 [DEBUG] Browser process detected: msedge.exe -- hosts-level blocking is active.
2026-08-23 17:49:34 [DEBUG] --- Running enforcement checks ---
2026-08-23 17:49:34 [DEBUG] Hosts file block section is present. OK.
2026-08-23 17:49:34 [DEBUG] Hosts file is read-only. OK.
2026-08-23 17:49:35 [DEBUG] Browser process detected: msedge.exe -- hosts-level blocking is active.
2026-08-23 17:50:05 [DEBUG] --- Running enforcement checks ---
2026-08-23 17:50:05 [DEBUG] Hosts file block section is present. OK.
2026-08-23 17:50:05 [DEBUG] Hosts file is read-only. OK.
2026-08-23 17:50:05 [DEBUG] Browser process detected: msedge.exe -- hosts-level blocking is active.
2026-08-23 17:50:35 [DEBUG] --- Running enforcement checks ---
2026-08-23 17:50:35 [DEBUG] Hosts file block section is present. OK.
2026-08-23 17:50:35 [DEBUG] Hosts file is read-only. OK.
2026-08-23 17:50:35 [DEBUG] Browser process detected: msedge.exe -- hosts-level blocking is active.
2026-08-23 17:51:05 [DEBUG] --- Running enforcement checks ---
2026-08-23 17:51:05 [DEBUG] Hosts file block section is present. OK.
2026-08-23 17:51:05 [DEBUG] Hosts file is read-only. OK.
2026-08-23 17:51:06 [DEBUG] Browser process detected: msedge.exe -- hosts-level blocking is active.
2026-08-23 17:51:36 [DEBUG] --- Running enforcement checks ---
2026-08-23 17:51:36 [DEBUG] Hosts file block section is present. OK.
2026-08-23 17:51:36 [DEBUG] Hosts file is read-only. OK.
2026-08-23 17:51:36 [DEBUG] Browser process detected: msedge.exe -- hosts-level blocking is active.
2026-08-23 17:52:06 [DEBUG] --- Running enforcement checks ---
2026-08-23 17:52:06 [DEBUG] Hosts file block section is present. OK.
2026-08-23 17:52:06 [DEBUG] Hosts file is read-only. OK.
2026-08-23 17:52:06 [DEBUG] Browser process detected: msedge.exe -- hosts-level blocking is active.
2026-08-23 17:52:36 [DEBUG] --- Running enforcement checks ---
2026-08-23 17:52:36 [DEBUG] Hosts file block section is present. OK.
2026-08-23 17:52:36 [DEBUG] Hosts file is read-only. OK.
2026-08-23 17:52:37 [DEBUG] Browser process detected: msedge.exe -- hosts-level blocking is active.
2026-08-23 17:53:07 [DEBUG] --- Running enforcement checks ---
2026-08-23 17:53:07 [DEBUG] Hosts file block section is present. OK.
2026-08-23 17:53:07 [DEBUG] Hosts file is read-only. OK.
2026-08-23 17:53:07 [DEBUG] Browser process detected: msedge.exe -- hosts-level blocking is active.
2026-08-23 17:53:37 [DEBUG] --- Running enforcement checks ---
2026-08-23 17:53:37 [DEBUG] Hosts file block section is present. OK.
2026-08-23 17:53:37 [DEBUG] Hosts file is read-only. OK.
2026-08-23 17:53:38 [DEBUG] Browser process detected: msedge.exe -- hosts-level blocking is active.
2026-08-23 17:54:08 [DEBUG] --- Running enforcement checks ---
2026-08-23 17:54:08 [DEBUG] Hosts file block section is present. OK.
2026-08-23 17:54:08 [DEBUG] Hosts file is read-only. OK.
2026-08-23 17:54:08 [DEBUG] Browser process detected: msedge.exe -- hosts-level blocking is active.
2026-08-23 17:54:38 [DEBUG] --- Running enforcement checks ---
2026-08-23 17:54:38 [DEBUG] Hosts file block section is present. OK.
2026-08-23 17:54:38 [DEBUG] Hosts file is read-only. OK.
2026-08-23 17:54:38 [DEBUG] Browser process detected: msedge.exe -- hosts-level blocking is active.
2026-08-23 17:55:08 [DEBUG] --- Running enforcement checks ---
2026-08-23 17:55:08 [DEBUG] Hosts file block section is present. OK.
2026-08-23 17:55:08 [DEBUG] Hosts file is read-only. OK.
2026-08-23 17:55:09 [DEBUG] Browser process detected: msedge.exe -- hosts-level blocking is active.
2026-08-23 17:55:39 [DEBUG] --- Running enforcement checks ---
2026-08-23 17:55:39 [DEBUG] Hosts file block section is present. OK.
2026-08-23 17:55:39 [DEBUG] Hosts file is read-only. OK.
2026-08-23 17:55:39 [DEBUG] Browser process detected: msedge.exe -- hosts-level blocking is active.
2026-08-23 17:56:09 [DEBUG] --- Running enforcement checks ---
2026-08-23 17:56:09 [DEBUG] Hosts file block section is present. OK.
2026-08-23 17:56:09 [DEBUG] Hosts file is read-only. OK.
2026-08-23 17:56:10 [DEBUG] Browser process detected: msedge.exe -- hosts-level blocking is active.
2026-08-23 17:56:40 [DEBUG] --- Running enforcement checks ---
2026-08-23 17:56:40 [DEBUG] Hosts file block section is present. OK.
2026-08-23 17:56:40 [DEBUG] Hosts file is read-only. OK.
2026-08-23 17:56:40 [DEBUG] Browser process detected: msedge.exe -- hosts-level blocking is active.
2026-08-23 17:57:10 [DEBUG] --- Running enforcement checks ---
2026-08-23 17:57:10 [DEBUG] Hosts file block section is present. OK.
2026-08-23 17:57:10 [DEBUG] Hosts file is read-only. OK.
2026-08-23 17:57:10 [DEBUG] Browser process detected: msedge.exe -- hosts-level blocking is active.
2026-08-23 17:57:40 [DEBUG] --- Running enforcement checks ---
2026-08-23 17:57:40 [DEBUG] Hosts file block section is present. OK.
2026-08-23 17:57:40 [DEBUG] Hosts file is read-only. OK.
2026-08-23 17:57:41 [DEBUG] Browser process detected: msedge.exe -- hosts-level blocking is active.
2026-08-23 17:58:11 [DEBUG] --- Running enforcement checks ---
2026-08-23 17:58:11 [DEBUG] Hosts file block section is present. OK.
2026-08-23 17:58:11 [DEBUG] Hosts file is read-only. OK.
2026-08-23 17:58:11 [DEBUG] Browser process detected: msedge.exe -- hosts-level blocking is active.
2026-08-23 17:58:41 [DEBUG] --- Running enforcement checks ---
2026-08-23 17:58:41 [DEBUG] Hosts file block section is present. OK.
2026-08-23 17:58:41 [DEBUG] Hosts file is read-only. OK.
2026-08-23 17:58:42 [DEBUG] Browser process detected: msedge.exe -- hosts-level blocking is active.
2026-08-23 17:59:12 [DEBUG] --- Running enforcement checks ---
2026-08-23 17:59:12 [DEBUG] Hosts file block section is present. OK.
2026-08-23 17:59:12 [DEBUG] Hosts file is read-only. OK.
2026-08-23 17:59:12 [DEBUG] Browser process detected: msedge.exe -- hosts-level blocking is active.
2026-08-23 17:59:42 [DEBUG] --- Running enforcement checks ---
2026-08-23 17:59:42 [DEBUG] Hosts file block section is present. OK.
2026-08-23 17:59:42 [DEBUG] Hosts file is read-only. OK.
2026-08-23 17:59:42 [DEBUG] Browser process detected: msedge.exe -- hosts-level blocking is active.
2026-08-23 18:00:12 [DEBUG] --- Running enforcement checks ---
2026-08-23 18:00:12 [DEBUG] Hosts file block section is present. OK.
2026-08-23 18:00:12 [DEBUG] Hosts file is read-only. OK.
2026-08-23 18:00:13 [DEBUG] Browser process detected: msedge.exe -- hosts-level blocking is active.
2026-08-23 18:00:43 [DEBUG] --- Running enforcement checks ---
2026-08-23 18:00:43 [DEBUG] Hosts file block section is present. OK.
2026-08-23 18:00:43 [DEBUG] Hosts file is read-only. OK.
2026-08-23 18:00:43 [DEBUG] Browser process detected: msedge.exe -- hosts-level blocking is active.
2026-08-23 18:01:13 [DEBUG] --- Running enforcement checks ---
2026-08-23 18:01:13 [DEBUG] Hosts file block section is present. OK.
2026-08-23 18:01:13 [DEBUG] Hosts file is read-only. OK.
2026-08-23 18:01:14 [DEBUG] Browser process detected: msedge.exe -- hosts-level blocking is active.
2026-08-23 18:01:44 [DEBUG] --- Running enforcement checks ---
2026-08-23 18:01:44 [DEBUG] Hosts file block section is present. OK.
2026-08-23 18:01:44 [DEBUG] Hosts file is read-only. OK.
2026-08-23 18:01:44 [DEBUG] Browser process detected: msedge.exe -- hosts-level blocking is active.
2026-08-23 18:02:14 [DEBUG] --- Running enforcement checks ---
2026-08-23 18:02:14 [DEBUG] Hosts file block section is present. OK.
2026-08-23 18:02:14 [DEBUG] Hosts file is read-only. OK.
2026-08-23 18:02:14 [DEBUG] Browser process detected: msedge.exe -- hosts-level blocking is active.
2026-08-23 18:02:44 [DEBUG] --- Running enforcement checks ---
2026-08-23 18:02:44 [DEBUG] Hosts file block section is present. OK.
2026-08-23 18:02:44 [DEBUG] Hosts file is read-only. OK.
2026-08-23 18:02:45 [DEBUG] Browser process detected: msedge.exe -- hosts-level blocking is active.
2026-08-23 18:03:15 [DEBUG] --- Running enforcement checks ---
2026-08-23 18:03:15 [DEBUG] Hosts file block section is present. OK.
2026-08-23 18:03:15 [DEBUG] Hosts file is read-only. OK.
2026-08-23 18:03:15 [DEBUG] Browser process detected: msedge.exe -- hosts-level blocking is active.
2026-08-23 18:03:45 [DEBUG] --- Running enforcement checks ---
2026-08-23 18:03:45 [DEBUG] Hosts file block section is present. OK.
2026-08-23 18:03:45 [DEBUG] Hosts file is read-only. OK.
2026-08-23 18:03:45 [DEBUG] Browser process detected: msedge.exe -- hosts-level blocking is active.
2026-08-23 18:04:15 [DEBUG] --- Running enforcement checks ---
2026-08-23 18:04:15 [DEBUG] Hosts file block section is present. OK.
2026-08-23 18:04:15 [DEBUG] Hosts file is read-only. OK.
2026-08-23 18:04:16 [DEBUG] Browser process detected: msedge.exe -- hosts-level blocking is active.
2026-08-23 18:04:46 [DEBUG] --- Running enforcement checks ---
2026-08-23 18:04:46 [DEBUG] Hosts file block section is present. OK.
2026-08-23 18:04:46 [DEBUG] Hosts file is read-only. OK.
2026-08-23 18:04:46 [DEBUG] Browser process detected: msedge.exe -- hosts-level blocking is active.
2026-08-23 18:05:16 [DEBUG] --- Running enforcement checks ---
2026-08-23 18:05:16 [DEBUG] Hosts file block section is present. OK.
2026-08-23 18:05:16 [DEBUG] Hosts file is read-only. OK.
2026-08-23 18:05:17 [DEBUG] Browser process detected: msedge.exe -- hosts-level blocking is active.
2026-08-23 18:05:47 [DEBUG] --- Running enforcement checks ---
2026-08-23 18:05:47 [DEBUG] Hosts file block section is present. OK.
2026-08-23 18:05:47 [DEBUG] Hosts file is read-only. OK.
2026-08-23 18:05:47 [DEBUG] Browser process detected: msedge.exe -- hosts-level blocking is active.
2026-08-23 18:06:17 [DEBUG] --- Running enforcement checks ---
2026-08-23 18:06:17 [DEBUG] Hosts file block section is present. OK.
2026-08-23 18:06:17 [DEBUG] Hosts file is read-only. OK.
2026-08-23 18:06:17 [DEBUG] Browser process detected: msedge.exe -- hosts-level blocking is active.
2026-08-23 18:06:47 [DEBUG] --- Running enforcement checks ---
2026-08-23 18:06:47 [DEBUG] Hosts file block section is present. OK.
2026-08-23 18:06:47 [DEBUG] Hosts file is read-only. OK.
2026-08-23 18:06:48 [DEBUG] Browser process detected: msedge.exe -- hosts-level blocking is active.
2026-08-23 18:07:18 [DEBUG] --- Running enforcement checks ---
2026-08-23 18:07:18 [DEBUG] Hosts file block section is present. OK.
2026-08-23 18:07:18 [DEBUG] Hosts file is read-only. OK.
2026-08-23 18:07:18 [DEBUG] Browser process detected: msedge.exe -- hosts-level blocking is active.
2026-08-23 18:07:48 [DEBUG] --- Running enforcement checks ---
2026-08-23 18:07:48 [DEBUG] Hosts file block section is present. OK.
2026-08-23 18:07:48 [DEBUG] Hosts file is read-only. OK.
2026-08-23 18:07:49 [DEBUG] Browser process detected: msedge.exe -- hosts-level blocking is active.
2026-08-23 18:08:19 [DEBUG] --- Running enforcement checks ---
2026-08-23 18:08:19 [DEBUG] Hosts file block section is present. OK.
2026-08-23 18:08:19 [DEBUG] Hosts file is read-only. OK.
2026-08-23 18:08:19 [DEBUG] Browser process detected: msedge.exe -- hosts-level blocking is active.
2026-08-23 18:08:49 [DEBUG] --- Running enforcement checks ---
2026-08-23 18:08:49 [DEBUG] Hosts file block section is present. OK.
2026-08-23 18:08:49 [DEBUG] Hosts file is read-only. OK.
2026-08-23 18:08:49 [DEBUG] Browser process detected: msedge.exe -- hosts-level blocking is active.
2026-08-23 18:09:19 [DEBUG] --- Running enforcement checks ---
2026-08-23 18:09:19 [DEBUG] Hosts file block section is present. OK.
2026-08-23 18:09:19 [DEBUG] Hosts file is read-only. OK.
2026-08-23 18:09:20 [DEBUG] Browser process detected: msedge.exe -- hosts-level blocking is active.
2026-08-23 18:09:50 [DEBUG] --- Running enforcement checks ---
2026-08-23 18:09:50 [DEBUG] Hosts file block section is present. OK.
2026-08-23 18:09:50 [DEBUG] Hosts file is read-only. OK.
2026-08-23 18:09:50 [DEBUG] Browser process detected: msedge.exe -- hosts-level blocking is active.
2026-08-23 18:10:20 [DEBUG] --- Running enforcement checks ---
2026-08-23 18:10:20 [DEBUG] Hosts file block section is present. OK.
2026-08-23 18:10:20 [DEBUG] Hosts file is read-only. OK.
2026-08-23 18:10:20 [DEBUG] Browser process detected: msedge.exe -- hosts-level blocking is active.
2026-08-23 18:10:50 [DEBUG] --- Running enforcement checks ---
2026-08-23 18:10:50 [DEBUG] Hosts file block section is present. OK.
2026-08-23 18:10:50 [DEBUG] Hosts file is read-only. OK.
2026-08-23 18:10:51 [DEBUG] Browser process detected: msedge.exe -- hosts-level blocking is active.
2026-08-23 18:11:21 [DEBUG] --- Running enforcement checks ---
2026-08-23 18:11:21 [DEBUG] Hosts file block section is present. OK.
2026-08-23 18:11:21 [DEBUG] Hosts file is read-only. OK.
2026-08-23 18:11:21 [DEBUG] Browser process detected: msedge.exe -- hosts-level blocking is active.
2026-08-23 18:11:51 [DEBUG] --- Running enforcement checks ---
2026-08-23 18:11:51 [DEBUG] Hosts file block section is present. OK.
2026-08-23 18:11:51 [DEBUG] Hosts file is read-only. OK.
2026-08-23 18:11:51 [DEBUG] Browser process detected: msedge.exe -- hosts-level blocking is active.
2026-08-23 18:12:21 [DEBUG] --- Running enforcement checks ---
2026-08-23 18:12:21 [DEBUG] Hosts file block section is present. OK.
2026-08-23 18:12:21 [DEBUG] Hosts file is read-only. OK.
2026-08-23 18:12:22 [DEBUG] Browser process detected: msedge.exe -- hosts-level blocking is active.
2026-08-23 18:12:52 [DEBUG] --- Running enforcement checks ---
2026-08-23 18:12:52 [DEBUG] Hosts file block section is present. OK.
2026-08-23 18:12:52 [DEBUG] Hosts file is read-only. OK.
2026-08-23 18:12:52 [DEBUG] Browser process detected: msedge.exe -- hosts-level blocking is active.
2026-08-23 18:13:22 [DEBUG] --- Running enforcement checks ---
2026-08-23 18:13:22 [DEBUG] Hosts file block section is present. OK.
2026-08-23 18:13:22 [DEBUG] Hosts file is read-only. OK.
2026-08-23 18:13:23 [DEBUG] Browser process detected: msedge.exe -- hosts-level blocking is active.
2026-08-23 18:13:53 [DEBUG] --- Running enforcement checks ---
2026-08-23 18:13:53 [DEBUG] Hosts file block section is present. OK.
2026-08-23 18:13:53 [DEBUG] Hosts file is read-only. OK.
2026-08-23 18:13:53 [DEBUG] Browser process detected: msedge.exe -- hosts-level blocking is active.
2026-08-23 18:14:23 [DEBUG] --- Running enforcement checks ---
2026-08-23 18:14:23 [DEBUG] Hosts file block section is present. OK.
2026-08-23 18:14:23 [DEBUG] Hosts file is read-only. OK.
2026-08-23 18:14:23 [DEBUG] Browser process detected: msedge.exe -- hosts-level blocking is active.
2026-08-23 18:14:53 [DEBUG] --- Running enforcement checks ---
2026-08-23 18:14:53 [DEBUG] Hosts file block section is present. OK.
2026-08-23 18:14:53 [DEBUG] Hosts file is read-only. OK.
2026-08-23 18:14:54 [DEBUG] Browser process detected: msedge.exe -- hosts-level blocking is active.
2026-08-23 18:15:24 [DEBUG] --- Running enforcement checks ---
2026-08-23 18:15:24 [DEBUG] Hosts file block section is present. OK.
2026-08-23 18:15:24 [DEBUG] Hosts file is read-only. OK.
2026-08-23 18:15:24 [DEBUG] Browser process detected: msedge.exe -- hosts-level blocking is active.
2026-08-23 18:15:54 [DEBUG] --- Running enforcement checks ---
2026-08-23 18:15:54 [DEBUG] Hosts file block section is present. OK.
2026-08-23 18:15:54 [DEBUG] Hosts file is read-only. OK.
2026-08-23 18:15:54 [DEBUG] Browser process detected: msedge.exe -- hosts-level blocking is active.
2026-08-23 18:16:24 [DEBUG] --- Running enforcement checks ---
2026-08-23 18:16:24 [DEBUG] Hosts file block section is present. OK.
2026-08-23 18:16:24 [DEBUG] Hosts file is read-only. OK.
2026-08-23 18:16:25 [DEBUG] Browser process detected: msedge.exe -- hosts-level blocking is active.
2026-08-23 18:16:55 [DEBUG] --- Running enforcement checks ---
2026-08-23 18:16:55 [DEBUG] Hosts file block section is present. OK.
2026-08-23 18:16:55 [DEBUG] Hosts file is read-only. OK.
2026-08-23 18:16:55 [DEBUG] Browser process detected: msedge.exe -- hosts-level blocking is active.
2026-08-23 18:17:25 [DEBUG] --- Running enforcement checks ---
2026-08-23 18:17:25 [DEBUG] Hosts file block section is present. OK.
2026-08-23 18:17:25 [DEBUG] Hosts file is read-only. OK.
2026-08-23 18:17:26 [DEBUG] Browser process detected: msedge.exe -- hosts-level blocking is active.
2026-08-23 18:17:56 [DEBUG] --- Running enforcement checks ---
2026-08-23 18:17:56 [DEBUG] Hosts file block section is present. OK.
2026-08-23 18:17:56 [DEBUG] Hosts file is read-only. OK.
2026-08-23 18:17:56 [DEBUG] Browser process detected: msedge.exe -- hosts-level blocking is active.
2026-08-23 18:18:26 [DEBUG] --- Running enforcement checks ---
2026-08-23 18:18:26 [DEBUG] Hosts file block section is present. OK.
2026-08-23 18:18:26 [DEBUG] Hosts file is read-only. OK.
2026-08-23 18:18:26 [DEBUG] Browser process detected: msedge.exe -- hosts-level blocking is active.
2026-08-23 18:18:56 [DEBUG] --- Running enforcement checks ---
2026-08-23 18:18:56 [DEBUG] Hosts file block section is present. OK.
2026-08-23 18:18:56 [DEBUG] Hosts file is read-only. OK.
2026-08-23 18:18:57 [DEBUG] Browser process detected: msedge.exe -- hosts-level blocking is active.
2026-08-23 18:19:27 [DEBUG] --- Running enforcement checks ---
2026-08-23 18:19:27 [DEBUG] Hosts file block section is present. OK.
2026-08-23 18:19:27 [DEBUG] Hosts file is read-only. OK.
2026-08-23 18:19:27 [DEBUG] Browser process detected: msedge.exe -- hosts-level blocking is active.
2026-08-23 18:19:57 [DEBUG] --- Running enforcement checks ---
2026-08-23 18:19:57 [DEBUG] Hosts file block section is present. OK.
2026-08-23 18:19:57 [DEBUG] Hosts file is read-only. OK.
2026-08-23 18:19:57 [DEBUG] Browser process detected: msedge.exe -- hosts-level blocking is active.
2026-08-23 18:20:27 [DEBUG] --- Running enforcement checks ---
2026-08-23 18:20:27 [DEBUG] Hosts file block section is present. OK.
2026-08-23 18:20:27 [DEBUG] Hosts file is read-only. OK.
2026-08-23 18:20:28 [DEBUG] Browser process detected: msedge.exe -- hosts-level blocking is active.
2026-08-23 18:20:58 [DEBUG] --- Running enforcement checks ---
2026-08-23 18:20:58 [DEBUG] Hosts file block section is present. OK.
2026-08-23 18:20:58 [DEBUG] Hosts file is read-only. OK.
2026-08-23 18:20:58 [DEBUG] Browser process detected: msedge.exe -- hosts-level blocking is active.
2026-08-23 18:21:28 [DEBUG] --- Running enforcement checks ---
2026-08-23 18:21:28 [DEBUG] Hosts file block section is present. OK.
2026-08-23 18:21:28 [DEBUG] Hosts file is read-only. OK.
2026-08-23 18:21:29 [DEBUG] Browser process detected: msedge.exe -- hosts-level blocking is active.
2026-08-23 18:21:59 [DEBUG] --- Running enforcement checks ---
2026-08-23 18:21:59 [DEBUG] Hosts file block section is present. OK.
2026-08-23 18:21:59 [DEBUG] Hosts file is read-only. OK.
2026-08-23 18:21:59 [DEBUG] Browser process detected: msedge.exe -- hosts-level blocking is active.
2026-08-23 18:22:29 [DEBUG] --- Running enforcement checks ---
2026-08-23 18:22:29 [DEBUG] Hosts file block section is present. OK.
2026-08-23 18:22:29 [DEBUG] Hosts file is read-only. OK.
2026-08-23 18:22:29 [DEBUG] Browser process detected: msedge.exe -- hosts-level blocking is active.
2026-08-23 18:22:59 [DEBUG] --- Running enforcement checks ---
2026-08-23 18:22:59 [DEBUG] Hosts file block section is present. OK.
2026-08-23 18:22:59 [DEBUG] Hosts file is read-only. OK.
2026-08-23 18:23:00 [DEBUG] Browser process detected: msedge.exe -- hosts-level blocking is active.
2026-08-23 18:23:30 [DEBUG] --- Running enforcement checks ---
2026-08-23 18:23:30 [DEBUG] Hosts file block section is present. OK.
2026-08-23 18:23:30 [DEBUG] Hosts file is read-only. OK.
2026-08-23 18:23:30 [DEBUG] Browser process detected: msedge.exe -- hosts-level blocking is active.
2026-08-23 18:24:00 [DEBUG] --- Running enforcement checks ---
2026-08-23 18:24:00 [DEBUG] Hosts file block section is present. OK.
2026-08-23 18:24:00 [DEBUG] Hosts file is read-only. OK.
2026-08-23 18:24:00 [DEBUG] Browser process detected: msedge.exe -- hosts-level blocking is active.
2026-08-23 18:24:30 [DEBUG] --- Running enforcement checks ---
2026-08-23 18:24:30 [DEBUG] Hosts file block section is present. OK.
2026-08-23 18:24:30 [DEBUG] Hosts file is read-only. OK.
2026-08-23 18:24:31 [DEBUG] Browser process detected: msedge.exe -- hosts-level blocking is active.
2026-08-23 18:25:01 [DEBUG] --- Running enforcement checks ---
2026-08-23 18:25:01 [DEBUG] Hosts file block section is present. OK.
2026-08-23 18:25:01 [DEBUG] Hosts file is read-only. OK.
2026-08-23 18:25:01 [DEBUG] Browser process detected: msedge.exe -- hosts-level blocking is active.
2026-08-23 18:25:31 [DEBUG] --- Running enforcement checks ---
2026-08-23 18:25:31 [DEBUG] Hosts file block section is present. OK.
2026-08-23 18:25:31 [DEBUG] Hosts file is read-only. OK.
2026-08-23 18:25:32 [DEBUG] Browser process detected: msedge.exe -- hosts-level blocking is active.
2026-08-23 18:26:02 [DEBUG] --- Running enforcement checks ---
2026-08-23 18:26:02 [DEBUG] Hosts file block section is present. OK.
2026-08-23 18:26:02 [DEBUG] Hosts file is read-only. OK.
2026-08-23 18:26:02 [DEBUG] Browser process detected: msedge.exe -- hosts-level blocking is active.
2026-08-23 18:26:32 [DEBUG] --- Running enforcement checks ---
2026-08-23 18:26:32 [DEBUG] Hosts file block section is present. OK.
2026-08-23 18:26:32 [DEBUG] Hosts file is read-only. OK.
2026-08-23 18:26:32 [DEBUG] Browser process detected: msedge.exe -- hosts-level blocking is active.
2026-08-23 18:27:02 [DEBUG] --- Running enforcement checks ---
2026-08-23 18:27:02 [DEBUG] Hosts file block section is present. OK.
2026-08-23 18:27:02 [DEBUG] Hosts file is read-only. OK.
2026-08-23 18:27:03 [DEBUG] Browser process detected: msedge.exe -- hosts-level blocking is active.
2026-08-23 18:27:33 [DEBUG] --- Running enforcement checks ---
2026-08-23 18:27:33 [DEBUG] Hosts file block section is present. OK.
2026-08-23 18:27:33 [DEBUG] Hosts file is read-only. OK.
2026-08-23 18:27:33 [DEBUG] Browser process detected: msedge.exe -- hosts-level blocking is active.
2026-08-23 18:28:03 [DEBUG] --- Running enforcement checks ---
2026-08-23 18:28:03 [DEBUG] Hosts file block section is present. OK.
2026-08-23 18:28:03 [DEBUG] Hosts file is read-only. OK.
2026-08-23 18:28:04 [DEBUG] Browser process detected: msedge.exe -- hosts-level blocking is active.
2026-08-23 18:28:34 [DEBUG] --- Running enforcement checks ---
2026-08-23 18:28:34 [DEBUG] Hosts file block section is present. OK.
2026-08-23 18:28:34 [DEBUG] Hosts file is read-only. OK.
2026-08-23 18:28:34 [DEBUG] Browser process detected: msedge.exe -- hosts-level blocking is active.
2026-08-23 18:29:04 [DEBUG] --- Running enforcement checks ---
2026-08-23 18:29:04 [DEBUG] Hosts file block section is present. OK.
2026-08-23 18:29:04 [DEBUG] Hosts file is read-only. OK.
2026-08-23 18:29:04 [DEBUG] Browser process detected: msedge.exe -- hosts-level blocking is active.
2026-08-23 18:29:34 [DEBUG] --- Running enforcement checks ---
2026-08-23 18:29:34 [DEBUG] Hosts file block section is present. OK.
2026-08-23 18:29:34 [DEBUG] Hosts file is read-only. OK.
2026-08-23 18:29:35 [DEBUG] Browser process detected: msedge.exe -- hosts-level blocking is active.
2026-08-23 18:30:05 [DEBUG] --- Running enforcement checks ---
2026-08-23 18:30:05 [DEBUG] Hosts file block section is present. OK.
2026-08-23 18:30:05 [DEBUG] Hosts file is read-only. OK.
2026-08-23 18:30:05 [DEBUG] Browser process detected: msedge.exe -- hosts-level blocking is active.
2026-08-23 18:30:35 [DEBUG] --- Running enforcement checks ---
2026-08-23 18:30:35 [DEBUG] Hosts file block section is present. OK.
2026-08-23 18:30:35 [DEBUG] Hosts file is read-only. OK.
2026-08-23 18:30:36 [DEBUG] Browser process detected: msedge.exe -- hosts-level blocking is active.
2026-08-23 18:31:06 [DEBUG] --- Running enforcement checks ---
2026-08-23 18:31:06 [DEBUG] Hosts file block section is present. OK.
2026-08-23 18:31:06 [DEBUG] Hosts file is read-only. OK.
2026-08-23 18:31:06 [DEBUG] Browser process detected: msedge.exe -- hosts-level blocking is active.
2026-08-23 18:31:36 [DEBUG] --- Running enforcement checks ---
2026-08-23 18:31:36 [DEBUG] Hosts file block section is present. OK.
2026-08-23 18:31:36 [DEBUG] Hosts file is read-only. OK.
2026-08-23 18:31:36 [DEBUG] Browser process detected: msedge.exe -- hosts-level blocking is active.
2026-08-23 18:32:06 [DEBUG] --- Running enforcement checks ---
2026-08-23 18:32:06 [DEBUG] Hosts file block section is present. OK.
2026-08-23 18:32:06 [DEBUG] Hosts file is read-only. OK.
2026-08-23 18:32:07 [DEBUG] Browser process detected: msedge.exe -- hosts-level blocking is active.
2026-08-23 18:32:37 [DEBUG] --- Running enforcement checks ---
2026-08-23 18:32:37 [DEBUG] Hosts file block section is present. OK.
2026-08-23 18:32:37 [DEBUG] Hosts file is read-only. OK.
2026-08-23 18:32:37 [DEBUG] Browser process detected: msedge.exe -- hosts-level blocking is active.
2026-08-23 18:33:07 [DEBUG] --- Running enforcement checks ---
2026-08-23 18:33:07 [DEBUG] Hosts file block section is present. OK.
2026-08-23 18:33:07 [DEBUG] Hosts file is read-only. OK.
2026-08-23 18:33:07 [DEBUG] Browser process detected: msedge.exe -- hosts-level blocking is active.
2026-08-23 18:33:37 [DEBUG] --- Running enforcement checks ---
2026-08-23 18:33:37 [DEBUG] Hosts file block section is present. OK.
2026-08-23 18:33:37 [DEBUG] Hosts file is read-only. OK.
2026-08-23 18:33:38 [DEBUG] Browser process detected: msedge.exe -- hosts-level blocking is active.
2026-08-23 18:34:08 [DEBUG] --- Running enforcement checks ---
2026-08-23 18:34:08 [DEBUG] Hosts file block section is present. OK.
2026-08-23 18:34:08 [DEBUG] Hosts file is read-only. OK.
2026-08-23 18:34:08 [DEBUG] Browser process detected: msedge.exe -- hosts-level blocking is active.
2026-08-23 18:34:38 [DEBUG] --- Running enforcement checks ---
2026-08-23 18:34:38 [DEBUG] Hosts file block section is present. OK.
2026-08-23 18:34:38 [DEBUG] Hosts file is read-only. OK.
2026-08-23 18:34:39 [DEBUG] Browser process detected: msedge.exe -- hosts-level blocking is active.
2026-08-23 18:35:09 [DEBUG] --- Running enforcement checks ---
2026-08-23 18:35:09 [DEBUG] Hosts file block section is present. OK.
2026-08-23 18:35:09 [DEBUG] Hosts file is read-only. OK.
2026-08-23 18:35:09 [DEBUG] Browser process detected: msedge.exe -- hosts-level blocking is active.
2026-08-23 18:35:39 [DEBUG] --- Running enforcement checks ---
2026-08-23 18:35:39 [DEBUG] Hosts file block section is present. OK.
2026-08-23 18:35:39 [DEBUG] Hosts file is read-only. OK.
2026-08-23 18:35:39 [DEBUG] Browser process detected: msedge.exe -- hosts-level blocking is active.
2026-08-23 18:36:09 [DEBUG] --- Running enforcement checks ---
2026-08-23 18:36:10 [DEBUG] Hosts file block section is present. OK.
2026-08-23 18:36:10 [DEBUG] Hosts file is read-only. OK.
2026-08-23 18:36:10 [DEBUG] Browser process detected: msedge.exe -- hosts-level blocking is active.
2026-08-23 18:36:40 [DEBUG] --- Running enforcement checks ---
2026-08-23 18:36:40 [DEBUG] Hosts file block section is present. OK.
2026-08-23 18:36:40 [DEBUG] Hosts file is read-only. OK.
2026-08-23 18:36:40 [DEBUG] Browser process detected: msedge.exe -- hosts-level blocking is active.
2026-08-23 18:37:10 [DEBUG] --- Running enforcement checks ---
2026-08-23 18:37:10 [DEBUG] Hosts file block section is present. OK.
2026-08-23 18:37:10 [DEBUG] Hosts file is read-only. OK.
2026-08-23 18:37:11 [DEBUG] Browser process detected: msedge.exe -- hosts-level blocking is active.
2026-08-23 18:37:41 [DEBUG] --- Running enforcement checks ---
2026-08-23 18:37:41 [DEBUG] Hosts file block section is present. OK.
2026-08-23 18:37:41 [DEBUG] Hosts file is read-only. OK.
2026-08-23 18:37:41 [DEBUG] Browser process detected: msedge.exe -- hosts-level blocking is active.
2026-08-23 18:38:11 [DEBUG] --- Running enforcement checks ---
2026-08-23 18:38:11 [DEBUG] Hosts file block section is present. OK.
2026-08-23 18:38:11 [DEBUG] Hosts file is read-only. OK.
2026-08-23 18:38:12 [DEBUG] Browser process detected: msedge.exe -- hosts-level blocking is active.
2026-08-23 18:38:42 [DEBUG] --- Running enforcement checks ---
2026-08-23 18:38:42 [DEBUG] Hosts file block section is present. OK.
2026-08-23 18:38:42 [DEBUG] Hosts file is read-only. OK.
2026-08-23 18:38:42 [DEBUG] Browser process detected: msedge.exe -- hosts-level blocking is active.
2026-08-23 18:39:12 [DEBUG] --- Running enforcement checks ---
2026-08-23 18:39:12 [DEBUG] Hosts file block section is present. OK.
2026-08-23 18:39:12 [DEBUG] Hosts file is read-only. OK.
2026-08-23 18:39:12 [DEBUG] Browser process detected: msedge.exe -- hosts-level blocking is active.
2026-08-23 18:39:42 [DEBUG] --- Running enforcement checks ---
2026-08-23 18:39:42 [DEBUG] Hosts file block section is present. OK.
2026-08-23 18:39:42 [DEBUG] Hosts file is read-only. OK.
2026-08-23 18:39:43 [DEBUG] Browser process detected: msedge.exe -- hosts-level blocking is active.
2026-08-23 18:40:13 [DEBUG] --- Running enforcement checks ---
2026-08-23 18:40:13 [DEBUG] Hosts file block section is present. OK.
2026-08-23 18:40:13 [DEBUG] Hosts file is read-only. OK.
2026-08-23 18:40:13 [DEBUG] Browser process detected: msedge.exe -- hosts-level blocking is active.
2026-08-23 18:40:43 [DEBUG] --- Running enforcement checks ---
2026-08-23 18:40:43 [DEBUG] Hosts file block section is present. OK.
2026-08-23 18:40:43 [DEBUG] Hosts file is read-only. OK.
2026-08-23 18:40:44 [DEBUG] Browser process detected: msedge.exe -- hosts-level blocking is active.
2026-08-23 18:41:14 [DEBUG] --- Running enforcement checks ---
2026-08-23 18:41:14 [DEBUG] Hosts file block section is present. OK.
2026-08-23 18:41:14 [DEBUG] Hosts file is read-only. OK.
2026-08-23 18:41:14 [DEBUG] Browser process detected: msedge.exe -- hosts-level blocking is active.
2026-08-23 18:41:44 [DEBUG] --- Running enforcement checks ---
2026-08-23 18:41:44 [DEBUG] Hosts file block section is present. OK.
2026-08-23 18:41:44 [DEBUG] Hosts file is read-only. OK.
2026-08-23 18:41:45 [DEBUG] Browser process detected: msedge.exe -- hosts-level blocking is active.
2026-08-23 18:42:15 [DEBUG] --- Running enforcement checks ---
2026-08-23 18:42:15 [DEBUG] Hosts file block section is present. OK.
2026-08-23 18:42:15 [DEBUG] Hosts file is read-only. OK.
2026-08-23 18:42:15 [DEBUG] Browser process detected: msedge.exe -- hosts-level blocking is active.
2026-08-23 18:42:45 [DEBUG] --- Running enforcement checks ---
2026-08-23 18:42:45 [DEBUG] Hosts file block section is present. OK.
2026-08-23 18:42:45 [DEBUG] Hosts file is read-only. OK.
2026-08-23 18:42:45 [DEBUG] Browser process detected: msedge.exe -- hosts-level blocking is active.
2026-08-23 18:43:15 [DEBUG] --- Running enforcement checks ---
2026-08-23 18:43:15 [DEBUG] Hosts file block section is present. OK.
2026-08-23 18:43:15 [DEBUG] Hosts file is read-only. OK.
2026-08-23 18:43:16 [DEBUG] Browser process detected: msedge.exe -- hosts-level blocking is active.
2026-08-23 18:43:46 [DEBUG] --- Running enforcement checks ---
2026-08-23 18:43:46 [DEBUG] Hosts file block section is present. OK.
2026-08-23 18:43:46 [DEBUG] Hosts file is read-only. OK.
2026-08-23 18:43:46 [DEBUG] Browser process detected: msedge.exe -- hosts-level blocking is active.
2026-08-23 18:44:16 [DEBUG] --- Running enforcement checks ---
2026-08-23 18:44:16 [DEBUG] Hosts file block section is present. OK.
2026-08-23 18:44:16 [DEBUG] Hosts file is read-only. OK.
2026-08-23 18:44:17 [DEBUG] Browser process detected: msedge.exe -- hosts-level blocking is active.
2026-08-23 18:44:47 [DEBUG] --- Running enforcement checks ---
2026-08-23 18:44:47 [DEBUG] Hosts file block section is present. OK.
2026-08-23 18:44:47 [DEBUG] Hosts file is read-only. OK.
2026-08-23 18:44:47 [DEBUG] Browser process detected: msedge.exe -- hosts-level blocking is active.
2026-08-23 18:45:17 [DEBUG] --- Running enforcement checks ---
2026-08-23 18:45:17 [DEBUG] Hosts file block section is present. OK.
2026-08-23 18:45:17 [DEBUG] Hosts file is read-only. OK.
2026-08-23 18:45:17 [DEBUG] Browser process detected: msedge.exe -- hosts-level blocking is active.
2026-08-23 18:45:47 [DEBUG] --- Running enforcement checks ---
2026-08-23 18:45:47 [DEBUG] Hosts file block section is present. OK.
2026-08-23 18:45:47 [DEBUG] Hosts file is read-only. OK.
2026-08-23 18:45:48 [DEBUG] Browser process detected: msedge.exe -- hosts-level blocking is active.
2026-08-23 18:46:18 [DEBUG] --- Running enforcement checks ---
2026-08-23 18:46:18 [DEBUG] Hosts file block section is present. OK.
2026-08-23 18:46:18 [DEBUG] Hosts file is read-only. OK.
2026-08-23 18:46:18 [DEBUG] Browser process detected: msedge.exe -- hosts-level blocking is active.
2026-08-23 18:46:48 [DEBUG] --- Running enforcement checks ---
2026-08-23 18:46:48 [DEBUG] Hosts file block section is present. OK.
2026-08-23 18:46:48 [DEBUG] Hosts file is read-only. OK.
2026-08-23 18:46:49 [DEBUG] Browser process detected: msedge.exe -- hosts-level blocking is active.
2026-08-23 18:47:19 [DEBUG] --- Running enforcement checks ---
2026-08-23 18:47:19 [DEBUG] Hosts file block section is present. OK.
2026-08-23 18:47:19 [DEBUG] Hosts file is read-only. OK.
2026-08-23 18:47:19 [DEBUG] Browser process detected: msedge.exe -- hosts-level blocking is active.
2026-08-23 18:47:49 [DEBUG] --- Running enforcement checks ---
2026-08-23 18:47:49 [DEBUG] Hosts file block section is present. OK.
2026-08-23 18:47:49 [DEBUG] Hosts file is read-only. OK.
2026-08-23 18:47:49 [DEBUG] Browser process detected: msedge.exe -- hosts-level blocking is active.
2026-08-23 18:48:19 [DEBUG] --- Running enforcement checks ---
2026-08-23 18:48:19 [DEBUG] Hosts file block section is present. OK.
2026-08-23 18:48:19 [DEBUG] Hosts file is read-only. OK.
2026-08-23 18:48:20 [DEBUG] Browser process detected: msedge.exe -- hosts-level blocking is active.
2026-08-23 18:48:50 [DEBUG] --- Running enforcement checks ---
2026-08-23 18:48:50 [DEBUG] Hosts file block section is present. OK.
2026-08-23 18:48:50 [DEBUG] Hosts file is read-only. OK.
2026-08-23 18:48:50 [DEBUG] Browser process detected: msedge.exe -- hosts-level blocking is active.
2026-08-23 18:49:20 [DEBUG] --- Running enforcement checks ---
2026-08-23 18:49:20 [DEBUG] Hosts file block section is present. OK.
2026-08-23 18:49:20 [DEBUG] Hosts file is read-only. OK.
2026-08-23 18:49:21 [DEBUG] Browser process detected: msedge.exe -- hosts-level blocking is active.
2026-08-23 18:49:51 [DEBUG] --- Running enforcement checks ---
2026-08-23 18:49:51 [DEBUG] Hosts file block section is present. OK.
2026-08-23 18:49:51 [DEBUG] Hosts file is read-only. OK.
2026-08-23 18:49:51 [DEBUG] Browser process detected: msedge.exe -- hosts-level blocking is active.
2026-08-23 18:50:21 [DEBUG] --- Running enforcement checks ---
2026-08-23 18:50:21 [DEBUG] Hosts file block section is present. OK.
2026-08-23 18:50:21 [DEBUG] Hosts file is read-only. OK.
2026-08-23 18:50:21 [DEBUG] Browser process detected: msedge.exe -- hosts-level blocking is active.
2026-08-23 18:50:51 [DEBUG] --- Running enforcement checks ---
2026-08-23 18:50:51 [DEBUG] Hosts file block section is present. OK.
2026-08-23 18:50:51 [DEBUG] Hosts file is read-only. OK.
2026-08-23 18:50:52 [DEBUG] Browser process detected: msedge.exe -- hosts-level blocking is active.
2026-08-23 18:51:22 [DEBUG] --- Running enforcement checks ---
2026-08-23 18:51:22 [DEBUG] Hosts file block section is present. OK.
2026-08-23 18:51:22 [DEBUG] Hosts file is read-only. OK.
2026-08-23 18:51:22 [DEBUG] Browser process detected: msedge.exe -- hosts-level blocking is active.
2026-08-23 18:51:52 [DEBUG] --- Running enforcement checks ---
2026-08-23 18:51:52 [DEBUG] Hosts file block section is present. OK.
2026-08-23 18:51:52 [DEBUG] Hosts file is read-only. OK.
2026-08-23 18:51:52 [DEBUG] Browser process detected: msedge.exe -- hosts-level blocking is active.
2026-08-23 18:52:22 [DEBUG] --- Running enforcement checks ---
2026-08-23 18:52:22 [DEBUG] Hosts file block section is present. OK.
2026-08-23 18:52:22 [DEBUG] Hosts file is read-only. OK.
2026-08-23 18:52:23 [DEBUG] Browser process detected: msedge.exe -- hosts-level blocking is active.
2026-08-23 18:52:53 [DEBUG] --- Running enforcement checks ---
2026-08-23 18:52:53 [DEBUG] Hosts file block section is present. OK.
2026-08-23 18:52:53 [DEBUG] Hosts file is read-only. OK.
2026-08-23 18:52:53 [DEBUG] Browser process detected: msedge.exe -- hosts-level blocking is active.
2026-08-23 18:53:23 [DEBUG] --- Running enforcement checks ---
2026-08-23 18:53:23 [DEBUG] Hosts file block section is present. OK.
2026-08-23 18:53:23 [DEBUG] Hosts file is read-only. OK.
2026-08-23 18:53:24 [DEBUG] Browser process detected: msedge.exe -- hosts-level blocking is active.
2026-08-23 18:53:54 [DEBUG] --- Running enforcement checks ---
2026-08-23 18:53:54 [DEBUG] Hosts file block section is present. OK.
2026-08-23 18:53:54 [DEBUG] Hosts file is read-only. OK.
2026-08-23 18:53:54 [DEBUG] Browser process detected: msedge.exe -- hosts-level blocking is active.
2026-08-23 18:54:24 [DEBUG] --- Running enforcement checks ---
2026-08-23 18:54:24 [DEBUG] Hosts file block section is present. OK.
2026-08-23 18:54:24 [DEBUG] Hosts file is read-only. OK.
2026-08-23 18:54:24 [DEBUG] Browser process detected: msedge.exe -- hosts-level blocking is active.
2026-08-23 18:54:55 [DEBUG] --- Running enforcement checks ---
2026-08-23 18:54:55 [DEBUG] Hosts file block section is present. OK.
2026-08-23 18:54:55 [DEBUG] Hosts file is read-only. OK.
2026-08-23 18:54:55 [DEBUG] Browser process detected: msedge.exe -- hosts-level blocking is active.
2026-08-23 18:55:25 [DEBUG] --- Running enforcement checks ---
2026-08-23 18:55:25 [DEBUG] Hosts file block section is present. OK.
2026-08-23 18:55:25 [DEBUG] Hosts file is read-only. OK.
2026-08-23 18:55:25 [DEBUG] Browser process detected: msedge.exe -- hosts-level blocking is active.
2026-08-23 18:55:55 [DEBUG] --- Running enforcement checks ---
2026-08-23 18:55:55 [DEBUG] Hosts file block section is present. OK.
2026-08-23 18:55:55 [DEBUG] Hosts file is read-only. OK.
2026-08-23 18:55:56 [DEBUG] Browser process detected: msedge.exe -- hosts-level blocking is active.
2026-08-23 18:56:26 [DEBUG] --- Running enforcement checks ---
2026-08-23 18:56:26 [DEBUG] Hosts file block section is present. OK.
2026-08-23 18:56:26 [DEBUG] Hosts file is read-only. OK.
2026-08-23 18:56:26 [DEBUG] Browser process detected: msedge.exe -- hosts-level blocking is active.
2026-08-23 18:56:56 [DEBUG] --- Running enforcement checks ---
2026-08-23 18:56:56 [DEBUG] Hosts file block section is present. OK.
2026-08-23 18:56:56 [DEBUG] Hosts file is read-only. OK.
2026-08-23 18:56:57 [DEBUG] Browser process detected: msedge.exe -- hosts-level blocking is active.
2026-08-23 18:57:27 [DEBUG] --- Running enforcement checks ---
2026-08-23 18:57:27 [DEBUG] Hosts file block section is present. OK.
2026-08-23 18:57:27 [DEBUG] Hosts file is read-only. OK.
2026-08-23 18:57:27 [DEBUG] Browser process detected: msedge.exe -- hosts-level blocking is active.
2026-08-23 18:57:57 [DEBUG] --- Running enforcement checks ---
2026-08-23 18:57:57 [DEBUG] Hosts file block section is present. OK.
2026-08-23 18:57:57 [DEBUG] Hosts file is read-only. OK.
2026-08-23 18:57:57 [DEBUG] Browser process detected: msedge.exe -- hosts-level blocking is active.
2026-08-23 18:58:27 [DEBUG] --- Running enforcement checks ---
2026-08-23 18:58:27 [DEBUG] Hosts file block section is present. OK.
2026-08-23 18:58:27 [DEBUG] Hosts file is read-only. OK.
2026-08-23 18:58:28 [DEBUG] Browser process detected: msedge.exe -- hosts-level blocking is active.
2026-08-23 18:58:58 [DEBUG] --- Running enforcement checks ---
2026-08-23 18:58:58 [DEBUG] Hosts file block section is present. OK.
2026-08-23 18:58:58 [DEBUG] Hosts file is read-only. OK.
2026-08-23 18:58:58 [DEBUG] Browser process detected: msedge.exe -- hosts-level blocking is active.
2026-08-23 18:59:28 [DEBUG] --- Running enforcement checks ---
2026-08-23 18:59:28 [DEBUG] Hosts file block section is present. OK.
2026-08-23 18:59:28 [DEBUG] Hosts file is read-only. OK.
2026-08-23 18:59:29 [DEBUG] Browser process detected: msedge.exe -- hosts-level blocking is active.
2026-08-23 18:59:59 [DEBUG] --- Running enforcement checks ---
2026-08-23 18:59:59 [DEBUG] Hosts file block section is present. OK.
2026-08-23 18:59:59 [DEBUG] Hosts file is read-only. OK.
2026-08-23 18:59:59 [DEBUG] Browser process detected: msedge.exe -- hosts-level blocking is active.
2026-08-23 19:00:29 [DEBUG] --- Running enforcement checks ---
2026-08-23 19:00:29 [DEBUG] Hosts file block section is present. OK.
2026-08-23 19:00:29 [DEBUG] Hosts file is read-only. OK.
2026-08-23 19:00:29 [DEBUG] Browser process detected: msedge.exe -- hosts-level blocking is active.
2026-08-23 19:00:59 [DEBUG] --- Running enforcement checks ---
2026-08-23 19:00:59 [DEBUG] Hosts file block section is present. OK.
2026-08-23 19:00:59 [DEBUG] Hosts file is read-only. OK.
2026-08-23 19:01:00 [DEBUG] Browser process detected: msedge.exe -- hosts-level blocking is active.
2026-08-23 19:01:30 [DEBUG] --- Running enforcement checks ---
2026-08-23 19:01:30 [DEBUG] Hosts file block section is present. OK.
2026-08-23 19:01:30 [DEBUG] Hosts file is read-only. OK.
2026-08-23 19:01:30 [DEBUG] Browser process detected: msedge.exe -- hosts-level blocking is active.
2026-08-23 19:02:00 [DEBUG] --- Running enforcement checks ---
2026-08-23 19:02:00 [DEBUG] Hosts file block section is present. OK.
2026-08-23 19:02:00 [DEBUG] Hosts file is read-only. OK.
2026-08-23 19:02:01 [DEBUG] Browser process detected: msedge.exe -- hosts-level blocking is active.
2026-08-23 19:02:31 [DEBUG] --- Running enforcement checks ---
2026-08-23 19:02:31 [DEBUG] Hosts file block section is present. OK.
2026-08-23 19:02:31 [DEBUG] Hosts file is read-only. OK.
2026-08-23 19:02:31 [DEBUG] Browser process detected: msedge.exe -- hosts-level blocking is active.
2026-08-23 19:03:01 [DEBUG] --- Running enforcement checks ---
2026-08-23 19:03:01 [DEBUG] Hosts file block section is present. OK.
2026-08-23 19:03:01 [DEBUG] Hosts file is read-only. OK.
2026-08-23 19:03:01 [DEBUG] Browser process detected: msedge.exe -- hosts-level blocking is active.
2026-08-23 19:03:31 [DEBUG] --- Running enforcement checks ---
2026-08-23 19:03:31 [DEBUG] Hosts file block section is present. OK.
2026-08-23 19:03:31 [DEBUG] Hosts file is read-only. OK.
2026-08-23 19:03:32 [DEBUG] Browser process detected: msedge.exe -- hosts-level blocking is active.
2026-08-23 19:04:02 [DEBUG] --- Running enforcement checks ---
2026-08-23 19:04:02 [DEBUG] Hosts file block section is present. OK.
2026-08-23 19:04:02 [DEBUG] Hosts file is read-only. OK.
2026-08-23 19:04:02 [DEBUG] Browser process detected: msedge.exe -- hosts-level blocking is active.
2026-08-23 19:04:32 [DEBUG] --- Running enforcement checks ---
2026-08-23 19:04:32 [DEBUG] Hosts file block section is present. OK.
2026-08-23 19:04:32 [DEBUG] Hosts file is read-only. OK.
2026-08-23 19:04:32 [DEBUG] Browser process detected: msedge.exe -- hosts-level blocking is active.
2026-08-23 19:05:02 [DEBUG] --- Running enforcement checks ---
2026-08-23 19:05:02 [DEBUG] Hosts file block section is present. OK.
2026-08-23 19:05:02 [DEBUG] Hosts file is read-only. OK.
2026-08-23 19:05:03 [DEBUG] Browser process detected: msedge.exe -- hosts-level blocking is active.
2026-08-23 19:05:33 [DEBUG] --- Running enforcement checks ---
2026-08-23 19:05:33 [DEBUG] Hosts file block section is present. OK.
2026-08-23 19:05:33 [DEBUG] Hosts file is read-only. OK.
2026-08-23 19:05:33 [DEBUG] Browser process detected: msedge.exe -- hosts-level blocking is active.
2026-08-23 19:06:03 [DEBUG] --- Running enforcement checks ---
2026-08-23 19:06:03 [DEBUG] Hosts file block section is present. OK.
2026-08-23 19:06:03 [DEBUG] Hosts file is read-only. OK.
2026-08-23 19:06:04 [DEBUG] Browser process detected: msedge.exe -- hosts-level blocking is active.
2026-08-23 19:06:34 [DEBUG] --- Running enforcement checks ---
2026-08-23 19:06:34 [DEBUG] Hosts file block section is present. OK.
2026-08-23 19:06:34 [DEBUG] Hosts file is read-only. OK.
2026-08-23 19:06:34 [DEBUG] Browser process detected: msedge.exe -- hosts-level blocking is active.
2026-08-23 19:07:04 [DEBUG] --- Running enforcement checks ---
2026-08-23 19:07:04 [DEBUG] Hosts file block section is present. OK.
2026-08-23 19:07:04 [DEBUG] Hosts file is read-only. OK.
2026-08-23 19:07:05 [DEBUG] Browser process detected: msedge.exe -- hosts-level blocking is active.
2026-08-23 19:07:35 [DEBUG] --- Running enforcement checks ---
2026-08-23 19:07:35 [DEBUG] Hosts file block section is present. OK.
2026-08-23 19:07:35 [DEBUG] Hosts file is read-only. OK.
2026-08-23 19:07:35 [DEBUG] Browser process detected: msedge.exe -- hosts-level blocking is active.
2026-08-23 19:08:05 [DEBUG] --- Running enforcement checks ---
2026-08-23 19:08:05 [DEBUG] Hosts file block section is present. OK.
2026-08-23 19:08:05 [DEBUG] Hosts file is read-only. OK.
2026-08-23 19:08:05 [DEBUG] Browser process detected: msedge.exe -- hosts-level blocking is active.
2026-08-23 19:08:35 [DEBUG] --- Running enforcement checks ---
2026-08-23 19:08:35 [DEBUG] Hosts file block section is present. OK.
2026-08-23 19:08:35 [DEBUG] Hosts file is read-only. OK.
2026-08-23 19:08:36 [DEBUG] Browser process detected: msedge.exe -- hosts-level blocking is active.
2026-08-23 19:09:06 [DEBUG] --- Running enforcement checks ---
2026-08-23 19:09:06 [DEBUG] Hosts file block section is present. OK.
2026-08-23 19:09:06 [DEBUG] Hosts file is read-only. OK.
2026-08-23 19:09:06 [DEBUG] Browser process detected: msedge.exe -- hosts-level blocking is active.
2026-08-23 19:09:36 [DEBUG] --- Running enforcement checks ---
2026-08-23 19:09:36 [DEBUG] Hosts file block section is present. OK.
2026-08-23 19:09:36 [DEBUG] Hosts file is read-only. OK.
2026-08-23 19:09:37 [DEBUG] Browser process detected: msedge.exe -- hosts-level blocking is active.
2026-08-23 19:10:07 [DEBUG] --- Running enforcement checks ---
2026-08-23 19:10:07 [DEBUG] Hosts file block section is present. OK.
2026-08-23 19:10:07 [DEBUG] Hosts file is read-only. OK.
2026-08-23 19:10:07 [DEBUG] Browser process detected: msedge.exe -- hosts-level blocking is active.
2026-08-23 19:10:37 [DEBUG] --- Running enforcement checks ---
2026-08-23 19:10:37 [DEBUG] Hosts file block section is present. OK.
2026-08-23 19:10:37 [DEBUG] Hosts file is read-only. OK.
2026-08-23 19:10:37 [DEBUG] Browser process detected: msedge.exe -- hosts-level blocking is active.
2026-08-23 19:11:07 [DEBUG] --- Running enforcement checks ---
2026-08-23 19:11:07 [DEBUG] Hosts file block section is present. OK.
2026-08-23 19:11:07 [DEBUG] Hosts file is read-only. OK.
2026-08-23 19:11:08 [DEBUG] Browser process detected: msedge.exe -- hosts-level blocking is active.
2026-08-23 19:11:38 [DEBUG] --- Running enforcement checks ---
2026-08-23 19:11:38 [DEBUG] Hosts file block section is present. OK.
2026-08-23 19:11:38 [DEBUG] Hosts file is read-only. OK.
2026-08-23 19:11:38 [DEBUG] Browser process detected: msedge.exe -- hosts-level blocking is active.
2026-08-23 19:12:08 [DEBUG] --- Running enforcement checks ---
2026-08-23 19:12:08 [DEBUG] Hosts file block section is present. OK.
2026-08-23 19:12:08 [DEBUG] Hosts file is read-only. OK.
2026-08-23 19:12:09 [DEBUG] Browser process detected: msedge.exe -- hosts-level blocking is active.
2026-08-23 19:12:39 [DEBUG] --- Running enforcement checks ---
2026-08-23 19:12:39 [DEBUG] Hosts file block section is present. OK.
2026-08-23 19:12:39 [DEBUG] Hosts file is read-only. OK.
2026-08-23 19:12:39 [DEBUG] Browser process detected: msedge.exe -- hosts-level blocking is active.
2026-08-23 19:13:09 [DEBUG] --- Running enforcement checks ---
2026-08-23 19:13:09 [DEBUG] Hosts file block section is present. OK.
2026-08-23 19:13:09 [DEBUG] Hosts file is read-only. OK.
2026-08-23 19:13:10 [DEBUG] Browser process detected: msedge.exe -- hosts-level blocking is active.
2026-08-23 19:13:40 [DEBUG] --- Running enforcement checks ---
2026-08-23 19:13:40 [DEBUG] Hosts file block section is present. OK.
2026-08-23 19:13:40 [DEBUG] Hosts file is read-only. OK.
2026-08-23 19:13:40 [DEBUG] Browser process detected: msedge.exe -- hosts-level blocking is active.
2026-08-23 19:14:10 [DEBUG] --- Running enforcement checks ---
2026-08-23 19:14:10 [DEBUG] Hosts file block section is present. OK.
2026-08-23 19:14:10 [DEBUG] Hosts file is read-only. OK.
2026-08-23 19:14:10 [DEBUG] Browser process detected: msedge.exe -- hosts-level blocking is active.
2026-08-23 19:14:40 [DEBUG] --- Running enforcement checks ---
2026-08-23 19:14:40 [DEBUG] Hosts file block section is present. OK.
2026-08-23 19:14:40 [DEBUG] Hosts file is read-only. OK.
2026-08-23 19:14:41 [DEBUG] Browser process detected: msedge.exe -- hosts-level blocking is active.
2026-08-23 19:15:11 [DEBUG] --- Running enforcement checks ---
2026-08-23 19:15:11 [DEBUG] Hosts file block section is present. OK.
2026-08-23 19:15:11 [DEBUG] Hosts file is read-only. OK.
2026-08-23 19:15:11 [DEBUG] Browser process detected: msedge.exe -- hosts-level blocking is active.
2026-08-23 19:15:41 [DEBUG] --- Running enforcement checks ---
2026-08-23 19:15:41 [DEBUG] Hosts file block section is present. OK.
2026-08-23 19:15:41 [DEBUG] Hosts file is read-only. OK.
2026-08-23 19:15:42 [DEBUG] Browser process detected: msedge.exe -- hosts-level blocking is active.
2026-08-23 19:16:12 [DEBUG] --- Running enforcement checks ---
2026-08-23 19:16:12 [DEBUG] Hosts file block section is present. OK.
2026-08-23 19:16:12 [DEBUG] Hosts file is read-only. OK.
2026-08-23 19:16:12 [DEBUG] Browser process detected: msedge.exe -- hosts-level blocking is active.
2026-08-23 19:16:42 [DEBUG] --- Running enforcement checks ---
2026-08-23 19:16:42 [DEBUG] Hosts file block section is present. OK.
2026-08-23 19:16:42 [DEBUG] Hosts file is read-only. OK.
2026-08-23 19:16:42 [DEBUG] Browser process detected: msedge.exe -- hosts-level blocking is active.
2026-08-23 19:17:12 [DEBUG] --- Running enforcement checks ---
2026-08-23 19:17:12 [DEBUG] Hosts file block section is present. OK.
2026-08-23 19:17:12 [DEBUG] Hosts file is read-only. OK.
2026-08-23 19:17:13 [DEBUG] Browser process detected: msedge.exe -- hosts-level blocking is active.
2026-08-23 19:17:43 [DEBUG] --- Running enforcement checks ---
2026-08-23 19:17:43 [DEBUG] Hosts file block section is present. OK.
2026-08-23 19:17:43 [DEBUG] Hosts file is read-only. OK.
2026-08-23 19:17:43 [DEBUG] Browser process detected: msedge.exe -- hosts-level blocking is active.
2026-08-23 19:18:13 [DEBUG] --- Running enforcement checks ---
2026-08-23 19:18:13 [DEBUG] Hosts file block section is present. OK.
2026-08-23 19:18:13 [DEBUG] Hosts file is read-only. OK.
2026-08-23 19:18:14 [DEBUG] Browser process detected: msedge.exe -- hosts-level blocking is active.
2026-08-23 19:18:44 [DEBUG] --- Running enforcement checks ---
2026-08-23 19:18:44 [DEBUG] Hosts file block section is present. OK.
2026-08-23 19:18:44 [DEBUG] Hosts file is read-only. OK.
2026-08-23 19:18:44 [DEBUG] Browser process detected: msedge.exe -- hosts-level blocking is active.
2026-08-23 19:19:14 [DEBUG] --- Running enforcement checks ---
2026-08-23 19:19:14 [DEBUG] Hosts file block section is present. OK.
2026-08-23 19:19:14 [DEBUG] Hosts file is read-only. OK.
2026-08-23 19:19:15 [DEBUG] Browser process detected: msedge.exe -- hosts-level blocking is active.
2026-08-23 19:19:45 [DEBUG] --- Running enforcement checks ---
2026-08-23 19:19:45 [DEBUG] Hosts file block section is present. OK.
2026-08-23 19:19:45 [DEBUG] Hosts file is read-only. OK.
2026-08-23 19:19:45 [DEBUG] Browser process detected: msedge.exe -- hosts-level blocking is active.
2026-08-23 19:20:15 [DEBUG] --- Running enforcement checks ---
2026-08-23 19:20:15 [DEBUG] Hosts file block section is present. OK.
2026-08-23 19:20:15 [DEBUG] Hosts file is read-only. OK.
2026-08-23 19:20:16 [DEBUG] Browser process detected: msedge.exe -- hosts-level blocking is active.
2026-08-23 19:20:46 [DEBUG] --- Running enforcement checks ---
2026-08-23 19:20:46 [DEBUG] Hosts file block section is present. OK.
2026-08-23 19:20:46 [DEBUG] Hosts file is read-only. OK.
2026-08-23 19:20:46 [DEBUG] Browser process detected: msedge.exe -- hosts-level blocking is active.
2026-08-23 19:21:16 [DEBUG] --- Running enforcement checks ---
2026-08-23 19:21:16 [DEBUG] Hosts file block section is present. OK.
2026-08-23 19:21:16 [DEBUG] Hosts file is read-only. OK.
2026-08-23 19:21:16 [DEBUG] Browser process detected: msedge.exe -- hosts-level blocking is active.
2026-08-23 19:21:46 [DEBUG] --- Running enforcement checks ---
2026-08-23 19:21:46 [DEBUG] Hosts file block section is present. OK.
2026-08-23 19:21:46 [DEBUG] Hosts file is read-only. OK.
2026-08-23 19:21:47 [DEBUG] Browser process detected: msedge.exe -- hosts-level blocking is active.
2026-08-23 19:22:17 [DEBUG] --- Running enforcement checks ---
2026-08-23 19:22:17 [DEBUG] Hosts file block section is present. OK.
2026-08-23 19:22:17 [DEBUG] Hosts file is read-only. OK.
2026-08-23 19:22:17 [DEBUG] Browser process detected: msedge.exe -- hosts-level blocking is active.
2026-08-23 19:22:47 [DEBUG] --- Running enforcement checks ---
2026-08-23 19:22:47 [DEBUG] Hosts file block section is present. OK.
2026-08-23 19:22:47 [DEBUG] Hosts file is read-only. OK.
2026-08-23 19:22:48 [DEBUG] Browser process detected: msedge.exe -- hosts-level blocking is active.
2026-08-23 19:23:18 [DEBUG] --- Running enforcement checks ---
2026-08-23 19:23:18 [DEBUG] Hosts file block section is present. OK.
2026-08-23 19:23:18 [DEBUG] Hosts file is read-only. OK.
2026-08-23 19:23:18 [DEBUG] Browser process detected: msedge.exe -- hosts-level blocking is active.
2026-08-23 19:23:48 [DEBUG] --- Running enforcement checks ---
2026-08-23 19:23:48 [DEBUG] Hosts file block section is present. OK.
2026-08-23 19:23:48 [DEBUG] Hosts file is read-only. OK.
2026-08-23 19:23:48 [DEBUG] Browser process detected: msedge.exe -- hosts-level blocking is active.
2026-08-23 19:24:18 [DEBUG] --- Running enforcement checks ---
2026-08-23 19:24:18 [DEBUG] Hosts file block section is present. OK.
2026-08-23 19:24:18 [DEBUG] Hosts file is read-only. OK.
2026-08-23 19:24:19 [DEBUG] Browser process detected: msedge.exe -- hosts-level blocking is active.
2026-08-23 19:24:49 [DEBUG] --- Running enforcement checks ---
2026-08-23 19:24:49 [DEBUG] Hosts file block section is present. OK.
2026-08-23 19:24:49 [DEBUG] Hosts file is read-only. OK.
2026-08-23 19:24:49 [DEBUG] Browser process detected: msedge.exe -- hosts-level blocking is active.
2026-08-23 19:25:19 [DEBUG] --- Running enforcement checks ---
2026-08-23 19:25:19 [DEBUG] Hosts file block section is present. OK.
2026-08-23 19:25:19 [DEBUG] Hosts file is read-only. OK.
2026-08-23 19:25:20 [DEBUG] Browser process detected: msedge.exe -- hosts-level blocking is active.
2026-08-23 19:25:50 [DEBUG] --- Running enforcement checks ---
2026-08-23 19:25:50 [DEBUG] Hosts file block section is present. OK.
2026-08-23 19:25:50 [DEBUG] Hosts file is read-only. OK.
2026-08-23 19:25:50 [DEBUG] Browser process detected: msedge.exe -- hosts-level blocking is active.
2026-08-23 19:26:20 [DEBUG] --- Running enforcement checks ---
2026-08-23 19:26:20 [DEBUG] Hosts file block section is present. OK.
2026-08-23 19:26:20 [DEBUG] Hosts file is read-only. OK.
2026-08-23 19:26:20 [DEBUG] Browser process detected: msedge.exe -- hosts-level blocking is active.
2026-08-23 19:26:50 [DEBUG] --- Running enforcement checks ---
2026-08-23 19:26:50 [DEBUG] Hosts file block section is present. OK.
2026-08-23 19:26:50 [DEBUG] Hosts file is read-only. OK.
2026-08-23 19:26:51 [DEBUG] Browser process detected: msedge.exe -- hosts-level blocking is active.
2026-08-23 19:27:21 [DEBUG] --- Running enforcement checks ---
2026-08-23 19:27:21 [DEBUG] Hosts file block section is present. OK.
2026-08-23 19:27:21 [DEBUG] Hosts file is read-only. OK.
2026-08-23 19:27:21 [DEBUG] Browser process detected: msedge.exe -- hosts-level blocking is active.
2026-08-23 19:27:51 [DEBUG] --- Running enforcement checks ---
2026-08-23 19:27:51 [DEBUG] Hosts file block section is present. OK.
2026-08-23 19:27:51 [DEBUG] Hosts file is read-only. OK.
2026-08-23 19:27:52 [DEBUG] Browser process detected: msedge.exe -- hosts-level blocking is active.
2026-08-23 19:28:22 [DEBUG] --- Running enforcement checks ---
2026-08-23 19:28:22 [DEBUG] Hosts file block section is present. OK.
2026-08-23 19:28:22 [DEBUG] Hosts file is read-only. OK.
2026-08-23 19:28:22 [DEBUG] Browser process detected: msedge.exe -- hosts-level blocking is active.
2026-08-23 19:28:52 [DEBUG] --- Running enforcement checks ---
2026-08-23 19:28:52 [DEBUG] Hosts file block section is present. OK.
2026-08-23 19:28:52 [DEBUG] Hosts file is read-only. OK.
2026-08-23 19:28:52 [DEBUG] Browser process detected: msedge.exe -- hosts-level blocking is active.
2026-08-23 19:29:22 [DEBUG] --- Running enforcement checks ---
2026-08-23 19:29:22 [DEBUG] Hosts file block section is present. OK.
2026-08-23 19:29:22 [DEBUG] Hosts file is read-only. OK.
2026-08-23 19:29:23 [DEBUG] Browser process detected: msedge.exe -- hosts-level blocking is active.
2026-08-23 19:29:53 [DEBUG] --- Running enforcement checks ---
2026-08-23 19:29:53 [DEBUG] Hosts file block section is present. OK.
2026-08-23 19:29:53 [DEBUG] Hosts file is read-only. OK.
2026-08-23 19:29:53 [DEBUG] Browser process detected: msedge.exe -- hosts-level blocking is active.
2026-08-23 19:30:23 [DEBUG] --- Running enforcement checks ---
2026-08-23 19:30:23 [DEBUG] Hosts file block section is present. OK.
2026-08-23 19:30:23 [DEBUG] Hosts file is read-only. OK.
2026-08-23 19:30:24 [DEBUG] Browser process detected: msedge.exe -- hosts-level blocking is active.
2026-08-23 19:30:54 [DEBUG] --- Running enforcement checks ---
2026-08-23 19:30:54 [DEBUG] Hosts file block section is present. OK.
2026-08-23 19:30:54 [DEBUG] Hosts file is read-only. OK.
2026-08-23 19:30:54 [DEBUG] Browser process detected: msedge.exe -- hosts-level blocking is active.
2026-08-23 19:31:24 [DEBUG] --- Running enforcement checks ---
2026-08-23 19:31:24 [DEBUG] Hosts file block section is present. OK.
2026-08-23 19:31:24 [DEBUG] Hosts file is read-only. OK.
2026-08-23 19:31:24 [DEBUG] Browser process detected: msedge.exe -- hosts-level blocking is active.
2026-08-23 19:31:55 [DEBUG] --- Running enforcement checks ---
2026-08-23 19:31:55 [DEBUG] Hosts file block section is present. OK.
2026-08-23 19:31:55 [DEBUG] Hosts file is read-only. OK.
2026-08-23 19:31:55 [DEBUG] Browser process detected: msedge.exe -- hosts-level blocking is active.
2026-08-23 19:32:25 [DEBUG] --- Running enforcement checks ---
2026-08-23 19:32:25 [DEBUG] Hosts file block section is present. OK.
2026-08-23 19:32:25 [DEBUG] Hosts file is read-only. OK.
2026-08-23 19:32:25 [DEBUG] Browser process detected: msedge.exe -- hosts-level blocking is active.
2026-08-23 19:32:55 [DEBUG] --- Running enforcement checks ---
2026-08-23 19:32:55 [DEBUG] Hosts file block section is present. OK.
2026-08-23 19:32:55 [DEBUG] Hosts file is read-only. OK.
2026-08-23 19:32:56 [DEBUG] Browser process detected: msedge.exe -- hosts-level blocking is active.
2026-08-23 19:33:26 [DEBUG] --- Running enforcement checks ---
2026-08-23 19:33:26 [DEBUG] Hosts file block section is present. OK.
2026-08-23 19:33:26 [DEBUG] Hosts file is read-only. OK.
2026-08-23 19:33:26 [DEBUG] Browser process detected: msedge.exe -- hosts-level blocking is active.
2026-08-23 19:33:56 [DEBUG] --- Running enforcement checks ---
2026-08-23 19:33:56 [DEBUG] Hosts file block section is present. OK.
2026-08-23 19:33:56 [DEBUG] Hosts file is read-only. OK.
2026-08-23 19:33:56 [DEBUG] Browser process detected: msedge.exe -- hosts-level blocking is active.
2026-08-23 19:34:26 [DEBUG] --- Running enforcement checks ---
2026-08-23 19:34:26 [DEBUG] Hosts file block section is present. OK.
2026-08-23 19:34:26 [DEBUG] Hosts file is read-only. OK.
2026-08-23 19:34:27 [DEBUG] Browser process detected: msedge.exe -- hosts-level blocking is active.
2026-08-23 19:34:57 [DEBUG] --- Running enforcement checks ---
2026-08-23 19:34:57 [DEBUG] Hosts file block section is present. OK.
2026-08-23 19:34:57 [DEBUG] Hosts file is read-only. OK.
2026-08-23 19:34:57 [DEBUG] Browser process detected: msedge.exe -- hosts-level blocking is active.
2026-08-23 19:35:27 [DEBUG] --- Running enforcement checks ---
2026-08-23 19:35:27 [DEBUG] Hosts file block section is present. OK.
2026-08-23 19:35:27 [DEBUG] Hosts file is read-only. OK.
2026-08-23 19:35:28 [DEBUG] Browser process detected: msedge.exe -- hosts-level blocking is active.
2026-08-23 19:35:58 [DEBUG] --- Running enforcement checks ---
2026-08-23 19:35:58 [DEBUG] Hosts file block section is present. OK.
2026-08-23 19:35:58 [DEBUG] Hosts file is read-only. OK.
2026-08-23 19:35:58 [DEBUG] Browser process detected: msedge.exe -- hosts-level blocking is active.
2026-08-23 19:36:28 [DEBUG] --- Running enforcement checks ---
2026-08-23 19:36:28 [DEBUG] Hosts file block section is present. OK.
2026-08-23 19:36:28 [DEBUG] Hosts file is read-only. OK.
2026-08-23 19:36:29 [DEBUG] Browser process detected: msedge.exe -- hosts-level blocking is active.
2026-08-23 19:36:59 [DEBUG] --- Running enforcement checks ---
2026-08-23 19:36:59 [DEBUG] Hosts file block section is present. OK.
2026-08-23 19:36:59 [DEBUG] Hosts file is read-only. OK.
2026-08-23 19:36:59 [DEBUG] Browser process detected: msedge.exe -- hosts-level blocking is active.
2026-08-23 19:37:29 [DEBUG] --- Running enforcement checks ---
2026-08-23 19:37:29 [DEBUG] Hosts file block section is present. OK.
2026-08-23 19:37:29 [DEBUG] Hosts file is read-only. OK.
2026-08-23 19:37:29 [DEBUG] Browser process detected: msedge.exe -- hosts-level blocking is active.
2026-08-23 19:38:00 [DEBUG] --- Running enforcement checks ---
2026-08-23 19:38:00 [DEBUG] Hosts file block section is present. OK.
2026-08-23 19:38:00 [DEBUG] Hosts file is read-only. OK.
2026-08-23 19:38:00 [DEBUG] Browser process detected: msedge.exe -- hosts-level blocking is active.
2026-08-23 19:38:30 [DEBUG] --- Running enforcement checks ---
2026-08-23 19:38:30 [DEBUG] Hosts file block section is present. OK.
2026-08-23 19:38:30 [DEBUG] Hosts file is read-only. OK.
2026-08-23 19:38:30 [DEBUG] Browser process detected: msedge.exe -- hosts-level blocking is active.
2026-08-23 19:39:00 [DEBUG] --- Running enforcement checks ---
2026-08-23 19:39:00 [DEBUG] Hosts file block section is present. OK.
2026-08-23 19:39:00 [DEBUG] Hosts file is read-only. OK.
2026-08-23 19:39:01 [DEBUG] Browser process detected: msedge.exe -- hosts-level blocking is active.
2026-08-23 19:39:31 [DEBUG] --- Running enforcement checks ---
2026-08-23 19:39:31 [DEBUG] Hosts file block section is present. OK.
2026-08-23 19:39:31 [DEBUG] Hosts file is read-only. OK.
2026-08-23 19:39:31 [DEBUG] Browser process detected: msedge.exe -- hosts-level blocking is active.
2026-08-23 19:40:01 [DEBUG] --- Running enforcement checks ---
2026-08-23 19:40:01 [DEBUG] Hosts file block section is present. OK.
2026-08-23 19:40:01 [DEBUG] Hosts file is read-only. OK.
2026-08-23 19:40:02 [DEBUG] Browser process detected: msedge.exe -- hosts-level blocking is active.
2026-08-23 19:40:32 [DEBUG] --- Running enforcement checks ---
2026-08-23 19:40:32 [DEBUG] Hosts file block section is present. OK.
2026-08-23 19:40:32 [DEBUG] Hosts file is read-only. OK.
2026-08-23 19:40:32 [DEBUG] Browser process detected: msedge.exe -- hosts-level blocking is active.
2026-08-23 19:41:02 [DEBUG] --- Running enforcement checks ---
2026-08-23 19:41:02 [DEBUG] Hosts file block section is present. OK.
2026-08-23 19:41:02 [DEBUG] Hosts file is read-only. OK.
2026-08-23 19:41:03 [DEBUG] Browser process detected: msedge.exe -- hosts-level blocking is active.
2026-08-23 19:41:33 [DEBUG] --- Running enforcement checks ---
2026-08-23 19:41:33 [DEBUG] Hosts file block section is present. OK.
2026-08-23 19:41:33 [DEBUG] Hosts file is read-only. OK.
2026-08-23 19:41:33 [DEBUG] Browser process detected: msedge.exe -- hosts-level blocking is active.
2026-08-23 19:42:03 [DEBUG] --- Running enforcement checks ---
2026-08-23 19:42:03 [DEBUG] Hosts file block section is present. OK.
2026-08-23 19:42:03 [DEBUG] Hosts file is read-only. OK.
2026-08-23 19:42:03 [DEBUG] Browser process detected: msedge.exe -- hosts-level blocking is active.
2026-08-23 19:42:34 [DEBUG] --- Running enforcement checks ---
2026-08-23 19:42:34 [DEBUG] Hosts file block section is present. OK.
2026-08-23 19:42:34 [DEBUG] Hosts file is read-only. OK.
2026-08-23 19:42:34 [DEBUG] Browser process detected: msedge.exe -- hosts-level blocking is active.
2026-08-23 19:43:04 [DEBUG] --- Running enforcement checks ---
2026-08-23 19:43:04 [DEBUG] Hosts file block section is present. OK.
2026-08-23 19:43:04 [DEBUG] Hosts file is read-only. OK.
2026-08-23 19:43:04 [DEBUG] Browser process detected: msedge.exe -- hosts-level blocking is active.
2026-08-23 19:43:34 [DEBUG] --- Running enforcement checks ---
2026-08-23 19:43:34 [DEBUG] Hosts file block section is present. OK.
2026-08-23 19:43:34 [DEBUG] Hosts file is read-only. OK.
2026-08-23 19:43:35 [DEBUG] Browser process detected: msedge.exe -- hosts-level blocking is active.
2026-08-23 19:44:05 [DEBUG] --- Running enforcement checks ---
2026-08-23 19:44:05 [DEBUG] Hosts file block section is present. OK.
2026-08-23 19:44:05 [DEBUG] Hosts file is read-only. OK.
2026-08-23 19:44:05 [DEBUG] Browser process detected: msedge.exe -- hosts-level blocking is active.
2026-08-23 19:44:35 [DEBUG] --- Running enforcement checks ---
2026-08-23 19:44:35 [DEBUG] Hosts file block section is present. OK.
2026-08-23 19:44:35 [DEBUG] Hosts file is read-only. OK.
2026-08-23 19:44:36 [DEBUG] Browser process detected: msedge.exe -- hosts-level blocking is active.
2026-08-23 19:45:06 [DEBUG] --- Running enforcement checks ---
2026-08-23 19:45:06 [DEBUG] Hosts file block section is present. OK.
2026-08-23 19:45:06 [DEBUG] Hosts file is read-only. OK.
2026-08-23 19:45:06 [DEBUG] Browser process detected: msedge.exe -- hosts-level blocking is active.
2026-08-23 19:45:36 [DEBUG] --- Running enforcement checks ---
2026-08-23 19:45:36 [DEBUG] Hosts file block section is present. OK.
2026-08-23 19:45:36 [DEBUG] Hosts file is read-only. OK.
2026-08-23 19:45:36 [DEBUG] Browser process detected: msedge.exe -- hosts-level blocking is active.
2026-08-23 19:46:06 [DEBUG] --- Running enforcement checks ---
2026-08-23 19:46:06 [DEBUG] Hosts file block section is present. OK.
2026-08-23 19:46:06 [DEBUG] Hosts file is read-only. OK.
2026-08-23 19:46:07 [DEBUG] Browser process detected: msedge.exe -- hosts-level blocking is active.
2026-08-23 19:46:37 [DEBUG] --- Running enforcement checks ---
2026-08-23 19:46:37 [DEBUG] Hosts file block section is present. OK.
2026-08-23 19:46:37 [DEBUG] Hosts file is read-only. OK.
2026-08-23 19:46:37 [DEBUG] Browser process detected: msedge.exe -- hosts-level blocking is active.
2026-08-23 19:47:07 [DEBUG] --- Running enforcement checks ---
2026-08-23 19:47:07 [DEBUG] Hosts file block section is present. OK.
2026-08-23 19:47:07 [DEBUG] Hosts file is read-only. OK.
2026-08-23 19:47:08 [DEBUG] Browser process detected: msedge.exe -- hosts-level blocking is active.
2026-08-23 19:47:38 [DEBUG] --- Running enforcement checks ---
2026-08-23 19:47:38 [DEBUG] Hosts file block section is present. OK.
2026-08-23 19:47:38 [DEBUG] Hosts file is read-only. OK.
2026-08-23 19:47:38 [DEBUG] Browser process detected: msedge.exe -- hosts-level blocking is active.
2026-08-23 19:48:08 [DEBUG] --- Running enforcement checks ---
2026-08-23 19:48:08 [DEBUG] Hosts file block section is present. OK.
2026-08-23 19:48:08 [DEBUG] Hosts file is read-only. OK.
2026-08-23 19:48:09 [DEBUG] Browser process detected: msedge.exe -- hosts-level blocking is active.
2026-08-23 19:48:39 [DEBUG] --- Running enforcement checks ---
2026-08-23 19:48:39 [DEBUG] Hosts file block section is present. OK.
2026-08-23 19:48:39 [DEBUG] Hosts file is read-only. OK.
2026-08-23 19:48:39 [DEBUG] Browser process detected: msedge.exe -- hosts-level blocking is active.
2026-08-23 19:49:09 [DEBUG] --- Running enforcement checks ---
2026-08-23 19:49:09 [DEBUG] Hosts file block section is present. OK.
2026-08-23 19:49:09 [DEBUG] Hosts file is read-only. OK.
2026-08-23 19:49:10 [DEBUG] Browser process detected: msedge.exe -- hosts-level blocking is active.
2026-08-23 19:49:40 [DEBUG] --- Running enforcement checks ---
2026-08-23 19:49:40 [DEBUG] Hosts file block section is present. OK.
2026-08-23 19:49:40 [DEBUG] Hosts file is read-only. OK.
2026-08-23 19:49:40 [DEBUG] Browser process detected: msedge.exe -- hosts-level blocking is active.
2026-08-23 19:50:10 [DEBUG] --- Running enforcement checks ---
2026-08-23 19:50:10 [DEBUG] Hosts file block section is present. OK.
2026-08-23 19:50:10 [DEBUG] Hosts file is read-only. OK.
2026-08-23 19:50:11 [DEBUG] Browser process detected: msedge.exe -- hosts-level blocking is active.
2026-08-23 19:50:41 [DEBUG] --- Running enforcement checks ---
2026-08-23 19:50:41 [DEBUG] Hosts file block section is present. OK.
2026-08-23 19:50:41 [DEBUG] Hosts file is read-only. OK.
2026-08-23 19:50:41 [DEBUG] Browser process detected: msedge.exe -- hosts-level blocking is active.
2026-08-23 19:51:11 [DEBUG] --- Running enforcement checks ---
2026-08-23 19:51:11 [DEBUG] Hosts file block section is present. OK.
2026-08-23 19:51:11 [DEBUG] Hosts file is read-only. OK.
2026-08-23 19:51:11 [DEBUG] Browser process detected: msedge.exe -- hosts-level blocking is active.
2026-08-23 19:51:41 [DEBUG] --- Running enforcement checks ---
2026-08-23 19:51:41 [DEBUG] Hosts file block section is present. OK.
2026-08-23 19:51:41 [DEBUG] Hosts file is read-only. OK.
2026-08-23 19:51:42 [DEBUG] Browser process detected: msedge.exe -- hosts-level blocking is active.
2026-08-23 19:52:12 [DEBUG] --- Running enforcement checks ---
2026-08-23 19:52:12 [DEBUG] Hosts file block section is present. OK.
2026-08-23 19:52:12 [DEBUG] Hosts file is read-only. OK.
2026-08-23 19:52:12 [DEBUG] Browser process detected: msedge.exe -- hosts-level blocking is active.
2026-08-23 19:52:42 [DEBUG] --- Running enforcement checks ---
2026-08-23 19:52:42 [DEBUG] Hosts file block section is present. OK.
2026-08-23 19:52:42 [DEBUG] Hosts file is read-only. OK.
2026-08-23 19:52:43 [DEBUG] Browser process detected: msedge.exe -- hosts-level blocking is active.
2026-08-23 19:53:13 [DEBUG] --- Running enforcement checks ---
2026-08-23 19:53:13 [DEBUG] Hosts file block section is present. OK.
2026-08-23 19:53:13 [DEBUG] Hosts file is read-only. OK.
2026-08-23 19:53:13 [DEBUG] Browser process detected: msedge.exe -- hosts-level blocking is active.
2026-08-23 19:53:43 [DEBUG] --- Running enforcement checks ---
2026-08-23 19:53:43 [DEBUG] Hosts file block section is present. OK.
2026-08-23 19:53:43 [DEBUG] Hosts file is read-only. OK.
2026-08-23 19:53:43 [DEBUG] Browser process detected: msedge.exe -- hosts-level blocking is active.
2026-08-23 19:54:13 [DEBUG] --- Running enforcement checks ---
2026-08-23 19:54:13 [DEBUG] Hosts file block section is present. OK.
2026-08-23 19:54:13 [DEBUG] Hosts file is read-only. OK.
2026-08-23 19:54:14 [DEBUG] Browser process detected: msedge.exe -- hosts-level blocking is active.
2026-08-23 19:54:44 [DEBUG] --- Running enforcement checks ---
2026-08-23 19:54:44 [DEBUG] Hosts file block section is present. OK.
2026-08-23 19:54:44 [DEBUG] Hosts file is read-only. OK.
2026-08-23 19:54:44 [DEBUG] Browser process detected: msedge.exe -- hosts-level blocking is active.
2026-08-23 19:55:14 [DEBUG] --- Running enforcement checks ---
2026-08-23 19:55:14 [DEBUG] Hosts file block section is present. OK.
2026-08-23 19:55:14 [DEBUG] Hosts file is read-only. OK.
2026-08-23 19:55:15 [DEBUG] Browser process detected: msedge.exe -- hosts-level blocking is active.
2026-08-23 19:55:45 [DEBUG] --- Running enforcement checks ---
2026-08-23 19:55:45 [DEBUG] Hosts file block section is present. OK.
2026-08-23 19:55:45 [DEBUG] Hosts file is read-only. OK.
2026-08-23 19:55:45 [DEBUG] Browser process detected: msedge.exe -- hosts-level blocking is active.
2026-08-23 19:56:15 [DEBUG] --- Running enforcement checks ---
2026-08-23 19:56:15 [DEBUG] Hosts file block section is present. OK.
2026-08-23 19:56:15 [DEBUG] Hosts file is read-only. OK.
2026-08-23 19:56:15 [DEBUG] Browser process detected: msedge.exe -- hosts-level blocking is active.
2026-08-23 19:56:45 [DEBUG] --- Running enforcement checks ---
2026-08-23 19:56:45 [DEBUG] Hosts file block section is present. OK.
2026-08-23 19:56:45 [DEBUG] Hosts file is read-only. OK.
2026-08-23 19:56:46 [DEBUG] Browser process detected: msedge.exe -- hosts-level blocking is active.
2026-08-23 19:57:16 [DEBUG] --- Running enforcement checks ---
2026-08-23 19:57:16 [DEBUG] Hosts file block section is present. OK.
2026-08-23 19:57:16 [DEBUG] Hosts file is read-only. OK.
2026-08-23 19:57:16 [DEBUG] Browser process detected: msedge.exe -- hosts-level blocking is active.
2026-08-23 19:57:46 [DEBUG] --- Running enforcement checks ---
2026-08-23 19:57:46 [DEBUG] Hosts file block section is present. OK.
2026-08-23 19:57:46 [DEBUG] Hosts file is read-only. OK.
2026-08-23 19:57:46 [DEBUG] Browser process detected: msedge.exe -- hosts-level blocking is active.
2026-08-23 19:58:16 [DEBUG] --- Running enforcement checks ---
2026-08-23 19:58:16 [DEBUG] Hosts file block section is present. OK.
2026-08-23 19:58:16 [DEBUG] Hosts file is read-only. OK.
2026-08-23 19:58:17 [DEBUG] Browser process detected: msedge.exe -- hosts-level blocking is active.
2026-08-23 19:58:47 [DEBUG] --- Running enforcement checks ---
2026-08-23 19:58:47 [DEBUG] Hosts file block section is present. OK.
2026-08-23 19:58:47 [DEBUG] Hosts file is read-only. OK.
2026-08-23 19:58:47 [DEBUG] Browser process detected: msedge.exe -- hosts-level blocking is active.
2026-08-23 19:59:17 [DEBUG] --- Running enforcement checks ---
2026-08-23 19:59:17 [DEBUG] Hosts file block section is present. OK.
2026-08-23 19:59:17 [DEBUG] Hosts file is read-only. OK.
2026-08-23 19:59:18 [DEBUG] Browser process detected: msedge.exe -- hosts-level blocking is active.
2026-08-23 19:59:48 [DEBUG] --- Running enforcement checks ---
2026-08-23 19:59:48 [DEBUG] Hosts file block section is present. OK.
2026-08-23 19:59:48 [DEBUG] Hosts file is read-only. OK.
2026-08-23 19:59:48 [DEBUG] Browser process detected: msedge.exe -- hosts-level blocking is active.
2026-08-23 20:00:18 [DEBUG] --- Running enforcement checks ---
2026-08-23 20:00:18 [DEBUG] Hosts file block section is present. OK.
2026-08-23 20:00:18 [DEBUG] Hosts file is read-only. OK.
2026-08-23 20:00:19 [DEBUG] Browser process detected: msedge.exe -- hosts-level blocking is active.
2026-08-23 20:00:49 [DEBUG] --- Running enforcement checks ---
2026-08-23 20:00:49 [DEBUG] Hosts file block section is present. OK.
2026-08-23 20:00:49 [DEBUG] Hosts file is read-only. OK.
2026-08-23 20:00:49 [DEBUG] Browser process detected: msedge.exe -- hosts-level blocking is active.
2026-08-23 20:01:19 [DEBUG] --- Running enforcement checks ---
2026-08-23 20:01:19 [DEBUG] Hosts file block section is present. OK.
2026-08-23 20:01:19 [DEBUG] Hosts file is read-only. OK.
2026-08-23 20:01:19 [DEBUG] Browser process detected: msedge.exe -- hosts-level blocking is active.
2026-08-23 20:01:49 [DEBUG] --- Running enforcement checks ---
2026-08-23 20:01:49 [DEBUG] Hosts file block section is present. OK.
2026-08-23 20:01:49 [DEBUG] Hosts file is read-only. OK.
2026-08-23 20:01:50 [DEBUG] Browser process detected: msedge.exe -- hosts-level blocking is active.
2026-08-23 20:02:20 [DEBUG] --- Running enforcement checks ---
2026-08-23 20:02:20 [DEBUG] Hosts file block section is present. OK.
2026-08-23 20:02:20 [DEBUG] Hosts file is read-only. OK.
2026-08-23 20:02:20 [DEBUG] Browser process detected: msedge.exe -- hosts-level blocking is active.
2026-08-23 20:02:50 [DEBUG] --- Running enforcement checks ---
2026-08-23 20:02:50 [DEBUG] Hosts file block section is present. OK.
2026-08-23 20:02:50 [DEBUG] Hosts file is read-only. OK.
2026-08-23 20:02:51 [DEBUG] Browser process detected: msedge.exe -- hosts-level blocking is active.
2026-08-23 20:03:21 [DEBUG] --- Running enforcement checks ---
2026-08-23 20:03:21 [DEBUG] Hosts file block section is present. OK.
2026-08-23 20:03:21 [DEBUG] Hosts file is read-only. OK.
2026-08-23 20:03:21 [DEBUG] Browser process detected: msedge.exe -- hosts-level blocking is active.
2026-08-23 20:03:51 [DEBUG] --- Running enforcement checks ---
2026-08-23 20:03:51 [DEBUG] Hosts file block section is present. OK.
2026-08-23 20:03:51 [DEBUG] Hosts file is read-only. OK.
2026-08-23 20:03:51 [DEBUG] Browser process detected: msedge.exe -- hosts-level blocking is active.
2026-08-23 20:04:21 [DEBUG] --- Running enforcement checks ---
2026-08-23 20:04:21 [DEBUG] Hosts file block section is present. OK.
2026-08-23 20:04:21 [DEBUG] Hosts file is read-only. OK.
2026-08-23 20:04:22 [DEBUG] Browser process detected: msedge.exe -- hosts-level blocking is active.
2026-08-23 20:04:52 [DEBUG] --- Running enforcement checks ---
2026-08-23 20:04:52 [DEBUG] Hosts file block section is present. OK.
2026-08-23 20:04:52 [DEBUG] Hosts file is read-only. OK.
2026-08-23 20:04:52 [DEBUG] Browser process detected: msedge.exe -- hosts-level blocking is active.
2026-08-23 20:05:22 [DEBUG] --- Running enforcement checks ---
2026-08-23 20:05:22 [DEBUG] Hosts file block section is present. OK.
2026-08-23 20:05:22 [DEBUG] Hosts file is read-only. OK.
2026-08-23 20:05:23 [DEBUG] Browser process detected: msedge.exe -- hosts-level blocking is active.
2026-08-23 20:05:53 [DEBUG] --- Running enforcement checks ---
2026-08-23 20:05:53 [DEBUG] Hosts file block section is present. OK.
2026-08-23 20:05:53 [DEBUG] Hosts file is read-only. OK.
2026-08-23 20:05:53 [DEBUG] Browser process detected: msedge.exe -- hosts-level blocking is active.
2026-08-23 20:06:23 [DEBUG] --- Running enforcement checks ---
2026-08-23 20:06:23 [DEBUG] Hosts file block section is present. OK.
2026-08-23 20:06:23 [DEBUG] Hosts file is read-only. OK.
2026-08-23 20:06:23 [DEBUG] Browser process detected: msedge.exe -- hosts-level blocking is active.
2026-08-23 20:06:53 [DEBUG] --- Running enforcement checks ---
2026-08-23 20:06:53 [DEBUG] Hosts file block section is present. OK.
2026-08-23 20:06:53 [DEBUG] Hosts file is read-only. OK.
2026-08-23 20:06:54 [DEBUG] Browser process detected: msedge.exe -- hosts-level blocking is active.
2026-08-23 20:07:24 [DEBUG] --- Running enforcement checks ---
2026-08-23 20:07:24 [DEBUG] Hosts file block section is present. OK.
2026-08-23 20:07:24 [DEBUG] Hosts file is read-only. OK.
2026-08-23 20:07:24 [DEBUG] Browser process detected: msedge.exe -- hosts-level blocking is active.
2026-08-23 20:07:54 [DEBUG] --- Running enforcement checks ---
2026-08-23 20:07:54 [DEBUG] Hosts file block section is present. OK.
2026-08-23 20:07:54 [DEBUG] Hosts file is read-only. OK.
2026-08-23 20:07:55 [DEBUG] Browser process detected: msedge.exe -- hosts-level blocking is active.
2026-08-23 20:08:25 [DEBUG] --- Running enforcement checks ---
2026-08-23 20:08:25 [DEBUG] Hosts file block section is present. OK.
2026-08-23 20:08:25 [DEBUG] Hosts file is read-only. OK.
2026-08-23 20:08:25 [DEBUG] Browser process detected: msedge.exe -- hosts-level blocking is active.
2026-08-23 20:08:55 [DEBUG] --- Running enforcement checks ---
2026-08-23 20:08:55 [DEBUG] Hosts file block section is present. OK.
2026-08-23 20:08:55 [DEBUG] Hosts file is read-only. OK.
2026-08-23 20:08:56 [DEBUG] Browser process detected: msedge.exe -- hosts-level blocking is active.
2026-08-23 20:09:26 [DEBUG] --- Running enforcement checks ---
2026-08-23 20:09:26 [DEBUG] Hosts file block section is present. OK.
2026-08-23 20:09:26 [DEBUG] Hosts file is read-only. OK.
2026-08-23 20:09:26 [DEBUG] Browser process detected: msedge.exe -- hosts-level blocking is active.
2026-08-23 20:09:56 [DEBUG] --- Running enforcement checks ---
2026-08-23 20:09:56 [DEBUG] Hosts file block section is present. OK.
2026-08-23 20:09:56 [DEBUG] Hosts file is read-only. OK.
2026-08-23 20:09:56 [DEBUG] Browser process detected: msedge.exe -- hosts-level blocking is active.
2026-08-23 20:10:26 [DEBUG] --- Running enforcement checks ---
2026-08-23 20:10:26 [DEBUG] Hosts file block section is present. OK.
2026-08-23 20:10:26 [DEBUG] Hosts file is read-only. OK.
2026-08-23 20:10:27 [DEBUG] Browser process detected: msedge.exe -- hosts-level blocking is active.
2026-08-23 20:10:57 [DEBUG] --- Running enforcement checks ---
2026-08-23 20:10:57 [DEBUG] Hosts file block section is present. OK.
2026-08-23 20:10:57 [DEBUG] Hosts file is read-only. OK.
2026-08-23 20:10:57 [DEBUG] Browser process detected: msedge.exe -- hosts-level blocking is active.
2026-08-23 20:11:27 [DEBUG] --- Running enforcement checks ---
2026-08-23 20:11:27 [DEBUG] Hosts file block section is present. OK.
2026-08-23 20:11:27 [DEBUG] Hosts file is read-only. OK.
2026-08-23 20:11:28 [DEBUG] Browser process detected: msedge.exe -- hosts-level blocking is active.
2026-08-23 20:11:58 [DEBUG] --- Running enforcement checks ---
2026-08-23 20:11:58 [DEBUG] Hosts file block section is present. OK.
2026-08-23 20:11:58 [DEBUG] Hosts file is read-only. OK.
2026-08-23 20:11:58 [DEBUG] Browser process detected: msedge.exe -- hosts-level blocking is active.
2026-08-23 20:12:28 [DEBUG] --- Running enforcement checks ---
2026-08-23 20:12:28 [DEBUG] Hosts file block section is present. OK.
2026-08-23 20:12:28 [DEBUG] Hosts file is read-only. OK.
2026-08-23 20:12:29 [DEBUG] Browser process detected: msedge.exe -- hosts-level blocking is active.
2026-08-23 20:12:59 [DEBUG] --- Running enforcement checks ---
2026-08-23 20:12:59 [DEBUG] Hosts file block section is present. OK.
2026-08-23 20:12:59 [DEBUG] Hosts file is read-only. OK.
2026-08-23 20:12:59 [DEBUG] Browser process detected: msedge.exe -- hosts-level blocking is active.
2026-08-23 20:13:29 [DEBUG] --- Running enforcement checks ---
2026-08-23 20:13:29 [DEBUG] Hosts file block section is present. OK.
2026-08-23 20:13:29 [DEBUG] Hosts file is read-only. OK.
2026-08-23 20:13:29 [DEBUG] Browser process detected: msedge.exe -- hosts-level blocking is active.
2026-08-23 20:13:59 [DEBUG] --- Running enforcement checks ---
2026-08-23 20:13:59 [DEBUG] Hosts file block section is present. OK.
2026-08-23 20:13:59 [DEBUG] Hosts file is read-only. OK.
2026-08-23 20:14:00 [DEBUG] Browser process detected: msedge.exe -- hosts-level blocking is active.
2026-08-23 20:14:30 [DEBUG] --- Running enforcement checks ---
2026-08-23 20:14:30 [DEBUG] Hosts file block section is present. OK.
2026-08-23 20:14:30 [DEBUG] Hosts file is read-only. OK.
2026-08-23 20:14:30 [DEBUG] Browser process detected: msedge.exe -- hosts-level blocking is active.
2026-08-23 20:15:00 [DEBUG] --- Running enforcement checks ---
2026-08-23 20:15:00 [DEBUG] Hosts file block section is present. OK.
2026-08-23 20:15:00 [DEBUG] Hosts file is read-only. OK.
2026-08-23 20:15:01 [DEBUG] Browser process detected: msedge.exe -- hosts-level blocking is active.
2026-08-23 20:15:31 [DEBUG] --- Running enforcement checks ---
2026-08-23 20:15:31 [DEBUG] Hosts file block section is present. OK.
2026-08-23 20:15:31 [DEBUG] Hosts file is read-only. OK.
2026-08-23 20:15:31 [DEBUG] Browser process detected: msedge.exe -- hosts-level blocking is active.
2026-08-23 20:16:01 [DEBUG] --- Running enforcement checks ---
2026-08-23 20:16:01 [DEBUG] Hosts file block section is present. OK.
2026-08-23 20:16:01 [DEBUG] Hosts file is read-only. OK.
2026-08-23 20:16:02 [DEBUG] Browser process detected: msedge.exe -- hosts-level blocking is active.
2026-08-23 20:16:32 [DEBUG] --- Running enforcement checks ---
2026-08-23 20:16:32 [DEBUG] Hosts file block section is present. OK.
2026-08-23 20:16:32 [DEBUG] Hosts file is read-only. OK.
2026-08-23 20:16:32 [DEBUG] Browser process detected: msedge.exe -- hosts-level blocking is active.
2026-08-23 20:17:02 [DEBUG] --- Running enforcement checks ---
2026-08-23 20:17:02 [DEBUG] Hosts file block section is present. OK.
2026-08-23 20:17:02 [DEBUG] Hosts file is read-only. OK.
2026-08-23 20:17:02 [DEBUG] Browser process detected: msedge.exe -- hosts-level blocking is active.
2026-08-23 20:17:32 [DEBUG] --- Running enforcement checks ---
2026-08-23 20:17:32 [DEBUG] Hosts file block section is present. OK.
2026-08-23 20:17:32 [DEBUG] Hosts file is read-only. OK.
2026-08-23 20:17:33 [DEBUG] Browser process detected: msedge.exe -- hosts-level blocking is active.
2026-08-23 20:18:03 [DEBUG] --- Running enforcement checks ---
2026-08-23 20:18:03 [DEBUG] Hosts file block section is present. OK.
2026-08-23 20:18:03 [DEBUG] Hosts file is read-only. OK.
2026-08-23 20:18:03 [DEBUG] Browser process detected: msedge.exe -- hosts-level blocking is active.
2026-08-23 20:18:33 [DEBUG] --- Running enforcement checks ---
2026-08-23 20:18:33 [DEBUG] Hosts file block section is present. OK.
2026-08-23 20:18:33 [DEBUG] Hosts file is read-only. OK.
2026-08-23 20:18:34 [DEBUG] Browser process detected: msedge.exe -- hosts-level blocking is active.
2026-08-23 20:19:04 [DEBUG] --- Running enforcement checks ---
2026-08-23 20:19:04 [DEBUG] Hosts file block section is present. OK.
2026-08-23 20:19:04 [DEBUG] Hosts file is read-only. OK.
2026-08-23 20:19:04 [DEBUG] Browser process detected: msedge.exe -- hosts-level blocking is active.
2026-08-23 20:19:34 [DEBUG] --- Running enforcement checks ---
2026-08-23 20:19:34 [DEBUG] Hosts file block section is present. OK.
2026-08-23 20:19:34 [DEBUG] Hosts file is read-only. OK.
2026-08-23 20:19:35 [DEBUG] Browser process detected: msedge.exe -- hosts-level blocking is active.
2026-08-23 20:20:05 [DEBUG] --- Running enforcement checks ---
2026-08-23 20:20:05 [DEBUG] Hosts file block section is present. OK.
2026-08-23 20:20:05 [DEBUG] Hosts file is read-only. OK.
2026-08-23 20:20:05 [DEBUG] Browser process detected: msedge.exe -- hosts-level blocking is active.
2026-08-23 20:20:35 [DEBUG] --- Running enforcement checks ---
2026-08-23 20:20:35 [DEBUG] Hosts file block section is present. OK.
2026-08-23 20:20:35 [DEBUG] Hosts file is read-only. OK.
2026-08-23 20:20:35 [DEBUG] Browser process detected: msedge.exe -- hosts-level blocking is active.
2026-08-23 20:21:05 [DEBUG] --- Running enforcement checks ---
2026-08-23 20:21:05 [DEBUG] Hosts file block section is present. OK.
2026-08-23 20:21:05 [DEBUG] Hosts file is read-only. OK.
2026-08-23 20:21:06 [DEBUG] Browser process detected: msedge.exe -- hosts-level blocking is active.
2026-08-23 20:21:36 [DEBUG] --- Running enforcement checks ---
2026-08-23 20:21:36 [DEBUG] Hosts file block section is present. OK.
2026-08-23 20:21:36 [DEBUG] Hosts file is read-only. OK.
2026-08-23 20:21:36 [DEBUG] Browser process detected: msedge.exe -- hosts-level blocking is active.
2026-08-23 20:22:06 [DEBUG] --- Running enforcement checks ---
2026-08-23 20:22:06 [DEBUG] Hosts file block section is present. OK.
2026-08-23 20:22:06 [DEBUG] Hosts file is read-only. OK.
2026-08-23 20:22:07 [DEBUG] Browser process detected: msedge.exe -- hosts-level blocking is active.
2026-08-23 20:22:37 [DEBUG] --- Running enforcement checks ---
2026-08-23 20:22:37 [DEBUG] Hosts file block section is present. OK.
2026-08-23 20:22:37 [DEBUG] Hosts file is read-only. OK.
2026-08-23 20:22:37 [DEBUG] Browser process detected: msedge.exe -- hosts-level blocking is active.
2026-08-23 20:23:07 [DEBUG] --- Running enforcement checks ---
2026-08-23 20:23:07 [DEBUG] Hosts file block section is present. OK.
2026-08-23 20:23:07 [DEBUG] Hosts file is read-only. OK.
2026-08-23 20:23:08 [DEBUG] Browser process detected: msedge.exe -- hosts-level blocking is active.
2026-08-23 20:23:38 [DEBUG] --- Running enforcement checks ---
2026-08-23 20:23:38 [DEBUG] Hosts file block section is present. OK.
2026-08-23 20:23:38 [DEBUG] Hosts file is read-only. OK.
2026-08-23 20:23:38 [DEBUG] Browser process detected: msedge.exe -- hosts-level blocking is active.
2026-08-23 20:24:08 [DEBUG] --- Running enforcement checks ---
2026-08-23 20:24:08 [DEBUG] Hosts file block section is present. OK.
2026-08-23 20:24:08 [DEBUG] Hosts file is read-only. OK.
2026-08-23 20:24:08 [DEBUG] Browser process detected: msedge.exe -- hosts-level blocking is active.
2026-08-23 20:24:38 [DEBUG] --- Running enforcement checks ---
2026-08-23 20:24:38 [DEBUG] Hosts file block section is present. OK.
2026-08-23 20:24:38 [DEBUG] Hosts file is read-only. OK.
2026-08-23 20:24:39 [DEBUG] Browser process detected: msedge.exe -- hosts-level blocking is active.
2026-08-23 20:25:09 [DEBUG] --- Running enforcement checks ---
2026-08-23 20:25:09 [DEBUG] Hosts file block section is present. OK.
2026-08-23 20:25:09 [DEBUG] Hosts file is read-only. OK.
2026-08-23 20:25:09 [DEBUG] Browser process detected: msedge.exe -- hosts-level blocking is active.
2026-08-23 20:25:39 [DEBUG] --- Running enforcement checks ---
2026-08-23 20:25:39 [DEBUG] Hosts file block section is present. OK.
2026-08-23 20:25:39 [DEBUG] Hosts file is read-only. OK.
2026-08-23 20:25:40 [DEBUG] Browser process detected: msedge.exe -- hosts-level blocking is active.
2026-08-23 20:26:10 [DEBUG] --- Running enforcement checks ---
2026-08-23 20:26:10 [DEBUG] Hosts file block section is present. OK.
2026-08-23 20:26:10 [DEBUG] Hosts file is read-only. OK.
2026-08-23 20:26:10 [DEBUG] Browser process detected: msedge.exe -- hosts-level blocking is active.
2026-08-23 20:26:40 [DEBUG] --- Running enforcement checks ---
2026-08-23 20:26:40 [DEBUG] Hosts file block section is present. OK.
2026-08-23 20:26:40 [DEBUG] Hosts file is read-only. OK.
2026-08-23 20:26:41 [DEBUG] Browser process detected: msedge.exe -- hosts-level blocking is active.
2026-08-23 20:27:11 [DEBUG] --- Running enforcement checks ---
2026-08-23 20:27:11 [DEBUG] Hosts file block section is present. OK.
2026-08-23 20:27:11 [DEBUG] Hosts file is read-only. OK.
2026-08-23 20:27:11 [DEBUG] Browser process detected: msedge.exe -- hosts-level blocking is active.
2026-08-23 20:27:41 [DEBUG] --- Running enforcement checks ---
2026-08-23 20:27:41 [DEBUG] Hosts file block section is present. OK.
2026-08-23 20:27:41 [DEBUG] Hosts file is read-only. OK.
2026-08-23 20:27:41 [DEBUG] Browser process detected: msedge.exe -- hosts-level blocking is active.
2026-08-23 20:28:11 [DEBUG] --- Running enforcement checks ---
2026-08-23 20:28:11 [DEBUG] Hosts file block section is present. OK.
2026-08-23 20:28:11 [DEBUG] Hosts file is read-only. OK.
2026-08-23 20:28:12 [DEBUG] Browser process detected: msedge.exe -- hosts-level blocking is active.
2026-08-23 20:28:42 [DEBUG] --- Running enforcement checks ---
2026-08-23 20:28:42 [DEBUG] Hosts file block section is present. OK.
2026-08-23 20:28:42 [DEBUG] Hosts file is read-only. OK.
2026-08-23 20:28:42 [DEBUG] Browser process detected: msedge.exe -- hosts-level blocking is active.
2026-08-23 20:29:12 [DEBUG] --- Running enforcement checks ---
2026-08-23 20:29:12 [DEBUG] Hosts file block section is present. OK.
2026-08-23 20:29:12 [DEBUG] Hosts file is read-only. OK.
2026-08-23 20:29:12 [DEBUG] Browser process detected: msedge.exe -- hosts-level blocking is active.
2026-08-23 20:29:43 [DEBUG] --- Running enforcement checks ---
2026-08-23 20:29:43 [DEBUG] Hosts file block section is present. OK.
2026-08-23 20:29:43 [DEBUG] Hosts file is read-only. OK.
2026-08-23 20:29:43 [DEBUG] Browser process detected: msedge.exe -- hosts-level blocking is active.
2026-08-23 20:30:13 [DEBUG] --- Running enforcement checks ---
2026-08-23 20:30:13 [DEBUG] Hosts file block section is present. OK.
2026-08-23 20:30:13 [DEBUG] Hosts file is read-only. OK.
2026-08-23 20:30:13 [DEBUG] Browser process detected: msedge.exe -- hosts-level blocking is active.
2026-08-23 20:30:43 [DEBUG] --- Running enforcement checks ---
2026-08-23 20:30:43 [DEBUG] Hosts file block section is present. OK.
2026-08-23 20:30:43 [DEBUG] Hosts file is read-only. OK.
2026-08-23 20:30:44 [DEBUG] Browser process detected: msedge.exe -- hosts-level blocking is active.
2026-08-23 20:31:14 [DEBUG] --- Running enforcement checks ---
2026-08-23 20:31:14 [DEBUG] Hosts file block section is present. OK.
2026-08-23 20:31:14 [DEBUG] Hosts file is read-only. OK.
2026-08-23 20:31:14 [DEBUG] Browser process detected: msedge.exe -- hosts-level blocking is active.
2026-08-23 20:31:44 [DEBUG] --- Running enforcement checks ---
2026-08-23 20:31:44 [DEBUG] Hosts file block section is present. OK.
2026-08-23 20:31:44 [DEBUG] Hosts file is read-only. OK.
2026-08-23 20:31:45 [DEBUG] Browser process detected: msedge.exe -- hosts-level blocking is active.
2026-08-23 20:32:15 [DEBUG] --- Running enforcement checks ---
2026-08-23 20:32:15 [DEBUG] Hosts file block section is present. OK.
2026-08-23 20:32:15 [DEBUG] Hosts file is read-only. OK.
2026-08-23 20:32:15 [DEBUG] Browser process detected: msedge.exe -- hosts-level blocking is active.
2026-08-23 20:32:45 [DEBUG] --- Running enforcement checks ---
2026-08-23 20:32:45 [DEBUG] Hosts file block section is present. OK.
2026-08-23 20:32:45 [DEBUG] Hosts file is read-only. OK.
2026-08-23 20:32:45 [DEBUG] Browser process detected: msedge.exe -- hosts-level blocking is active.
2026-08-23 20:33:15 [DEBUG] --- Running enforcement checks ---
2026-08-23 20:33:15 [DEBUG] Hosts file block section is present. OK.
2026-08-23 20:33:15 [DEBUG] Hosts file is read-only. OK.
2026-08-23 20:33:16 [DEBUG] Browser process detected: msedge.exe -- hosts-level blocking is active.
2026-08-23 20:33:46 [DEBUG] --- Running enforcement checks ---
2026-08-23 20:33:46 [DEBUG] Hosts file block section is present. OK.
2026-08-23 20:33:46 [DEBUG] Hosts file is read-only. OK.
2026-08-23 20:33:46 [DEBUG] Browser process detected: msedge.exe -- hosts-level blocking is active.
2026-08-23 20:34:16 [DEBUG] --- Running enforcement checks ---
2026-08-23 20:34:16 [DEBUG] Hosts file block section is present. OK.
2026-08-23 20:34:16 [DEBUG] Hosts file is read-only. OK.
2026-08-23 20:34:17 [DEBUG] Browser process detected: msedge.exe -- hosts-level blocking is active.
2026-08-23 20:34:47 [DEBUG] --- Running enforcement checks ---
2026-08-23 20:34:47 [DEBUG] Hosts file block section is present. OK.
2026-08-23 20:34:47 [DEBUG] Hosts file is read-only. OK.
2026-08-23 20:34:47 [DEBUG] Browser process detected: msedge.exe -- hosts-level blocking is active.
2026-08-23 20:35:17 [DEBUG] --- Running enforcement checks ---
2026-08-23 20:35:17 [DEBUG] Hosts file block section is present. OK.
2026-08-23 20:35:17 [DEBUG] Hosts file is read-only. OK.
2026-08-23 20:35:18 [DEBUG] Browser process detected: msedge.exe -- hosts-level blocking is active.
2026-08-23 20:35:48 [DEBUG] --- Running enforcement checks ---
2026-08-23 20:35:48 [DEBUG] Hosts file block section is present. OK.
2026-08-23 20:35:48 [DEBUG] Hosts file is read-only. OK.
2026-08-23 20:35:48 [DEBUG] Browser process detected: msedge.exe -- hosts-level blocking is active.
2026-08-23 20:36:18 [DEBUG] --- Running enforcement checks ---
2026-08-23 20:36:18 [DEBUG] Hosts file block section is present. OK.
2026-08-23 20:36:18 [DEBUG] Hosts file is read-only. OK.
2026-08-23 20:36:18 [DEBUG] Browser process detected: msedge.exe -- hosts-level blocking is active.
2026-08-23 20:36:48 [DEBUG] --- Running enforcement checks ---
2026-08-23 20:36:48 [DEBUG] Hosts file block section is present. OK.
2026-08-23 20:36:48 [DEBUG] Hosts file is read-only. OK.
2026-08-23 20:36:49 [DEBUG] Browser process detected: msedge.exe -- hosts-level blocking is active.
2026-08-23 20:37:19 [DEBUG] --- Running enforcement checks ---
2026-08-23 20:37:19 [DEBUG] Hosts file block section is present. OK.
2026-08-23 20:37:19 [DEBUG] Hosts file is read-only. OK.
2026-08-23 20:37:19 [DEBUG] Browser process detected: msedge.exe -- hosts-level blocking is active.
2026-08-23 20:37:49 [DEBUG] --- Running enforcement checks ---
2026-08-23 20:37:49 [DEBUG] Hosts file block section is present. OK.
2026-08-23 20:37:49 [DEBUG] Hosts file is read-only. OK.
2026-08-23 20:37:50 [DEBUG] Browser process detected: msedge.exe -- hosts-level blocking is active.
2026-08-23 20:38:20 [DEBUG] --- Running enforcement checks ---
2026-08-23 20:38:20 [DEBUG] Hosts file block section is present. OK.
2026-08-23 20:38:20 [DEBUG] Hosts file is read-only. OK.
2026-08-23 20:38:20 [DEBUG] Browser process detected: msedge.exe -- hosts-level blocking is active.
2026-08-23 20:38:50 [DEBUG] --- Running enforcement checks ---
2026-08-23 20:38:50 [DEBUG] Hosts file block section is present. OK.
2026-08-23 20:38:50 [DEBUG] Hosts file is read-only. OK.
2026-08-23 20:38:50 [DEBUG] Browser process detected: msedge.exe -- hosts-level blocking is active.
2026-08-23 20:39:20 [DEBUG] --- Running enforcement checks ---
2026-08-23 20:39:20 [DEBUG] Hosts file block section is present. OK.
2026-08-23 20:39:20 [DEBUG] Hosts file is read-only. OK.
2026-08-23 20:39:21 [DEBUG] Browser process detected: msedge.exe -- hosts-level blocking is active.
2026-08-23 20:39:51 [DEBUG] --- Running enforcement checks ---
2026-08-23 20:39:51 [DEBUG] Hosts file block section is present. OK.
2026-08-23 20:39:51 [DEBUG] Hosts file is read-only. OK.
2026-08-23 20:39:51 [DEBUG] Browser process detected: msedge.exe -- hosts-level blocking is active.
2026-08-23 20:40:21 [DEBUG] --- Running enforcement checks ---
2026-08-23 20:40:21 [DEBUG] Hosts file block section is present. OK.
2026-08-23 20:40:21 [DEBUG] Hosts file is read-only. OK.
2026-08-23 20:40:22 [DEBUG] Browser process detected: msedge.exe -- hosts-level blocking is active.
2026-08-23 20:40:52 [DEBUG] --- Running enforcement checks ---
2026-08-23 20:40:52 [DEBUG] Hosts file block section is present. OK.
2026-08-23 20:40:52 [DEBUG] Hosts file is read-only. OK.
2026-08-23 20:40:52 [DEBUG] Browser process detected: msedge.exe -- hosts-level blocking is active.
2026-08-23 20:41:22 [DEBUG] --- Running enforcement checks ---
2026-08-23 20:41:22 [DEBUG] Hosts file block section is present. OK.
2026-08-23 20:41:22 [DEBUG] Hosts file is read-only. OK.
2026-08-23 20:41:22 [DEBUG] Browser process detected: msedge.exe -- hosts-level blocking is active.
2026-08-23 20:41:52 [DEBUG] --- Running enforcement checks ---
2026-08-23 20:41:52 [DEBUG] Hosts file block section is present. OK.
2026-08-23 20:41:52 [DEBUG] Hosts file is read-only. OK.
2026-08-23 20:41:53 [DEBUG] Browser process detected: msedge.exe -- hosts-level blocking is active.
2026-08-23 20:42:23 [DEBUG] --- Running enforcement checks ---
2026-08-23 20:42:23 [DEBUG] Hosts file block section is present. OK.
2026-08-23 20:42:23 [DEBUG] Hosts file is read-only. OK.
2026-08-23 20:42:23 [DEBUG] Browser process detected: msedge.exe -- hosts-level blocking is active.
2026-08-23 20:42:53 [DEBUG] --- Running enforcement checks ---
2026-08-23 20:42:53 [DEBUG] Hosts file block section is present. OK.
2026-08-23 20:42:53 [DEBUG] Hosts file is read-only. OK.
2026-08-23 20:42:54 [DEBUG] Browser process detected: msedge.exe -- hosts-level blocking is active.
2026-08-23 20:43:24 [DEBUG] --- Running enforcement checks ---
2026-08-23 20:43:24 [DEBUG] Hosts file block section is present. OK.
2026-08-23 20:43:24 [DEBUG] Hosts file is read-only. OK.
2026-08-23 20:43:24 [DEBUG] Browser process detected: msedge.exe -- hosts-level blocking is active.
2026-08-23 20:43:54 [DEBUG] --- Running enforcement checks ---
2026-08-23 20:43:54 [DEBUG] Hosts file block section is present. OK.
2026-08-23 20:43:54 [DEBUG] Hosts file is read-only. OK.
2026-08-23 20:43:54 [DEBUG] Browser process detected: msedge.exe -- hosts-level blocking is active.
2026-08-23 20:44:24 [DEBUG] --- Running enforcement checks ---
2026-08-23 20:44:24 [DEBUG] Hosts file block section is present. OK.
2026-08-23 20:44:24 [DEBUG] Hosts file is read-only. OK.
2026-08-23 20:44:25 [DEBUG] Browser process detected: msedge.exe -- hosts-level blocking is active.
2026-08-23 20:44:55 [DEBUG] --- Running enforcement checks ---
2026-08-23 20:44:55 [DEBUG] Hosts file block section is present. OK.
2026-08-23 20:44:55 [DEBUG] Hosts file is read-only. OK.
2026-08-23 20:44:55 [DEBUG] Browser process detected: msedge.exe -- hosts-level blocking is active.
2026-08-23 20:45:25 [DEBUG] --- Running enforcement checks ---
2026-08-23 20:45:25 [DEBUG] Hosts file block section is present. OK.
2026-08-23 20:45:25 [DEBUG] Hosts file is read-only. OK.
2026-08-23 20:45:26 [DEBUG] Browser process detected: msedge.exe -- hosts-level blocking is active.
2026-08-23 20:45:56 [DEBUG] --- Running enforcement checks ---
2026-08-23 20:45:56 [DEBUG] Hosts file block section is present. OK.
2026-08-23 20:45:56 [DEBUG] Hosts file is read-only. OK.
2026-08-23 20:45:56 [DEBUG] Browser process detected: msedge.exe -- hosts-level blocking is active.
2026-08-23 20:46:26 [DEBUG] --- Running enforcement checks ---
2026-08-23 20:46:26 [DEBUG] Hosts file block section is present. OK.
2026-08-23 20:46:26 [DEBUG] Hosts file is read-only. OK.
2026-08-23 20:46:27 [DEBUG] Browser process detected: msedge.exe -- hosts-level blocking is active.
2026-08-23 20:46:57 [DEBUG] --- Running enforcement checks ---
2026-08-23 20:46:57 [DEBUG] Hosts file block section is present. OK.
2026-08-23 20:46:57 [DEBUG] Hosts file is read-only. OK.
2026-08-23 20:46:57 [DEBUG] Browser process detected: msedge.exe -- hosts-level blocking is active.
2026-08-23 20:47:27 [DEBUG] --- Running enforcement checks ---
2026-08-23 20:47:27 [DEBUG] Hosts file block section is present. OK.
2026-08-23 20:47:27 [DEBUG] Hosts file is read-only. OK.
2026-08-23 20:47:27 [DEBUG] Browser process detected: msedge.exe -- hosts-level blocking is active.
2026-08-23 20:47:57 [DEBUG] --- Running enforcement checks ---
2026-08-23 20:47:57 [DEBUG] Hosts file block section is present. OK.
2026-08-23 20:47:57 [DEBUG] Hosts file is read-only. OK.
2026-08-23 20:47:58 [DEBUG] Browser process detected: msedge.exe -- hosts-level blocking is active.
2026-08-23 20:48:28 [DEBUG] --- Running enforcement checks ---
2026-08-23 20:48:28 [DEBUG] Hosts file block section is present. OK.
2026-08-23 20:48:28 [DEBUG] Hosts file is read-only. OK.
2026-08-23 20:48:28 [DEBUG] Browser process detected: msedge.exe -- hosts-level blocking is active.
2026-08-23 20:48:58 [DEBUG] --- Running enforcement checks ---
2026-08-23 20:48:58 [DEBUG] Hosts file block section is present. OK.
2026-08-23 20:48:58 [DEBUG] Hosts file is read-only. OK.
2026-08-23 20:48:59 [DEBUG] Browser process detected: msedge.exe -- hosts-level blocking is active.
2026-08-23 20:49:29 [DEBUG] --- Running enforcement checks ---
2026-08-23 20:49:29 [DEBUG] Hosts file block section is present. OK.
2026-08-23 20:49:29 [DEBUG] Hosts file is read-only. OK.
2026-08-23 20:49:29 [DEBUG] Browser process detected: msedge.exe -- hosts-level blocking is active.
2026-08-23 20:49:59 [DEBUG] --- Running enforcement checks ---
2026-08-23 20:49:59 [DEBUG] Hosts file block section is present. OK.
2026-08-23 20:49:59 [DEBUG] Hosts file is read-only. OK.
2026-08-23 20:49:59 [DEBUG] Browser process detected: msedge.exe -- hosts-level blocking is active.
2026-08-23 20:50:29 [DEBUG] --- Running enforcement checks ---
2026-08-23 20:50:29 [DEBUG] Hosts file block section is present. OK.
2026-08-23 20:50:29 [DEBUG] Hosts file is read-only. OK.
2026-08-23 20:50:30 [DEBUG] Browser process detected: msedge.exe -- hosts-level blocking is active.
2026-08-23 20:51:00 [DEBUG] --- Running enforcement checks ---
2026-08-23 20:51:00 [DEBUG] Hosts file block section is present. OK.
2026-08-23 20:51:00 [DEBUG] Hosts file is read-only. OK.
2026-08-23 20:51:00 [DEBUG] Browser process detected: msedge.exe -- hosts-level blocking is active.
2026-08-23 20:51:30 [DEBUG] --- Running enforcement checks ---
2026-08-23 20:51:30 [DEBUG] Hosts file block section is present. OK.
2026-08-23 20:51:30 [DEBUG] Hosts file is read-only. OK.
2026-08-23 20:51:31 [DEBUG] Browser process detected: msedge.exe -- hosts-level blocking is active.
2026-08-23 20:52:01 [DEBUG] --- Running enforcement checks ---
2026-08-23 20:52:01 [DEBUG] Hosts file block section is present. OK.
2026-08-23 20:52:01 [DEBUG] Hosts file is read-only. OK.
2026-08-23 20:52:01 [DEBUG] Browser process detected: msedge.exe -- hosts-level blocking is active.
2026-08-23 20:52:31 [DEBUG] --- Running enforcement checks ---
2026-08-23 20:52:31 [DEBUG] Hosts file block section is present. OK.
2026-08-23 20:52:31 [DEBUG] Hosts file is read-only. OK.
2026-08-23 20:52:31 [DEBUG] Browser process detected: msedge.exe -- hosts-level blocking is active.
2026-08-23 20:53:01 [DEBUG] --- Running enforcement checks ---
2026-08-23 20:53:01 [DEBUG] Hosts file block section is present. OK.
2026-08-23 20:53:01 [DEBUG] Hosts file is read-only. OK.
2026-08-23 20:53:02 [DEBUG] Browser process detected: msedge.exe -- hosts-level blocking is active.
2026-08-23 20:53:32 [DEBUG] --- Running enforcement checks ---
2026-08-23 20:53:32 [DEBUG] Hosts file block section is present. OK.
2026-08-23 20:53:32 [DEBUG] Hosts file is read-only. OK.
2026-08-23 20:53:32 [DEBUG] Browser process detected: msedge.exe -- hosts-level blocking is active.
2026-08-23 20:54:02 [DEBUG] --- Running enforcement checks ---
2026-08-23 20:54:02 [DEBUG] Hosts file block section is present. OK.
2026-08-23 20:54:02 [DEBUG] Hosts file is read-only. OK.
2026-08-23 20:54:03 [DEBUG] Browser process detected: msedge.exe -- hosts-level blocking is active.
2026-08-23 20:54:33 [DEBUG] --- Running enforcement checks ---
2026-08-23 20:54:33 [DEBUG] Hosts file block section is present. OK.
2026-08-23 20:54:33 [DEBUG] Hosts file is read-only. OK.
2026-08-23 20:54:33 [DEBUG] Browser process detected: msedge.exe -- hosts-level blocking is active.
2026-08-23 20:55:03 [DEBUG] --- Running enforcement checks ---
2026-08-23 20:55:03 [DEBUG] Hosts file block section is present. OK.
2026-08-23 20:55:03 [DEBUG] Hosts file is read-only. OK.
2026-08-23 20:55:03 [DEBUG] Browser process detected: msedge.exe -- hosts-level blocking is active.
2026-08-23 20:55:33 [DEBUG] --- Running enforcement checks ---
2026-08-23 20:55:33 [DEBUG] Hosts file block section is present. OK.
2026-08-23 20:55:33 [DEBUG] Hosts file is read-only. OK.
2026-08-23 20:55:34 [DEBUG] Browser process detected: msedge.exe -- hosts-level blocking is active.
2026-08-23 20:56:04 [DEBUG] --- Running enforcement checks ---
2026-08-23 20:56:04 [DEBUG] Hosts file block section is present. OK.
2026-08-23 20:56:04 [DEBUG] Hosts file is read-only. OK.
2026-08-23 20:56:04 [DEBUG] Browser process detected: msedge.exe -- hosts-level blocking is active.
2026-08-23 20:56:34 [DEBUG] --- Running enforcement checks ---
2026-08-23 20:56:34 [DEBUG] Hosts file block section is present. OK.
2026-08-23 20:56:34 [DEBUG] Hosts file is read-only. OK.
2026-08-23 20:56:35 [DEBUG] Browser process detected: msedge.exe -- hosts-level blocking is active.
2026-08-23 20:57:05 [DEBUG] --- Running enforcement checks ---
2026-08-23 20:57:05 [DEBUG] Hosts file block section is present. OK.
2026-08-23 20:57:05 [DEBUG] Hosts file is read-only. OK.
2026-08-23 20:57:05 [DEBUG] Browser process detected: msedge.exe -- hosts-level blocking is active.
2026-08-23 20:57:35 [DEBUG] --- Running enforcement checks ---
2026-08-23 20:57:35 [DEBUG] Hosts file block section is present. OK.
2026-08-23 20:57:35 [DEBUG] Hosts file is read-only. OK.
2026-08-23 20:57:36 [DEBUG] Browser process detected: msedge.exe -- hosts-level blocking is active.
2026-08-23 20:58:06 [DEBUG] --- Running enforcement checks ---
2026-08-23 20:58:06 [DEBUG] Hosts file block section is present. OK.
2026-08-23 20:58:06 [DEBUG] Hosts file is read-only. OK.
2026-08-23 20:58:06 [DEBUG] Browser process detected: msedge.exe -- hosts-level blocking is active.
2026-08-23 20:58:36 [DEBUG] --- Running enforcement checks ---
2026-08-23 20:58:36 [DEBUG] Hosts file block section is present. OK.
2026-08-23 20:58:36 [DEBUG] Hosts file is read-only. OK.
2026-08-23 20:58:36 [DEBUG] Browser process detected: msedge.exe -- hosts-level blocking is active.
2026-08-23 20:59:06 [DEBUG] --- Running enforcement checks ---
2026-08-23 20:59:06 [DEBUG] Hosts file block section is present. OK.
2026-08-23 20:59:06 [DEBUG] Hosts file is read-only. OK.
2026-08-23 20:59:07 [DEBUG] Browser process detected: msedge.exe -- hosts-level blocking is active.
2026-08-23 20:59:37 [DEBUG] --- Running enforcement checks ---
2026-08-23 20:59:37 [DEBUG] Hosts file block section is present. OK.
2026-08-23 20:59:37 [DEBUG] Hosts file is read-only. OK.
2026-08-23 20:59:37 [DEBUG] Browser process detected: msedge.exe -- hosts-level blocking is active.
2026-08-23 21:00:07 [DEBUG] --- Running enforcement checks ---
2026-08-23 21:00:07 [DEBUG] Hosts file block section is present. OK.
2026-08-23 21:00:07 [DEBUG] Hosts file is read-only. OK.
2026-08-23 21:00:08 [DEBUG] Browser process detected: msedge.exe -- hosts-level blocking is active.
2026-08-23 21:00:38 [DEBUG] --- Running enforcement checks ---
2026-08-23 21:00:38 [DEBUG] Hosts file block section is present. OK.
2026-08-23 21:00:38 [DEBUG] Hosts file is read-only. OK.
2026-08-23 21:00:38 [DEBUG] Browser process detected: msedge.exe -- hosts-level blocking is active.
2026-08-23 21:01:08 [DEBUG] --- Running enforcement checks ---
2026-08-23 21:01:08 [DEBUG] Hosts file block section is present. OK.
2026-08-23 21:01:08 [DEBUG] Hosts file is read-only. OK.
2026-08-23 21:01:08 [DEBUG] Browser process detected: msedge.exe -- hosts-level blocking is active.
2026-08-23 21:01:38 [DEBUG] --- Running enforcement checks ---
2026-08-23 21:01:38 [DEBUG] Hosts file block section is present. OK.
2026-08-23 21:01:38 [DEBUG] Hosts file is read-only. OK.
2026-08-23 21:01:39 [DEBUG] Browser process detected: msedge.exe -- hosts-level blocking is active.
2026-08-23 21:02:09 [DEBUG] --- Running enforcement checks ---
2026-08-23 21:02:09 [DEBUG] Hosts file block section is present. OK.
2026-08-23 21:02:09 [DEBUG] Hosts file is read-only. OK.
2026-08-23 21:02:09 [DEBUG] Browser process detected: msedge.exe -- hosts-level blocking is active.
2026-08-23 21:02:39 [DEBUG] --- Running enforcement checks ---
2026-08-23 21:02:39 [DEBUG] Hosts file block section is present. OK.
2026-08-23 21:02:39 [DEBUG] Hosts file is read-only. OK.
2026-08-23 21:02:40 [DEBUG] Browser process detected: msedge.exe -- hosts-level blocking is active.
2026-08-23 21:03:10 [DEBUG] --- Running enforcement checks ---
2026-08-23 21:03:10 [DEBUG] Hosts file block section is present. OK.
2026-08-23 21:03:10 [DEBUG] Hosts file is read-only. OK.
2026-08-23 21:03:10 [DEBUG] Browser process detected: msedge.exe -- hosts-level blocking is active.
2026-08-23 21:03:40 [DEBUG] --- Running enforcement checks ---
2026-08-23 21:03:40 [DEBUG] Hosts file block section is present. OK.
2026-08-23 21:03:40 [DEBUG] Hosts file is read-only. OK.
2026-08-23 21:03:40 [DEBUG] Browser process detected: msedge.exe -- hosts-level blocking is active.
2026-08-23 21:04:10 [DEBUG] --- Running enforcement checks ---
2026-08-23 21:04:10 [DEBUG] Hosts file block section is present. OK.
2026-08-23 21:04:10 [DEBUG] Hosts file is read-only. OK.
2026-08-23 21:04:11 [DEBUG] Browser process detected: msedge.exe -- hosts-level blocking is active.
2026-08-23 21:04:41 [DEBUG] --- Running enforcement checks ---
2026-08-23 21:04:41 [DEBUG] Hosts file block section is present. OK.
2026-08-23 21:04:41 [DEBUG] Hosts file is read-only. OK.
2026-08-23 21:04:41 [DEBUG] Browser process detected: msedge.exe -- hosts-level blocking is active.
2026-08-23 21:05:11 [DEBUG] --- Running enforcement checks ---
2026-08-23 21:05:11 [DEBUG] Hosts file block section is present. OK.
2026-08-23 21:05:11 [DEBUG] Hosts file is read-only. OK.
2026-08-23 21:05:11 [DEBUG] Browser process detected: msedge.exe -- hosts-level blocking is active.
2026-08-23 21:05:41 [DEBUG] --- Running enforcement checks ---
2026-08-23 21:05:41 [DEBUG] Hosts file block section is present. OK.
2026-08-23 21:05:41 [DEBUG] Hosts file is read-only. OK.
2026-08-23 21:05:42 [DEBUG] Browser process detected: msedge.exe -- hosts-level blocking is active.
2026-08-23 21:06:12 [DEBUG] --- Running enforcement checks ---
2026-08-23 21:06:12 [DEBUG] Hosts file block section is present. OK.
2026-08-23 21:06:12 [DEBUG] Hosts file is read-only. OK.
2026-08-23 21:06:12 [DEBUG] Browser process detected: msedge.exe -- hosts-level blocking is active.
2026-08-23 21:06:42 [DEBUG] --- Running enforcement checks ---
2026-08-23 21:06:42 [DEBUG] Hosts file block section is present. OK.
2026-08-23 21:06:42 [DEBUG] Hosts file is read-only. OK.
2026-08-23 21:06:43 [DEBUG] Browser process detected: msedge.exe -- hosts-level blocking is active.
2026-08-23 21:07:13 [DEBUG] --- Running enforcement checks ---
2026-08-23 21:07:13 [DEBUG] Hosts file block section is present. OK.
2026-08-23 21:07:13 [DEBUG] Hosts file is read-only. OK.
2026-08-23 21:07:13 [DEBUG] Browser process detected: msedge.exe -- hosts-level blocking is active.
2026-08-23 21:07:43 [DEBUG] --- Running enforcement checks ---
2026-08-23 21:07:43 [DEBUG] Hosts file block section is present. OK.
2026-08-23 21:07:43 [DEBUG] Hosts file is read-only. OK.
2026-08-23 21:07:43 [DEBUG] Browser process detected: msedge.exe -- hosts-level blocking is active.
2026-08-23 21:08:13 [DEBUG] --- Running enforcement checks ---
2026-08-23 21:08:13 [DEBUG] Hosts file block section is present. OK.
2026-08-23 21:08:13 [DEBUG] Hosts file is read-only. OK.
2026-08-23 21:08:14 [DEBUG] Browser process detected: msedge.exe -- hosts-level blocking is active.
2026-08-23 21:08:44 [DEBUG] --- Running enforcement checks ---
2026-08-23 21:08:44 [DEBUG] Hosts file block section is present. OK.
2026-08-23 21:08:44 [DEBUG] Hosts file is read-only. OK.
2026-08-23 21:08:44 [DEBUG] Browser process detected: msedge.exe -- hosts-level blocking is active.
2026-08-23 21:09:14 [DEBUG] --- Running enforcement checks ---
2026-08-23 21:09:14 [DEBUG] Hosts file block section is present. OK.
2026-08-23 21:09:14 [DEBUG] Hosts file is read-only. OK.
2026-08-23 21:09:15 [DEBUG] Browser process detected: msedge.exe -- hosts-level blocking is active.
2026-08-23 21:09:45 [DEBUG] --- Running enforcement checks ---
2026-08-23 21:09:45 [DEBUG] Hosts file block section is present. OK.
2026-08-23 21:09:45 [DEBUG] Hosts file is read-only. OK.
2026-08-23 21:09:45 [DEBUG] Browser process detected: msedge.exe -- hosts-level blocking is active.
2026-08-23 21:10:15 [DEBUG] --- Running enforcement checks ---
2026-08-23 21:10:15 [DEBUG] Hosts file block section is present. OK.
2026-08-23 21:10:15 [DEBUG] Hosts file is read-only. OK.
2026-08-23 21:10:15 [DEBUG] Browser process detected: msedge.exe -- hosts-level blocking is active.
2026-08-23 21:10:45 [DEBUG] --- Running enforcement checks ---
2026-08-23 21:10:45 [DEBUG] Hosts file block section is present. OK.
2026-08-23 21:10:45 [DEBUG] Hosts file is read-only. OK.
2026-08-23 21:10:46 [DEBUG] Browser process detected: msedge.exe -- hosts-level blocking is active.
2026-08-23 21:11:16 [DEBUG] --- Running enforcement checks ---
2026-08-23 21:11:16 [DEBUG] Hosts file block section is present. OK.
2026-08-23 21:11:16 [DEBUG] Hosts file is read-only. OK.
2026-08-23 21:11:16 [DEBUG] Browser process detected: msedge.exe -- hosts-level blocking is active.
2026-08-23 21:11:46 [DEBUG] --- Running enforcement checks ---
2026-08-23 21:11:46 [DEBUG] Hosts file block section is present. OK.
2026-08-23 21:11:46 [DEBUG] Hosts file is read-only. OK.
2026-08-23 21:11:46 [DEBUG] Browser process detected: msedge.exe -- hosts-level blocking is active.
2026-08-23 21:12:16 [DEBUG] --- Running enforcement checks ---
2026-08-23 21:12:16 [DEBUG] Hosts file block section is present. OK.
2026-08-23 21:12:16 [DEBUG] Hosts file is read-only. OK.
2026-08-23 21:12:17 [DEBUG] Browser process detected: msedge.exe -- hosts-level blocking is active.
2026-08-23 21:12:47 [DEBUG] --- Running enforcement checks ---
2026-08-23 21:12:47 [DEBUG] Hosts file block section is present. OK.
2026-08-23 21:12:47 [DEBUG] Hosts file is read-only. OK.
2026-08-23 21:12:47 [DEBUG] Browser process detected: msedge.exe -- hosts-level blocking is active.
2026-08-23 21:13:17 [DEBUG] --- Running enforcement checks ---
2026-08-23 21:13:17 [DEBUG] Hosts file block section is present. OK.
2026-08-23 21:13:17 [DEBUG] Hosts file is read-only. OK.
2026-08-23 21:13:18 [DEBUG] Browser process detected: msedge.exe -- hosts-level blocking is active.
2026-08-23 21:13:48 [DEBUG] --- Running enforcement checks ---
2026-08-23 21:13:48 [DEBUG] Hosts file block section is present. OK.
2026-08-23 21:13:48 [DEBUG] Hosts file is read-only. OK.
2026-08-23 21:13:48 [DEBUG] Browser process detected: msedge.exe -- hosts-level blocking is active.
2026-08-23 21:14:18 [DEBUG] --- Running enforcement checks ---
2026-08-23 21:14:18 [DEBUG] Hosts file block section is present. OK.
2026-08-23 21:14:18 [DEBUG] Hosts file is read-only. OK.
2026-08-23 21:14:18 [DEBUG] Browser process detected: msedge.exe -- hosts-level blocking is active.
2026-08-23 21:14:48 [DEBUG] --- Running enforcement checks ---
2026-08-23 21:14:48 [DEBUG] Hosts file block section is present. OK.
2026-08-23 21:14:48 [DEBUG] Hosts file is read-only. OK.
2026-08-23 21:14:49 [DEBUG] Browser process detected: msedge.exe -- hosts-level blocking is active.
2026-08-23 21:15:19 [DEBUG] --- Running enforcement checks ---
2026-08-23 21:15:19 [DEBUG] Hosts file block section is present. OK.
2026-08-23 21:15:19 [DEBUG] Hosts file is read-only. OK.
2026-08-23 21:15:19 [DEBUG] Browser process detected: msedge.exe -- hosts-level blocking is active.
2026-08-23 21:15:49 [DEBUG] --- Running enforcement checks ---
2026-08-23 21:15:49 [DEBUG] Hosts file block section is present. OK.
2026-08-23 21:15:49 [DEBUG] Hosts file is read-only. OK.
2026-08-23 21:15:50 [DEBUG] Browser process detected: msedge.exe -- hosts-level blocking is active.
2026-08-23 21:16:20 [DEBUG] --- Running enforcement checks ---
2026-08-23 21:16:20 [DEBUG] Hosts file block section is present. OK.
2026-08-23 21:16:20 [DEBUG] Hosts file is read-only. OK.
2026-08-23 21:16:20 [DEBUG] Browser process detected: msedge.exe -- hosts-level blocking is active.
2026-08-23 21:16:50 [DEBUG] --- Running enforcement checks ---
2026-08-23 21:16:50 [DEBUG] Hosts file block section is present. OK.
2026-08-23 21:16:50 [DEBUG] Hosts file is read-only. OK.
2026-08-23 21:16:50 [DEBUG] Browser process detected: msedge.exe -- hosts-level blocking is active.
2026-08-23 21:17:20 [DEBUG] --- Running enforcement checks ---
2026-08-23 21:17:20 [DEBUG] Hosts file block section is present. OK.
2026-08-23 21:17:20 [DEBUG] Hosts file is read-only. OK.
2026-08-23 21:17:21 [DEBUG] Browser process detected: msedge.exe -- hosts-level blocking is active.
2026-08-23 21:17:51 [DEBUG] --- Running enforcement checks ---
2026-08-23 21:17:51 [DEBUG] Hosts file block section is present. OK.
2026-08-23 21:17:51 [DEBUG] Hosts file is read-only. OK.
2026-08-23 21:17:51 [DEBUG] Browser process detected: msedge.exe -- hosts-level blocking is active.
2026-08-23 21:18:21 [DEBUG] --- Running enforcement checks ---
2026-08-23 21:18:21 [DEBUG] Hosts file block section is present. OK.
2026-08-23 21:18:21 [DEBUG] Hosts file is read-only. OK.
2026-08-23 21:18:21 [DEBUG] Browser process detected: msedge.exe -- hosts-level blocking is active.
2026-08-23 21:18:51 [DEBUG] --- Running enforcement checks ---
2026-08-23 21:18:51 [DEBUG] Hosts file block section is present. OK.
2026-08-23 21:18:51 [DEBUG] Hosts file is read-only. OK.
2026-08-23 21:18:52 [DEBUG] Browser process detected: msedge.exe -- hosts-level blocking is active.
2026-08-23 21:19:22 [DEBUG] --- Running enforcement checks ---
2026-08-23 21:19:22 [DEBUG] Hosts file block section is present. OK.
2026-08-23 21:19:22 [DEBUG] Hosts file is read-only. OK.
2026-08-23 21:19:22 [DEBUG] Browser process detected: msedge.exe -- hosts-level blocking is active.
2026-08-23 21:19:52 [DEBUG] --- Running enforcement checks ---
2026-08-23 21:19:52 [DEBUG] Hosts file block section is present. OK.
2026-08-23 21:19:52 [DEBUG] Hosts file is read-only. OK.
2026-08-23 21:19:53 [DEBUG] Browser process detected: msedge.exe -- hosts-level blocking is active.
2026-08-23 21:20:23 [DEBUG] --- Running enforcement checks ---
2026-08-23 21:20:23 [DEBUG] Hosts file block section is present. OK.
2026-08-23 21:20:23 [DEBUG] Hosts file is read-only. OK.
2026-08-23 21:20:23 [DEBUG] Browser process detected: msedge.exe -- hosts-level blocking is active.
2026-08-23 21:20:53 [DEBUG] --- Running enforcement checks ---
2026-08-23 21:20:53 [DEBUG] Hosts file block section is present. OK.
2026-08-23 21:20:53 [DEBUG] Hosts file is read-only. OK.
2026-08-23 21:20:54 [DEBUG] Browser process detected: msedge.exe -- hosts-level blocking is active.
2026-08-23 21:21:24 [DEBUG] --- Running enforcement checks ---
2026-08-23 21:21:24 [DEBUG] Hosts file block section is present. OK.
2026-08-23 21:21:24 [DEBUG] Hosts file is read-only. OK.
2026-08-23 21:21:24 [DEBUG] Browser process detected: msedge.exe -- hosts-level blocking is active.
2026-08-23 21:21:54 [DEBUG] --- Running enforcement checks ---
2026-08-23 21:21:54 [DEBUG] Hosts file block section is present. OK.
2026-08-23 21:21:54 [DEBUG] Hosts file is read-only. OK.
2026-08-23 21:21:54 [DEBUG] Browser process detected: msedge.exe -- hosts-level blocking is active.
2026-08-23 21:22:24 [DEBUG] --- Running enforcement checks ---
2026-08-23 21:22:24 [DEBUG] Hosts file block section is present. OK.
2026-08-23 21:22:24 [DEBUG] Hosts file is read-only. OK.
2026-08-23 21:22:25 [DEBUG] Browser process detected: msedge.exe -- hosts-level blocking is active.
2026-08-23 21:22:55 [DEBUG] --- Running enforcement checks ---
2026-08-23 21:22:55 [DEBUG] Hosts file block section is present. OK.
2026-08-23 21:22:55 [DEBUG] Hosts file is read-only. OK.
2026-08-23 21:22:55 [DEBUG] Browser process detected: msedge.exe -- hosts-level blocking is active.
2026-08-23 21:23:25 [DEBUG] --- Running enforcement checks ---
2026-08-23 21:23:25 [DEBUG] Hosts file block section is present. OK.
2026-08-23 21:23:25 [DEBUG] Hosts file is read-only. OK.
2026-08-23 21:23:26 [DEBUG] Browser process detected: msedge.exe -- hosts-level blocking is active.
2026-08-23 21:23:56 [DEBUG] --- Running enforcement checks ---
2026-08-23 21:23:56 [DEBUG] Hosts file block section is present. OK.
2026-08-23 21:23:56 [DEBUG] Hosts file is read-only. OK.
2026-08-23 21:23:56 [DEBUG] Browser process detected: msedge.exe -- hosts-level blocking is active.
2026-08-23 21:24:26 [DEBUG] --- Running enforcement checks ---
2026-08-23 21:24:26 [DEBUG] Hosts file block section is present. OK.
2026-08-23 21:24:26 [DEBUG] Hosts file is read-only. OK.
2026-08-23 21:24:26 [DEBUG] Browser process detected: msedge.exe -- hosts-level blocking is active.
2026-08-23 21:24:56 [DEBUG] --- Running enforcement checks ---
2026-08-23 21:24:56 [DEBUG] Hosts file block section is present. OK.
2026-08-23 21:24:56 [DEBUG] Hosts file is read-only. OK.
2026-08-23 21:24:57 [DEBUG] Browser process detected: msedge.exe -- hosts-level blocking is active.
2026-08-23 21:25:27 [DEBUG] --- Running enforcement checks ---
2026-08-23 21:25:27 [DEBUG] Hosts file block section is present. OK.
2026-08-23 21:25:27 [DEBUG] Hosts file is read-only. OK.
2026-08-23 21:25:27 [DEBUG] Browser process detected: msedge.exe -- hosts-level blocking is active.
2026-08-23 21:25:57 [DEBUG] --- Running enforcement checks ---
2026-08-23 21:25:57 [DEBUG] Hosts file block section is present. OK.
2026-08-23 21:25:57 [DEBUG] Hosts file is read-only. OK.
2026-08-23 21:25:58 [DEBUG] Browser process detected: msedge.exe -- hosts-level blocking is active.
2026-08-23 21:26:28 [DEBUG] --- Running enforcement checks ---
2026-08-23 21:26:28 [DEBUG] Hosts file block section is present. OK.
2026-08-23 21:26:28 [DEBUG] Hosts file is read-only. OK.
2026-08-23 21:26:28 [DEBUG] Browser process detected: msedge.exe -- hosts-level blocking is active.
2026-08-23 21:26:58 [DEBUG] --- Running enforcement checks ---
2026-08-23 21:26:58 [DEBUG] Hosts file block section is present. OK.
2026-08-23 21:26:58 [DEBUG] Hosts file is read-only. OK.
2026-08-23 21:26:58 [DEBUG] Browser process detected: msedge.exe -- hosts-level blocking is active.
2026-08-23 21:27:28 [DEBUG] --- Running enforcement checks ---
2026-08-23 21:27:28 [DEBUG] Hosts file block section is present. OK.
2026-08-23 21:27:28 [DEBUG] Hosts file is read-only. OK.
2026-08-23 21:27:29 [DEBUG] Browser process detected: msedge.exe -- hosts-level blocking is active.
2026-08-23 21:27:59 [DEBUG] --- Running enforcement checks ---
2026-08-23 21:27:59 [DEBUG] Hosts file block section is present. OK.
2026-08-23 21:27:59 [DEBUG] Hosts file is read-only. OK.
2026-08-23 21:27:59 [DEBUG] Browser process detected: msedge.exe -- hosts-level blocking is active.
2026-08-23 21:28:29 [DEBUG] --- Running enforcement checks ---
2026-08-23 21:28:29 [DEBUG] Hosts file block section is present. OK.
2026-08-23 21:28:29 [DEBUG] Hosts file is read-only. OK.
2026-08-23 21:28:30 [DEBUG] Browser process detected: msedge.exe -- hosts-level blocking is active.
2026-08-23 21:29:00 [DEBUG] --- Running enforcement checks ---
2026-08-23 21:29:00 [DEBUG] Hosts file block section is present. OK.
2026-08-23 21:29:00 [DEBUG] Hosts file is read-only. OK.
2026-08-23 21:29:00 [DEBUG] Browser process detected: msedge.exe -- hosts-level blocking is active.
2026-08-23 21:29:30 [DEBUG] --- Running enforcement checks ---
2026-08-23 21:29:30 [DEBUG] Hosts file block section is present. OK.
2026-08-23 21:29:30 [DEBUG] Hosts file is read-only. OK.
2026-08-23 21:29:30 [DEBUG] Browser process detected: msedge.exe -- hosts-level blocking is active.
2026-08-23 21:30:00 [DEBUG] --- Running enforcement checks ---
2026-08-23 21:30:00 [DEBUG] Hosts file block section is present. OK.
2026-08-23 21:30:00 [DEBUG] Hosts file is read-only. OK.
2026-08-23 21:30:01 [DEBUG] Browser process detected: msedge.exe -- hosts-level blocking is active.
2026-08-23 21:30:31 [DEBUG] --- Running enforcement checks ---
2026-08-23 21:30:31 [DEBUG] Hosts file block section is present. OK.
2026-08-23 21:30:31 [DEBUG] Hosts file is read-only. OK.
2026-08-23 21:30:31 [DEBUG] Browser process detected: msedge.exe -- hosts-level blocking is active.
2026-08-23 21:31:01 [DEBUG] --- Running enforcement checks ---
2026-08-23 21:31:01 [DEBUG] Hosts file block section is present. OK.
2026-08-23 21:31:01 [DEBUG] Hosts file is read-only. OK.
2026-08-23 21:31:02 [DEBUG] Browser process detected: msedge.exe -- hosts-level blocking is active.
2026-08-23 21:31:32 [DEBUG] --- Running enforcement checks ---
2026-08-23 21:31:32 [DEBUG] Hosts file block section is present. OK.
2026-08-23 21:31:32 [DEBUG] Hosts file is read-only. OK.
2026-08-23 21:31:32 [DEBUG] Browser process detected: msedge.exe -- hosts-level blocking is active.
2026-08-23 21:32:02 [DEBUG] --- Running enforcement checks ---
2026-08-23 21:32:02 [DEBUG] Hosts file block section is present. OK.
2026-08-23 21:32:02 [DEBUG] Hosts file is read-only. OK.
2026-08-23 21:32:02 [DEBUG] Browser process detected: msedge.exe -- hosts-level blocking is active.
2026-08-23 21:32:32 [DEBUG] --- Running enforcement checks ---
2026-08-23 21:32:32 [DEBUG] Hosts file block section is present. OK.
2026-08-23 21:32:32 [DEBUG] Hosts file is read-only. OK.
2026-08-23 21:32:33 [DEBUG] Browser process detected: msedge.exe -- hosts-level blocking is active.
2026-08-23 21:33:03 [DEBUG] --- Running enforcement checks ---
2026-08-23 21:33:03 [DEBUG] Hosts file block section is present. OK.
2026-08-23 21:33:03 [DEBUG] Hosts file is read-only. OK.
2026-08-23 21:33:03 [DEBUG] Browser process detected: msedge.exe -- hosts-level blocking is active.
2026-08-23 21:33:33 [DEBUG] --- Running enforcement checks ---
2026-08-23 21:33:33 [DEBUG] Hosts file block section is present. OK.
2026-08-23 21:33:33 [DEBUG] Hosts file is read-only. OK.
2026-08-23 21:33:34 [DEBUG] Browser process detected: msedge.exe -- hosts-level blocking is active.
2026-08-23 21:34:04 [DEBUG] --- Running enforcement checks ---
2026-08-23 21:34:04 [DEBUG] Hosts file block section is present. OK.
2026-08-23 21:34:04 [DEBUG] Hosts file is read-only. OK.
2026-08-23 21:34:04 [DEBUG] Browser process detected: msedge.exe -- hosts-level blocking is active.
2026-08-23 21:34:34 [DEBUG] --- Running enforcement checks ---
2026-08-23 21:34:34 [DEBUG] Hosts file block section is present. OK.
2026-08-23 21:34:34 [DEBUG] Hosts file is read-only. OK.
2026-08-23 21:34:34 [DEBUG] Browser process detected: msedge.exe -- hosts-level blocking is active.
2026-08-23 21:35:04 [DEBUG] --- Running enforcement checks ---
2026-08-23 21:35:04 [DEBUG] Hosts file block section is present. OK.
2026-08-23 21:35:04 [DEBUG] Hosts file is read-only. OK.
2026-08-23 21:35:05 [DEBUG] Browser process detected: msedge.exe -- hosts-level blocking is active.
2026-08-23 21:35:35 [DEBUG] --- Running enforcement checks ---
2026-08-23 21:35:35 [DEBUG] Hosts file block section is present. OK.
2026-08-23 21:35:35 [DEBUG] Hosts file is read-only. OK.
2026-08-23 21:35:35 [DEBUG] Browser process detected: msedge.exe -- hosts-level blocking is active.
2026-08-23 21:36:05 [DEBUG] --- Running enforcement checks ---
2026-08-23 21:36:05 [DEBUG] Hosts file block section is present. OK.
2026-08-23 21:36:05 [DEBUG] Hosts file is read-only. OK.
2026-08-23 21:36:06 [DEBUG] Browser process detected: msedge.exe -- hosts-level blocking is active.
2026-08-23 21:36:36 [DEBUG] --- Running enforcement checks ---
2026-08-23 21:36:36 [DEBUG] Hosts file block section is present. OK.
2026-08-23 21:36:36 [DEBUG] Hosts file is read-only. OK.
2026-08-23 21:36:36 [DEBUG] Browser process detected: msedge.exe -- hosts-level blocking is active.
2026-08-23 21:37:06 [DEBUG] --- Running enforcement checks ---
2026-08-23 21:37:06 [DEBUG] Hosts file block section is present. OK.
2026-08-23 21:37:06 [DEBUG] Hosts file is read-only. OK.
2026-08-23 21:37:06 [DEBUG] Browser process detected: msedge.exe -- hosts-level blocking is active.
2026-08-23 21:37:36 [DEBUG] --- Running enforcement checks ---
2026-08-23 21:37:36 [DEBUG] Hosts file block section is present. OK.
2026-08-23 21:37:36 [DEBUG] Hosts file is read-only. OK.
2026-08-23 21:37:37 [DEBUG] Browser process detected: msedge.exe -- hosts-level blocking is active.
2026-08-23 21:38:07 [DEBUG] --- Running enforcement checks ---
2026-08-23 21:38:07 [DEBUG] Hosts file block section is present. OK.
2026-08-23 21:38:07 [DEBUG] Hosts file is read-only. OK.
2026-08-23 21:38:07 [DEBUG] Browser process detected: msedge.exe -- hosts-level blocking is active.
2026-08-23 21:38:37 [DEBUG] --- Running enforcement checks ---
2026-08-23 21:38:37 [DEBUG] Hosts file block section is present. OK.
2026-08-23 21:38:37 [DEBUG] Hosts file is read-only. OK.
2026-08-23 21:38:38 [DEBUG] Browser process detected: msedge.exe -- hosts-level blocking is active.
2026-08-23 21:39:08 [DEBUG] --- Running enforcement checks ---
2026-08-23 21:39:08 [DEBUG] Hosts file block section is present. OK.
2026-08-23 21:39:08 [DEBUG] Hosts file is read-only. OK.
2026-08-23 21:39:08 [DEBUG] Browser process detected: msedge.exe -- hosts-level blocking is active.
2026-08-23 21:39:38 [DEBUG] --- Running enforcement checks ---
2026-08-23 21:39:38 [DEBUG] Hosts file block section is present. OK.
2026-08-23 21:39:38 [DEBUG] Hosts file is read-only. OK.
2026-08-23 21:39:38 [DEBUG] Browser process detected: msedge.exe -- hosts-level blocking is active.
2026-08-23 21:40:08 [DEBUG] --- Running enforcement checks ---
2026-08-23 21:40:08 [DEBUG] Hosts file block section is present. OK.
2026-08-23 21:40:08 [DEBUG] Hosts file is read-only. OK.
2026-08-23 21:40:09 [DEBUG] Browser process detected: msedge.exe -- hosts-level blocking is active.
2026-08-23 21:40:39 [DEBUG] --- Running enforcement checks ---
2026-08-23 21:40:39 [DEBUG] Hosts file block section is present. OK.
2026-08-23 21:40:39 [DEBUG] Hosts file is read-only. OK.
2026-08-23 21:40:39 [DEBUG] Browser process detected: msedge.exe -- hosts-level blocking is active.
2026-08-23 21:41:09 [DEBUG] --- Running enforcement checks ---
2026-08-23 21:41:09 [DEBUG] Hosts file block section is present. OK.
2026-08-23 21:41:09 [DEBUG] Hosts file is read-only. OK.
2026-08-23 21:41:10 [DEBUG] Browser process detected: msedge.exe -- hosts-level blocking is active.
2026-08-23 21:41:40 [DEBUG] --- Running enforcement checks ---
2026-08-23 21:41:40 [DEBUG] Hosts file block section is present. OK.
2026-08-23 21:41:40 [DEBUG] Hosts file is read-only. OK.
2026-08-23 21:41:40 [DEBUG] Browser process detected: msedge.exe -- hosts-level blocking is active.
2026-08-23 21:42:10 [DEBUG] --- Running enforcement checks ---
2026-08-23 21:42:10 [DEBUG] Hosts file block section is present. OK.
2026-08-23 21:42:10 [DEBUG] Hosts file is read-only. OK.
2026-08-23 21:42:10 [DEBUG] Browser process detected: msedge.exe -- hosts-level blocking is active.
2026-08-23 21:42:40 [DEBUG] --- Running enforcement checks ---
2026-08-23 21:42:40 [DEBUG] Hosts file block section is present. OK.
2026-08-23 21:42:40 [DEBUG] Hosts file is read-only. OK.
2026-08-23 21:42:41 [DEBUG] Browser process detected: msedge.exe -- hosts-level blocking is active.
2026-08-23 21:43:11 [DEBUG] --- Running enforcement checks ---
2026-08-23 21:43:11 [DEBUG] Hosts file block section is present. OK.
2026-08-23 21:43:11 [DEBUG] Hosts file is read-only. OK.
2026-08-23 21:43:11 [DEBUG] Browser process detected: msedge.exe -- hosts-level blocking is active.
2026-08-23 21:43:41 [DEBUG] --- Running enforcement checks ---
2026-08-23 21:43:41 [DEBUG] Hosts file block section is present. OK.
2026-08-23 21:43:41 [DEBUG] Hosts file is read-only. OK.
2026-08-23 21:43:42 [DEBUG] Browser process detected: msedge.exe -- hosts-level blocking is active.
2026-08-23 21:44:12 [DEBUG] --- Running enforcement checks ---
2026-08-23 21:44:12 [DEBUG] Hosts file block section is present. OK.
2026-08-23 21:44:12 [DEBUG] Hosts file is read-only. OK.
2026-08-23 21:44:12 [DEBUG] Browser process detected: msedge.exe -- hosts-level blocking is active.
2026-08-23 21:44:42 [DEBUG] --- Running enforcement checks ---
2026-08-23 21:44:42 [DEBUG] Hosts file block section is present. OK.
2026-08-23 21:44:42 [DEBUG] Hosts file is read-only. OK.
2026-08-23 21:44:43 [DEBUG] Browser process detected: msedge.exe -- hosts-level blocking is active.
2026-08-23 21:45:13 [DEBUG] --- Running enforcement checks ---
2026-08-23 21:45:13 [DEBUG] Hosts file block section is present. OK.
2026-08-23 21:45:13 [DEBUG] Hosts file is read-only. OK.
2026-08-23 21:45:13 [DEBUG] Browser process detected: msedge.exe -- hosts-level blocking is active.
2026-08-23 21:45:43 [DEBUG] --- Running enforcement checks ---
2026-08-23 21:45:43 [DEBUG] Hosts file block section is present. OK.
2026-08-23 21:45:43 [DEBUG] Hosts file is read-only. OK.
2026-08-23 21:45:43 [DEBUG] Browser process detected: msedge.exe -- hosts-level blocking is active.
2026-08-23 21:46:13 [DEBUG] --- Running enforcement checks ---
2026-08-23 21:46:13 [DEBUG] Hosts file block section is present. OK.
2026-08-23 21:46:13 [DEBUG] Hosts file is read-only. OK.
2026-08-23 21:46:14 [DEBUG] Browser process detected: msedge.exe -- hosts-level blocking is active.
2026-08-23 21:46:44 [DEBUG] --- Running enforcement checks ---
2026-08-23 21:46:44 [DEBUG] Hosts file block section is present. OK.
2026-08-23 21:46:44 [DEBUG] Hosts file is read-only. OK.
2026-08-23 21:46:44 [DEBUG] Browser process detected: msedge.exe -- hosts-level blocking is active.
2026-08-23 21:47:14 [DEBUG] --- Running enforcement checks ---
2026-08-23 21:47:14 [DEBUG] Hosts file block section is present. OK.
2026-08-23 21:47:14 [DEBUG] Hosts file is read-only. OK.
2026-08-23 21:47:15 [DEBUG] Browser process detected: msedge.exe -- hosts-level blocking is active.
2026-08-23 21:47:45 [DEBUG] --- Running enforcement checks ---
2026-08-23 21:47:45 [DEBUG] Hosts file block section is present. OK.
2026-08-23 21:47:45 [DEBUG] Hosts file is read-only. OK.
2026-08-23 21:47:45 [DEBUG] Browser process detected: msedge.exe -- hosts-level blocking is active.
2026-08-23 21:48:15 [DEBUG] --- Running enforcement checks ---
2026-08-23 21:48:15 [DEBUG] Hosts file block section is present. OK.
2026-08-23 21:48:15 [DEBUG] Hosts file is read-only. OK.
2026-08-23 21:48:15 [DEBUG] Browser process detected: msedge.exe -- hosts-level blocking is active.
2026-08-23 21:48:45 [DEBUG] --- Running enforcement checks ---
2026-08-23 21:48:45 [DEBUG] Hosts file block section is present. OK.
2026-08-23 21:48:45 [DEBUG] Hosts file is read-only. OK.
2026-08-23 21:48:46 [DEBUG] Browser process detected: msedge.exe -- hosts-level blocking is active.
2026-08-23 21:49:16 [DEBUG] --- Running enforcement checks ---
2026-08-23 21:49:16 [DEBUG] Hosts file block section is present. OK.
2026-08-23 21:49:16 [DEBUG] Hosts file is read-only. OK.
2026-08-23 21:49:16 [DEBUG] Browser process detected: msedge.exe -- hosts-level blocking is active.
2026-08-23 21:49:46 [DEBUG] --- Running enforcement checks ---
2026-08-23 21:49:46 [DEBUG] Hosts file block section is present. OK.
2026-08-23 21:49:46 [DEBUG] Hosts file is read-only. OK.
2026-08-23 21:49:47 [DEBUG] Browser process detected: msedge.exe -- hosts-level blocking is active.
2026-08-23 21:50:17 [DEBUG] --- Running enforcement checks ---
2026-08-23 21:50:17 [DEBUG] Hosts file block section is present. OK.
2026-08-23 21:50:17 [DEBUG] Hosts file is read-only. OK.
2026-08-23 21:50:17 [DEBUG] Browser process detected: msedge.exe -- hosts-level blocking is active.
2026-08-23 21:50:47 [DEBUG] --- Running enforcement checks ---
2026-08-23 21:50:47 [DEBUG] Hosts file block section is present. OK.
2026-08-23 21:50:47 [DEBUG] Hosts file is read-only. OK.
2026-08-23 21:50:48 [DEBUG] Browser process detected: msedge.exe -- hosts-level blocking is active.
2026-08-23 21:51:18 [DEBUG] --- Running enforcement checks ---
2026-08-23 21:51:18 [DEBUG] Hosts file block section is present. OK.
2026-08-23 21:51:18 [DEBUG] Hosts file is read-only. OK.
2026-08-23 21:51:18 [DEBUG] Browser process detected: msedge.exe -- hosts-level blocking is active.
2026-08-23 21:51:48 [DEBUG] --- Running enforcement checks ---
2026-08-23 21:51:48 [DEBUG] Hosts file block section is present. OK.
2026-08-23 21:51:48 [DEBUG] Hosts file is read-only. OK.
2026-08-23 21:51:48 [DEBUG] Browser process detected: msedge.exe -- hosts-level blocking is active.
2026-08-23 21:52:18 [DEBUG] --- Running enforcement checks ---
2026-08-23 21:52:18 [DEBUG] Hosts file block section is present. OK.
2026-08-23 21:52:18 [DEBUG] Hosts file is read-only. OK.
2026-08-23 21:52:19 [DEBUG] Browser process detected: msedge.exe -- hosts-level blocking is active.
2026-08-23 21:52:49 [DEBUG] --- Running enforcement checks ---
2026-08-23 21:52:49 [DEBUG] Hosts file block section is present. OK.
2026-08-23 21:52:49 [DEBUG] Hosts file is read-only. OK.
2026-08-23 21:52:49 [DEBUG] Browser process detected: msedge.exe -- hosts-level blocking is active.
2026-08-23 21:53:19 [DEBUG] --- Running enforcement checks ---
2026-08-23 21:53:19 [DEBUG] Hosts file block section is present. OK.
2026-08-23 21:53:19 [DEBUG] Hosts file is read-only. OK.
2026-08-23 21:53:19 [DEBUG] Browser process detected: msedge.exe -- hosts-level blocking is active.
2026-08-23 21:53:49 [DEBUG] --- Running enforcement checks ---
2026-08-23 21:53:49 [DEBUG] Hosts file block section is present. OK.
2026-08-23 21:53:49 [DEBUG] Hosts file is read-only. OK.
2026-08-23 21:53:50 [DEBUG] Browser process detected: msedge.exe -- hosts-level blocking is active.
2026-08-23 21:54:20 [DEBUG] --- Running enforcement checks ---
2026-08-23 21:54:20 [DEBUG] Hosts file block section is present. OK.
2026-08-23 21:54:20 [DEBUG] Hosts file is read-only. OK.
2026-08-23 21:54:20 [DEBUG] Browser process detected: msedge.exe -- hosts-level blocking is active.
2026-08-23 21:54:50 [DEBUG] --- Running enforcement checks ---
2026-08-23 21:54:50 [DEBUG] Hosts file block section is present. OK.
2026-08-23 21:54:50 [DEBUG] Hosts file is read-only. OK.
2026-08-23 21:54:50 [DEBUG] Browser process detected: msedge.exe -- hosts-level blocking is active.
2026-08-23 21:55:20 [DEBUG] --- Running enforcement checks ---
2026-08-23 21:55:20 [DEBUG] Hosts file block section is present. OK.
2026-08-23 21:55:20 [DEBUG] Hosts file is read-only. OK.
2026-08-23 21:55:21 [DEBUG] Browser process detected: msedge.exe -- hosts-level blocking is active.
2026-08-23 21:55:51 [DEBUG] --- Running enforcement checks ---
2026-08-23 21:55:51 [DEBUG] Hosts file block section is present. OK.
2026-08-23 21:55:51 [DEBUG] Hosts file is read-only. OK.
2026-08-23 21:55:51 [DEBUG] Browser process detected: msedge.exe -- hosts-level blocking is active.
2026-08-23 21:56:21 [DEBUG] --- Running enforcement checks ---
2026-08-23 21:56:21 [DEBUG] Hosts file block section is present. OK.
2026-08-23 21:56:21 [DEBUG] Hosts file is read-only. OK.
2026-08-23 21:56:22 [DEBUG] Browser process detected: msedge.exe -- hosts-level blocking is active.
2026-08-23 21:56:52 [DEBUG] --- Running enforcement checks ---
2026-08-23 21:56:52 [DEBUG] Hosts file block section is present. OK.
2026-08-23 21:56:52 [DEBUG] Hosts file is read-only. OK.
2026-08-23 21:56:52 [DEBUG] Browser process detected: msedge.exe -- hosts-level blocking is active.
2026-08-23 21:57:22 [DEBUG] --- Running enforcement checks ---
2026-08-23 21:57:22 [DEBUG] Hosts file block section is present. OK.
2026-08-23 21:57:22 [DEBUG] Hosts file is read-only. OK.
2026-08-23 21:57:22 [DEBUG] Browser process detected: msedge.exe -- hosts-level blocking is active.
2026-08-23 21:57:52 [DEBUG] --- Running enforcement checks ---
2026-08-23 21:57:52 [DEBUG] Hosts file block section is present. OK.
2026-08-23 21:57:52 [DEBUG] Hosts file is read-only. OK.
2026-08-23 21:57:53 [DEBUG] Browser process detected: msedge.exe -- hosts-level blocking is active.
2026-08-23 21:58:23 [DEBUG] --- Running enforcement checks ---
2026-08-23 21:58:23 [DEBUG] Hosts file block section is present. OK.
2026-08-23 21:58:23 [DEBUG] Hosts file is read-only. OK.
2026-08-23 21:58:23 [DEBUG] Browser process detected: msedge.exe -- hosts-level blocking is active.
2026-08-23 21:58:53 [DEBUG] --- Running enforcement checks ---
2026-08-23 21:58:53 [DEBUG] Hosts file block section is present. OK.
2026-08-23 21:58:53 [DEBUG] Hosts file is read-only. OK.
2026-08-23 21:58:54 [DEBUG] Browser process detected: msedge.exe -- hosts-level blocking is active.
2026-08-23 21:59:24 [DEBUG] --- Running enforcement checks ---
2026-08-23 21:59:24 [DEBUG] Hosts file block section is present. OK.
2026-08-23 21:59:24 [DEBUG] Hosts file is read-only. OK.
2026-08-23 21:59:24 [DEBUG] Browser process detected: msedge.exe -- hosts-level blocking is active.
2026-08-23 21:59:54 [DEBUG] --- Running enforcement checks ---
2026-08-23 21:59:54 [DEBUG] Hosts file block section is present. OK.
2026-08-23 21:59:54 [DEBUG] Hosts file is read-only. OK.
2026-08-23 21:59:54 [DEBUG] Browser process detected: msedge.exe -- hosts-level blocking is active.
2026-08-23 22:00:24 [DEBUG] --- Running enforcement checks ---
2026-08-23 22:00:24 [DEBUG] Hosts file block section is present. OK.
2026-08-23 22:00:24 [DEBUG] Hosts file is read-only. OK.
2026-08-23 22:00:25 [DEBUG] Browser process detected: msedge.exe -- hosts-level blocking is active.
2026-08-23 22:00:55 [DEBUG] --- Running enforcement checks ---
2026-08-23 22:00:55 [DEBUG] Hosts file block section is present. OK.
2026-08-23 22:00:55 [DEBUG] Hosts file is read-only. OK.
2026-08-23 22:00:55 [DEBUG] Browser process detected: msedge.exe -- hosts-level blocking is active.
2026-08-23 22:01:25 [DEBUG] --- Running enforcement checks ---
2026-08-23 22:01:25 [DEBUG] Hosts file block section is present. OK.
2026-08-23 22:01:25 [DEBUG] Hosts file is read-only. OK.
2026-08-23 22:01:25 [DEBUG] Browser process detected: msedge.exe -- hosts-level blocking is active.
2026-08-23 22:01:56 [DEBUG] --- Running enforcement checks ---
2026-08-23 22:01:56 [DEBUG] Hosts file block section is present. OK.
2026-08-23 22:01:56 [DEBUG] Hosts file is read-only. OK.
2026-08-23 22:01:56 [DEBUG] Browser process detected: msedge.exe -- hosts-level blocking is active.
2026-08-23 22:02:26 [DEBUG] --- Running enforcement checks ---
2026-08-23 22:02:26 [DEBUG] Hosts file block section is present. OK.
2026-08-23 22:02:26 [DEBUG] Hosts file is read-only. OK.
2026-08-23 22:02:26 [DEBUG] Browser process detected: msedge.exe -- hosts-level blocking is active.
2026-08-23 22:02:56 [DEBUG] --- Running enforcement checks ---
2026-08-23 22:02:56 [DEBUG] Hosts file block section is present. OK.
2026-08-23 22:02:56 [DEBUG] Hosts file is read-only. OK.
2026-08-23 22:02:57 [DEBUG] Browser process detected: msedge.exe -- hosts-level blocking is active.
2026-08-23 22:03:27 [DEBUG] --- Running enforcement checks ---
2026-08-23 22:03:27 [DEBUG] Hosts file block section is present. OK.
2026-08-23 22:03:27 [DEBUG] Hosts file is read-only. OK.
2026-08-23 22:03:27 [DEBUG] Browser process detected: msedge.exe -- hosts-level blocking is active.
2026-08-23 22:03:57 [DEBUG] --- Running enforcement checks ---
2026-08-23 22:03:57 [DEBUG] Hosts file block section is present. OK.
2026-08-23 22:03:57 [DEBUG] Hosts file is read-only. OK.
2026-08-23 22:03:58 [DEBUG] Browser process detected: msedge.exe -- hosts-level blocking is active.
2026-08-23 22:04:28 [DEBUG] --- Running enforcement checks ---
2026-08-23 22:04:28 [DEBUG] Hosts file block section is present. OK.
2026-08-23 22:04:28 [DEBUG] Hosts file is read-only. OK.
2026-08-23 22:04:28 [DEBUG] Browser process detected: msedge.exe -- hosts-level blocking is active.
2026-08-23 22:04:58 [DEBUG] --- Running enforcement checks ---
2026-08-23 22:04:58 [DEBUG] Hosts file block section is present. OK.
2026-08-23 22:04:58 [DEBUG] Hosts file is read-only. OK.
2026-08-23 22:04:58 [DEBUG] Browser process detected: msedge.exe -- hosts-level blocking is active.
2026-08-23 22:05:28 [DEBUG] --- Running enforcement checks ---
2026-08-23 22:05:28 [DEBUG] Hosts file block section is present. OK.
2026-08-23 22:05:28 [DEBUG] Hosts file is read-only. OK.
2026-08-23 22:05:29 [DEBUG] Browser process detected: msedge.exe -- hosts-level blocking is active.
2026-08-23 22:05:59 [DEBUG] --- Running enforcement checks ---
2026-08-23 22:05:59 [DEBUG] Hosts file block section is present. OK.
2026-08-23 22:05:59 [DEBUG] Hosts file is read-only. OK.
2026-08-23 22:05:59 [DEBUG] Browser process detected: msedge.exe -- hosts-level blocking is active.
2026-08-23 22:06:29 [DEBUG] --- Running enforcement checks ---
2026-08-23 22:06:29 [DEBUG] Hosts file block section is present. OK.
2026-08-23 22:06:29 [DEBUG] Hosts file is read-only. OK.
2026-08-23 22:06:29 [DEBUG] Browser process detected: msedge.exe -- hosts-level blocking is active.
2026-08-23 22:06:59 [DEBUG] --- Running enforcement checks ---
2026-08-23 22:06:59 [DEBUG] Hosts file block section is present. OK.
2026-08-23 22:06:59 [DEBUG] Hosts file is read-only. OK.
2026-08-23 22:07:00 [DEBUG] Browser process detected: msedge.exe -- hosts-level blocking is active.
2026-08-23 22:07:30 [DEBUG] --- Running enforcement checks ---
2026-08-23 22:07:30 [DEBUG] Hosts file block section is present. OK.
2026-08-23 22:07:30 [DEBUG] Hosts file is read-only. OK.
2026-08-23 22:07:30 [DEBUG] Browser process detected: msedge.exe -- hosts-level blocking is active.
2026-08-23 22:08:00 [DEBUG] --- Running enforcement checks ---
2026-08-23 22:08:00 [DEBUG] Hosts file block section is present. OK.
2026-08-23 22:08:00 [DEBUG] Hosts file is read-only. OK.
2026-08-23 22:08:01 [DEBUG] Browser process detected: msedge.exe -- hosts-level blocking is active.
2026-08-23 22:08:31 [DEBUG] --- Running enforcement checks ---
2026-08-23 22:08:31 [DEBUG] Hosts file block section is present. OK.
2026-08-23 22:08:31 [DEBUG] Hosts file is read-only. OK.
2026-08-23 22:08:31 [DEBUG] Browser process detected: msedge.exe -- hosts-level blocking is active.
2026-08-23 22:09:01 [DEBUG] --- Running enforcement checks ---
2026-08-23 22:09:01 [DEBUG] Hosts file block section is present. OK.
2026-08-23 22:09:01 [DEBUG] Hosts file is read-only. OK.
2026-08-23 22:09:01 [DEBUG] Browser process detected: msedge.exe -- hosts-level blocking is active.
2026-08-23 22:09:31 [DEBUG] --- Running enforcement checks ---
2026-08-23 22:09:31 [DEBUG] Hosts file block section is present. OK.
2026-08-23 22:09:31 [DEBUG] Hosts file is read-only. OK.
2026-08-23 22:09:32 [DEBUG] Browser process detected: msedge.exe -- hosts-level blocking is active.
2026-08-23 22:10:02 [DEBUG] --- Running enforcement checks ---
2026-08-23 22:10:02 [DEBUG] Hosts file block section is present. OK.
2026-08-23 22:10:02 [DEBUG] Hosts file is read-only. OK.
2026-08-23 22:10:02 [DEBUG] Browser process detected: msedge.exe -- hosts-level blocking is active.
2026-08-23 22:10:32 [DEBUG] --- Running enforcement checks ---
2026-08-23 22:10:32 [DEBUG] Hosts file block section is present. OK.
2026-08-23 22:10:32 [DEBUG] Hosts file is read-only. OK.
2026-08-23 22:10:33 [DEBUG] Browser process detected: msedge.exe -- hosts-level blocking is active.
2026-08-23 22:11:03 [DEBUG] --- Running enforcement checks ---
2026-08-23 22:11:03 [DEBUG] Hosts file block section is present. OK.
2026-08-23 22:11:03 [DEBUG] Hosts file is read-only. OK.
2026-08-23 22:11:03 [DEBUG] Browser process detected: msedge.exe -- hosts-level blocking is active.
2026-08-23 22:11:33 [DEBUG] --- Running enforcement checks ---
2026-08-23 22:11:33 [DEBUG] Hosts file block section is present. OK.
2026-08-23 22:11:33 [DEBUG] Hosts file is read-only. OK.
2026-08-23 22:11:34 [DEBUG] Browser process detected: msedge.exe -- hosts-level blocking is active.
2026-08-23 22:12:04 [DEBUG] --- Running enforcement checks ---
2026-08-23 22:12:04 [DEBUG] Hosts file block section is present. OK.
2026-08-23 22:12:04 [DEBUG] Hosts file is read-only. OK.
2026-08-23 22:12:04 [DEBUG] Browser process detected: msedge.exe -- hosts-level blocking is active.
2026-08-23 22:12:34 [DEBUG] --- Running enforcement checks ---
2026-08-23 22:12:34 [DEBUG] Hosts file block section is present. OK.
2026-08-23 22:12:34 [DEBUG] Hosts file is read-only. OK.
2026-08-23 22:12:34 [DEBUG] Browser process detected: msedge.exe -- hosts-level blocking is active.
2026-08-23 22:13:04 [DEBUG] --- Running enforcement checks ---
2026-08-23 22:13:04 [DEBUG] Hosts file block section is present. OK.
2026-08-23 22:13:04 [DEBUG] Hosts file is read-only. OK.
2026-08-23 22:13:05 [DEBUG] Browser process detected: msedge.exe -- hosts-level blocking is active.
2026-08-23 22:13:35 [DEBUG] --- Running enforcement checks ---
2026-08-23 22:13:35 [DEBUG] Hosts file block section is present. OK.
2026-08-23 22:13:35 [DEBUG] Hosts file is read-only. OK.
2026-08-23 22:13:35 [DEBUG] Browser process detected: msedge.exe -- hosts-level blocking is active.
2026-08-23 22:14:05 [DEBUG] --- Running enforcement checks ---
2026-08-23 22:14:05 [DEBUG] Hosts file block section is present. OK.
2026-08-23 22:14:05 [DEBUG] Hosts file is read-only. OK.
2026-08-23 22:14:06 [DEBUG] Browser process detected: msedge.exe -- hosts-level blocking is active.
2026-08-23 22:14:36 [DEBUG] --- Running enforcement checks ---
2026-08-23 22:14:36 [DEBUG] Hosts file block section is present. OK.
2026-08-23 22:14:36 [DEBUG] Hosts file is read-only. OK.
2026-08-23 22:14:36 [DEBUG] Browser process detected: msedge.exe -- hosts-level blocking is active.
2026-08-23 22:15:06 [DEBUG] --- Running enforcement checks ---
2026-08-23 22:15:06 [DEBUG] Hosts file block section is present. OK.
2026-08-23 22:15:06 [DEBUG] Hosts file is read-only. OK.
2026-08-23 22:15:06 [DEBUG] Browser process detected: msedge.exe -- hosts-level blocking is active.
2026-08-23 22:15:36 [DEBUG] --- Running enforcement checks ---
2026-08-23 22:15:36 [DEBUG] Hosts file block section is present. OK.
2026-08-23 22:15:36 [DEBUG] Hosts file is read-only. OK.
2026-08-23 22:15:37 [DEBUG] Browser process detected: msedge.exe -- hosts-level blocking is active.
2026-08-23 22:16:07 [DEBUG] --- Running enforcement checks ---
2026-08-23 22:16:07 [DEBUG] Hosts file block section is present. OK.
2026-08-23 22:16:07 [DEBUG] Hosts file is read-only. OK.
2026-08-23 22:16:07 [DEBUG] Browser process detected: msedge.exe -- hosts-level blocking is active.
2026-08-23 22:16:37 [DEBUG] --- Running enforcement checks ---
2026-08-23 22:16:37 [DEBUG] Hosts file block section is present. OK.
2026-08-23 22:16:37 [DEBUG] Hosts file is read-only. OK.
2026-08-23 22:16:37 [DEBUG] Browser process detected: msedge.exe -- hosts-level blocking is active.
2026-08-23 22:17:07 [DEBUG] --- Running enforcement checks ---
2026-08-23 22:17:07 [DEBUG] Hosts file block section is present. OK.
2026-08-23 22:17:07 [DEBUG] Hosts file is read-only. OK.
2026-08-23 22:17:08 [DEBUG] Browser process detected: msedge.exe -- hosts-level blocking is active.
2026-08-23 22:17:38 [DEBUG] --- Running enforcement checks ---
2026-08-23 22:17:38 [DEBUG] Hosts file block section is present. OK.
2026-08-23 22:17:38 [DEBUG] Hosts file is read-only. OK.
2026-08-23 22:17:38 [DEBUG] Browser process detected: msedge.exe -- hosts-level blocking is active.
2026-08-23 22:18:08 [DEBUG] --- Running enforcement checks ---
2026-08-23 22:18:08 [DEBUG] Hosts file block section is present. OK.
2026-08-23 22:18:08 [DEBUG] Hosts file is read-only. OK.
2026-08-23 22:18:09 [DEBUG] Browser process detected: msedge.exe -- hosts-level blocking is active.
2026-08-23 22:18:39 [DEBUG] --- Running enforcement checks ---
2026-08-23 22:18:39 [DEBUG] Hosts file block section is present. OK.
2026-08-23 22:18:39 [DEBUG] Hosts file is read-only. OK.
2026-08-23 22:18:39 [DEBUG] Browser process detected: msedge.exe -- hosts-level blocking is active.
2026-08-23 22:19:09 [DEBUG] --- Running enforcement checks ---
2026-08-23 22:19:09 [DEBUG] Hosts file block section is present. OK.
2026-08-23 22:19:09 [DEBUG] Hosts file is read-only. OK.
2026-08-23 22:19:10 [DEBUG] Browser process detected: msedge.exe -- hosts-level blocking is active.
2026-08-23 22:19:40 [DEBUG] --- Running enforcement checks ---
2026-08-23 22:19:40 [DEBUG] Hosts file block section is present. OK.
2026-08-23 22:19:40 [DEBUG] Hosts file is read-only. OK.
2026-08-23 22:19:40 [DEBUG] Browser process detected: msedge.exe -- hosts-level blocking is active.
2026-08-23 22:20:10 [DEBUG] --- Running enforcement checks ---
2026-08-23 22:20:10 [DEBUG] Hosts file block section is present. OK.
2026-08-23 22:20:10 [DEBUG] Hosts file is read-only. OK.
2026-08-23 22:20:10 [DEBUG] Browser process detected: msedge.exe -- hosts-level blocking is active.
2026-08-23 22:20:40 [DEBUG] --- Running enforcement checks ---
2026-08-23 22:20:40 [DEBUG] Hosts file block section is present. OK.
2026-08-23 22:20:40 [DEBUG] Hosts file is read-only. OK.
2026-08-23 22:20:41 [DEBUG] Browser process detected: msedge.exe -- hosts-level blocking is active.
2026-08-23 22:21:11 [DEBUG] --- Running enforcement checks ---
2026-08-23 22:21:11 [DEBUG] Hosts file block section is present. OK.
2026-08-23 22:21:11 [DEBUG] Hosts file is read-only. OK.
2026-08-23 22:21:11 [DEBUG] Browser process detected: msedge.exe -- hosts-level blocking is active.
2026-08-23 22:21:41 [DEBUG] --- Running enforcement checks ---
2026-08-23 22:21:41 [DEBUG] Hosts file block section is present. OK.
2026-08-23 22:21:41 [DEBUG] Hosts file is read-only. OK.
2026-08-23 22:21:42 [DEBUG] Browser process detected: msedge.exe -- hosts-level blocking is active.
2026-08-23 22:22:12 [DEBUG] --- Running enforcement checks ---
2026-08-23 22:22:12 [DEBUG] Hosts file block section is present. OK.
2026-08-23 22:22:12 [DEBUG] Hosts file is read-only. OK.
2026-08-23 22:22:12 [DEBUG] Browser process detected: msedge.exe -- hosts-level blocking is active.
2026-08-23 22:22:42 [DEBUG] --- Running enforcement checks ---
2026-08-23 22:22:42 [DEBUG] Hosts file block section is present. OK.
2026-08-23 22:22:42 [DEBUG] Hosts file is read-only. OK.
2026-08-23 22:22:42 [DEBUG] Browser process detected: msedge.exe -- hosts-level blocking is active.
2026-08-23 22:23:12 [DEBUG] --- Running enforcement checks ---
2026-08-23 22:23:12 [DEBUG] Hosts file block section is present. OK.
2026-08-23 22:23:12 [DEBUG] Hosts file is read-only. OK.
2026-08-23 22:23:13 [DEBUG] Browser process detected: msedge.exe -- hosts-level blocking is active.
2026-08-23 22:23:43 [DEBUG] --- Running enforcement checks ---
2026-08-23 22:23:43 [DEBUG] Hosts file block section is present. OK.
2026-08-23 22:23:43 [DEBUG] Hosts file is read-only. OK.
2026-08-23 22:23:43 [DEBUG] Browser process detected: msedge.exe -- hosts-level blocking is active.
2026-08-23 22:24:13 [DEBUG] --- Running enforcement checks ---
2026-08-23 22:24:13 [DEBUG] Hosts file block section is present. OK.
2026-08-23 22:24:13 [DEBUG] Hosts file is read-only. OK.
2026-08-23 22:24:14 [DEBUG] Browser process detected: msedge.exe -- hosts-level blocking is active.
2026-08-23 22:24:44 [DEBUG] --- Running enforcement checks ---
2026-08-23 22:24:44 [DEBUG] Hosts file block section is present. OK.
2026-08-23 22:24:44 [DEBUG] Hosts file is read-only. OK.
2026-08-23 22:24:44 [DEBUG] Browser process detected: msedge.exe -- hosts-level blocking is active.
2026-08-23 22:25:14 [DEBUG] --- Running enforcement checks ---
2026-08-23 22:25:14 [DEBUG] Hosts file block section is present. OK.
2026-08-23 22:25:14 [DEBUG] Hosts file is read-only. OK.
2026-08-23 22:25:14 [DEBUG] Browser process detected: msedge.exe -- hosts-level blocking is active.
2026-08-23 22:25:44 [DEBUG] --- Running enforcement checks ---
2026-08-23 22:25:44 [DEBUG] Hosts file block section is present. OK.
2026-08-23 22:25:44 [DEBUG] Hosts file is read-only. OK.
2026-08-23 22:25:45 [DEBUG] Browser process detected: msedge.exe -- hosts-level blocking is active.
2026-08-23 22:26:15 [DEBUG] --- Running enforcement checks ---
2026-08-23 22:26:15 [DEBUG] Hosts file block section is present. OK.
2026-08-23 22:26:15 [DEBUG] Hosts file is read-only. OK.
2026-08-23 22:26:15 [DEBUG] Browser process detected: msedge.exe -- hosts-level blocking is active.
2026-08-23 22:26:45 [DEBUG] --- Running enforcement checks ---
2026-08-23 22:26:45 [DEBUG] Hosts file block section is present. OK.
2026-08-23 22:26:45 [DEBUG] Hosts file is read-only. OK.
2026-08-23 22:26:46 [DEBUG] Browser process detected: msedge.exe -- hosts-level blocking is active.
2026-08-23 22:27:16 [DEBUG] --- Running enforcement checks ---
2026-08-23 22:27:16 [DEBUG] Hosts file block section is present. OK.
2026-08-23 22:27:16 [DEBUG] Hosts file is read-only. OK.
2026-08-23 22:27:16 [DEBUG] Browser process detected: msedge.exe -- hosts-level blocking is active.
2026-08-23 22:27:46 [DEBUG] --- Running enforcement checks ---
2026-08-23 22:27:46 [DEBUG] Hosts file block section is present. OK.
2026-08-23 22:27:46 [DEBUG] Hosts file is read-only. OK.
2026-08-23 22:27:46 [DEBUG] Browser process detected: msedge.exe -- hosts-level blocking is active.
2026-08-23 22:28:16 [DEBUG] --- Running enforcement checks ---
2026-08-23 22:28:16 [DEBUG] Hosts file block section is present. OK.
2026-08-23 22:28:16 [DEBUG] Hosts file is read-only. OK.
2026-08-23 22:28:17 [DEBUG] Browser process detected: msedge.exe -- hosts-level blocking is active.
2026-08-23 22:28:47 [DEBUG] --- Running enforcement checks ---
2026-08-23 22:28:47 [DEBUG] Hosts file block section is present. OK.
2026-08-23 22:28:47 [DEBUG] Hosts file is read-only. OK.
2026-08-23 22:28:47 [DEBUG] Browser process detected: msedge.exe -- hosts-level blocking is active.
2026-08-23 22:29:17 [DEBUG] --- Running enforcement checks ---
2026-08-23 22:29:17 [DEBUG] Hosts file block section is present. OK.
2026-08-23 22:29:17 [DEBUG] Hosts file is read-only. OK.
2026-08-23 22:29:18 [DEBUG] Browser process detected: msedge.exe -- hosts-level blocking is active.
2026-08-23 22:29:48 [DEBUG] --- Running enforcement checks ---
2026-08-23 22:29:48 [DEBUG] Hosts file block section is present. OK.
2026-08-23 22:29:48 [DEBUG] Hosts file is read-only. OK.
2026-08-23 22:29:48 [DEBUG] Browser process detected: msedge.exe -- hosts-level blocking is active.
2026-08-23 22:30:18 [DEBUG] --- Running enforcement checks ---
2026-08-23 22:30:18 [DEBUG] Hosts file block section is present. OK.
2026-08-23 22:30:18 [DEBUG] Hosts file is read-only. OK.
2026-08-23 22:30:18 [DEBUG] Browser process detected: msedge.exe -- hosts-level blocking is active.
2026-08-23 22:30:48 [DEBUG] --- Running enforcement checks ---
2026-08-23 22:30:48 [DEBUG] Hosts file block section is present. OK.
2026-08-23 22:30:48 [DEBUG] Hosts file is read-only. OK.
2026-08-23 22:30:49 [DEBUG] Browser process detected: msedge.exe -- hosts-level blocking is active.
2026-08-23 22:31:19 [DEBUG] --- Running enforcement checks ---
2026-08-23 22:31:19 [DEBUG] Hosts file block section is present. OK.
2026-08-23 22:31:19 [DEBUG] Hosts file is read-only. OK.
2026-08-23 22:31:19 [DEBUG] Browser process detected: msedge.exe -- hosts-level blocking is active.
2026-08-23 22:31:49 [DEBUG] --- Running enforcement checks ---
2026-08-23 22:31:49 [DEBUG] Hosts file block section is present. OK.
2026-08-23 22:31:49 [DEBUG] Hosts file is read-only. OK.
2026-08-23 22:31:50 [DEBUG] Browser process detected: msedge.exe -- hosts-level blocking is active.
2026-08-23 22:32:20 [DEBUG] --- Running enforcement checks ---
2026-08-23 22:32:20 [DEBUG] Hosts file block section is present. OK.
2026-08-23 22:32:20 [DEBUG] Hosts file is read-only. OK.
2026-08-23 22:32:20 [DEBUG] Browser process detected: msedge.exe -- hosts-level blocking is active.
2026-08-23 22:32:50 [DEBUG] --- Running enforcement checks ---
2026-08-23 22:32:50 [DEBUG] Hosts file block section is present. OK.
2026-08-23 22:32:50 [DEBUG] Hosts file is read-only. OK.
2026-08-23 22:32:50 [DEBUG] Browser process detected: msedge.exe -- hosts-level blocking is active.
2026-08-23 22:33:20 [DEBUG] --- Running enforcement checks ---
2026-08-23 22:33:20 [DEBUG] Hosts file block section is present. OK.
2026-08-23 22:33:20 [DEBUG] Hosts file is read-only. OK.
2026-08-23 22:33:21 [DEBUG] Browser process detected: msedge.exe -- hosts-level blocking is active.
2026-08-23 22:33:51 [DEBUG] --- Running enforcement checks ---
2026-08-23 22:33:51 [DEBUG] Hosts file block section is present. OK.
2026-08-23 22:33:51 [DEBUG] Hosts file is read-only. OK.
2026-08-23 22:33:51 [DEBUG] Browser process detected: msedge.exe -- hosts-level blocking is active.
2026-08-23 22:34:21 [DEBUG] --- Running enforcement checks ---
2026-08-23 22:34:21 [DEBUG] Hosts file block section is present. OK.
2026-08-23 22:34:21 [DEBUG] Hosts file is read-only. OK.
2026-08-23 22:34:22 [DEBUG] Browser process detected: msedge.exe -- hosts-level blocking is active.
2026-08-23 22:34:52 [DEBUG] --- Running enforcement checks ---
2026-08-23 22:34:52 [DEBUG] Hosts file block section is present. OK.
2026-08-23 22:34:52 [DEBUG] Hosts file is read-only. OK.
2026-08-23 22:34:52 [DEBUG] Browser process detected: msedge.exe -- hosts-level blocking is active.
2026-08-23 22:35:22 [DEBUG] --- Running enforcement checks ---
2026-08-23 22:35:22 [DEBUG] Hosts file block section is present. OK.
2026-08-23 22:35:22 [DEBUG] Hosts file is read-only. OK.
2026-08-23 22:35:22 [DEBUG] Browser process detected: msedge.exe -- hosts-level blocking is active.
2026-08-23 22:35:52 [DEBUG] --- Running enforcement checks ---
2026-08-23 22:35:52 [DEBUG] Hosts file block section is present. OK.
2026-08-23 22:35:52 [DEBUG] Hosts file is read-only. OK.
2026-08-23 22:35:53 [DEBUG] Browser process detected: msedge.exe -- hosts-level blocking is active.
2026-08-23 22:36:23 [DEBUG] --- Running enforcement checks ---
2026-08-23 22:36:23 [DEBUG] Hosts file block section is present. OK.
2026-08-23 22:36:23 [DEBUG] Hosts file is read-only. OK.
2026-08-23 22:36:23 [DEBUG] Browser process detected: msedge.exe -- hosts-level blocking is active.
2026-08-23 22:36:53 [DEBUG] --- Running enforcement checks ---
2026-08-23 22:36:53 [DEBUG] Hosts file block section is present. OK.
2026-08-23 22:36:53 [DEBUG] Hosts file is read-only. OK.
2026-08-23 22:36:54 [DEBUG] Browser process detected: msedge.exe -- hosts-level blocking is active.
2026-08-23 22:37:24 [DEBUG] --- Running enforcement checks ---
2026-08-23 22:37:24 [DEBUG] Hosts file block section is present. OK.
2026-08-23 22:37:24 [DEBUG] Hosts file is read-only. OK.
2026-08-23 22:37:24 [DEBUG] Browser process detected: msedge.exe -- hosts-level blocking is active.
2026-08-23 22:37:54 [DEBUG] --- Running enforcement checks ---
2026-08-23 22:37:54 [DEBUG] Hosts file block section is present. OK.
2026-08-23 22:37:54 [DEBUG] Hosts file is read-only. OK.
2026-08-23 22:37:54 [DEBUG] Browser process detected: msedge.exe -- hosts-level blocking is active.
2026-08-23 22:38:24 [DEBUG] --- Running enforcement checks ---
2026-08-23 22:38:24 [DEBUG] Hosts file block section is present. OK.
2026-08-23 22:38:24 [DEBUG] Hosts file is read-only. OK.
2026-08-23 22:38:25 [DEBUG] Browser process detected: msedge.exe -- hosts-level blocking is active.
2026-08-23 22:38:55 [DEBUG] --- Running enforcement checks ---
2026-08-23 22:38:55 [DEBUG] Hosts file block section is present. OK.
2026-08-23 22:38:55 [DEBUG] Hosts file is read-only. OK.
2026-08-23 22:38:55 [DEBUG] Browser process detected: msedge.exe -- hosts-level blocking is active.
2026-08-23 22:39:25 [DEBUG] --- Running enforcement checks ---
2026-08-23 22:39:25 [DEBUG] Hosts file block section is present. OK.
2026-08-23 22:39:25 [DEBUG] Hosts file is read-only. OK.
2026-08-23 22:39:26 [DEBUG] Browser process detected: msedge.exe -- hosts-level blocking is active.
2026-08-23 22:39:56 [DEBUG] --- Running enforcement checks ---
2026-08-23 22:39:56 [DEBUG] Hosts file block section is present. OK.
2026-08-23 22:39:56 [DEBUG] Hosts file is read-only. OK.
2026-08-23 22:39:56 [DEBUG] Browser process detected: msedge.exe -- hosts-level blocking is active.
2026-08-23 22:40:26 [DEBUG] --- Running enforcement checks ---
2026-08-23 22:40:26 [DEBUG] Hosts file block section is present. OK.
2026-08-23 22:40:26 [DEBUG] Hosts file is read-only. OK.
2026-08-23 22:40:26 [DEBUG] Browser process detected: msedge.exe -- hosts-level blocking is active.
2026-08-23 22:40:56 [DEBUG] --- Running enforcement checks ---
2026-08-23 22:40:56 [DEBUG] Hosts file block section is present. OK.
2026-08-23 22:40:56 [DEBUG] Hosts file is read-only. OK.
2026-08-23 22:40:57 [DEBUG] Browser process detected: msedge.exe -- hosts-level blocking is active.
2026-08-23 22:41:27 [DEBUG] --- Running enforcement checks ---
2026-08-23 22:41:27 [DEBUG] Hosts file block section is present. OK.
2026-08-23 22:41:27 [DEBUG] Hosts file is read-only. OK.
2026-08-23 22:41:27 [DEBUG] Browser process detected: msedge.exe -- hosts-level blocking is active.
2026-08-23 22:41:57 [DEBUG] --- Running enforcement checks ---
2026-08-23 22:41:57 [DEBUG] Hosts file block section is present. OK.
2026-08-23 22:41:57 [DEBUG] Hosts file is read-only. OK.
2026-08-23 22:41:58 [DEBUG] Browser process detected: msedge.exe -- hosts-level blocking is active.
2026-08-23 22:42:28 [DEBUG] --- Running enforcement checks ---
2026-08-23 22:42:28 [DEBUG] Hosts file block section is present. OK.
2026-08-23 22:42:28 [DEBUG] Hosts file is read-only. OK.
2026-08-23 22:42:28 [DEBUG] Browser process detected: msedge.exe -- hosts-level blocking is active.
2026-08-23 22:42:58 [DEBUG] --- Running enforcement checks ---
2026-08-23 22:42:58 [DEBUG] Hosts file block section is present. OK.
2026-08-23 22:42:58 [DEBUG] Hosts file is read-only. OK.
2026-08-23 22:42:59 [DEBUG] Browser process detected: msedge.exe -- hosts-level blocking is active.
2026-08-23 22:43:29 [DEBUG] --- Running enforcement checks ---
2026-08-23 22:43:29 [DEBUG] Hosts file block section is present. OK.
2026-08-23 22:43:29 [DEBUG] Hosts file is read-only. OK.
2026-08-23 22:43:29 [DEBUG] Browser process detected: msedge.exe -- hosts-level blocking is active.
2026-08-23 22:43:59 [DEBUG] --- Running enforcement checks ---
2026-08-23 22:43:59 [DEBUG] Hosts file block section is present. OK.
2026-08-23 22:43:59 [DEBUG] Hosts file is read-only. OK.
2026-08-23 22:43:59 [DEBUG] Browser process detected: msedge.exe -- hosts-level blocking is active.
2026-08-23 22:44:29 [DEBUG] --- Running enforcement checks ---
2026-08-23 22:44:29 [DEBUG] Hosts file block section is present. OK.
2026-08-23 22:44:29 [DEBUG] Hosts file is read-only. OK.
2026-08-23 22:44:30 [DEBUG] Browser process detected: msedge.exe -- hosts-level blocking is active.
2026-08-23 22:45:00 [DEBUG] --- Running enforcement checks ---
2026-08-23 22:45:00 [DEBUG] Hosts file block section is present. OK.
2026-08-23 22:45:00 [DEBUG] Hosts file is read-only. OK.
2026-08-23 22:45:00 [DEBUG] Browser process detected: msedge.exe -- hosts-level blocking is active.
2026-08-23 22:45:30 [DEBUG] --- Running enforcement checks ---
2026-08-23 22:45:30 [DEBUG] Hosts file block section is present. OK.
2026-08-23 22:45:30 [DEBUG] Hosts file is read-only. OK.
2026-08-23 22:45:31 [DEBUG] Browser process detected: msedge.exe -- hosts-level blocking is active.
2026-08-23 22:46:01 [DEBUG] --- Running enforcement checks ---
2026-08-23 22:46:01 [DEBUG] Hosts file block section is present. OK.
2026-08-23 22:46:01 [DEBUG] Hosts file is read-only. OK.
2026-08-23 22:46:01 [DEBUG] Browser process detected: msedge.exe -- hosts-level blocking is active.
2026-08-23 22:46:31 [DEBUG] --- Running enforcement checks ---
2026-08-23 22:46:31 [DEBUG] Hosts file block section is present. OK.
2026-08-23 22:46:31 [DEBUG] Hosts file is read-only. OK.
2026-08-23 22:46:31 [DEBUG] Browser process detected: msedge.exe -- hosts-level blocking is active.
2026-08-23 22:47:01 [DEBUG] --- Running enforcement checks ---
2026-08-23 22:47:01 [DEBUG] Hosts file block section is present. OK.
2026-08-23 22:47:01 [DEBUG] Hosts file is read-only. OK.
2026-08-23 22:47:02 [DEBUG] Browser process detected: msedge.exe -- hosts-level blocking is active.
2026-08-23 22:47:32 [DEBUG] --- Running enforcement checks ---
2026-08-23 22:47:32 [DEBUG] Hosts file block section is present. OK.
2026-08-23 22:47:32 [DEBUG] Hosts file is read-only. OK.
2026-08-23 22:47:32 [DEBUG] Browser process detected: msedge.exe -- hosts-level blocking is active.
2026-08-23 22:48:02 [DEBUG] --- Running enforcement checks ---
2026-08-23 22:48:02 [DEBUG] Hosts file block section is present. OK.
2026-08-23 22:48:02 [DEBUG] Hosts file is read-only. OK.
2026-08-23 22:48:03 [DEBUG] Browser process detected: msedge.exe -- hosts-level blocking is active.
2026-08-23 22:48:33 [DEBUG] --- Running enforcement checks ---
2026-08-23 22:48:33 [DEBUG] Hosts file block section is present. OK.
2026-08-23 22:48:33 [DEBUG] Hosts file is read-only. OK.
2026-08-23 22:48:33 [DEBUG] Browser process detected: msedge.exe -- hosts-level blocking is active.
2026-08-23 22:49:03 [DEBUG] --- Running enforcement checks ---
2026-08-23 22:49:03 [DEBUG] Hosts file block section is present. OK.
2026-08-23 22:49:03 [DEBUG] Hosts file is read-only. OK.
2026-08-23 22:49:03 [DEBUG] Browser process detected: msedge.exe -- hosts-level blocking is active.
2026-08-23 22:49:33 [DEBUG] --- Running enforcement checks ---
2026-08-23 22:49:33 [DEBUG] Hosts file block section is present. OK.
2026-08-23 22:49:33 [DEBUG] Hosts file is read-only. OK.
2026-08-23 22:49:34 [DEBUG] Browser process detected: msedge.exe -- hosts-level blocking is active.
2026-08-23 22:50:04 [DEBUG] --- Running enforcement checks ---
2026-08-23 22:50:04 [DEBUG] Hosts file block section is present. OK.
2026-08-23 22:50:04 [DEBUG] Hosts file is read-only. OK.
2026-08-23 22:50:04 [DEBUG] Browser process detected: msedge.exe -- hosts-level blocking is active.
2026-08-23 22:50:34 [DEBUG] --- Running enforcement checks ---
2026-08-23 22:50:34 [DEBUG] Hosts file block section is present. OK.
2026-08-23 22:50:34 [DEBUG] Hosts file is read-only. OK.
2026-08-23 22:50:35 [DEBUG] Browser process detected: msedge.exe -- hosts-level blocking is active.
2026-08-23 22:51:05 [DEBUG] --- Running enforcement checks ---
2026-08-23 22:51:05 [DEBUG] Hosts file block section is present. OK.
2026-08-23 22:51:05 [DEBUG] Hosts file is read-only. OK.
2026-08-23 22:51:05 [DEBUG] Browser process detected: msedge.exe -- hosts-level blocking is active.
2026-08-23 22:51:35 [DEBUG] --- Running enforcement checks ---
2026-08-23 22:51:35 [DEBUG] Hosts file block section is present. OK.
2026-08-23 22:51:35 [DEBUG] Hosts file is read-only. OK.
2026-08-23 22:51:36 [DEBUG] Browser process detected: msedge.exe -- hosts-level blocking is active.
2026-08-23 22:52:06 [DEBUG] --- Running enforcement checks ---
2026-08-23 22:52:06 [DEBUG] Hosts file block section is present. OK.
2026-08-23 22:52:06 [DEBUG] Hosts file is read-only. OK.
2026-08-23 22:52:06 [DEBUG] Browser process detected: msedge.exe -- hosts-level blocking is active.
2026-08-23 22:52:36 [DEBUG] --- Running enforcement checks ---
2026-08-23 22:52:36 [DEBUG] Hosts file block section is present. OK.
2026-08-23 22:52:36 [DEBUG] Hosts file is read-only. OK.
2026-08-23 22:52:36 [DEBUG] Browser process detected: msedge.exe -- hosts-level blocking is active.
2026-08-23 22:53:06 [DEBUG] --- Running enforcement checks ---
2026-08-23 22:53:06 [DEBUG] Hosts file block section is present. OK.
2026-08-23 22:53:06 [DEBUG] Hosts file is read-only. OK.
2026-08-23 22:53:07 [DEBUG] Browser process detected: msedge.exe -- hosts-level blocking is active.
2026-08-23 22:53:37 [DEBUG] --- Running enforcement checks ---
2026-08-23 22:53:37 [DEBUG] Hosts file block section is present. OK.
2026-08-23 22:53:37 [DEBUG] Hosts file is read-only. OK.
2026-08-23 22:53:37 [DEBUG] Browser process detected: msedge.exe -- hosts-level blocking is active.
2026-08-23 22:54:07 [DEBUG] --- Running enforcement checks ---
2026-08-23 22:54:07 [DEBUG] Hosts file block section is present. OK.
2026-08-23 22:54:07 [DEBUG] Hosts file is read-only. OK.
2026-08-23 22:54:07 [DEBUG] Browser process detected: msedge.exe -- hosts-level blocking is active.
2026-08-23 22:54:37 [DEBUG] --- Running enforcement checks ---
2026-08-23 22:54:37 [DEBUG] Hosts file block section is present. OK.
2026-08-23 22:54:37 [DEBUG] Hosts file is read-only. OK.
2026-08-23 22:54:38 [DEBUG] Browser process detected: msedge.exe -- hosts-level blocking is active.
2026-08-23 22:55:08 [DEBUG] --- Running enforcement checks ---
2026-08-23 22:55:08 [DEBUG] Hosts file block section is present. OK.
2026-08-23 22:55:08 [DEBUG] Hosts file is read-only. OK.
2026-08-23 22:55:08 [DEBUG] Browser process detected: msedge.exe -- hosts-level blocking is active.
2026-08-23 22:55:38 [DEBUG] --- Running enforcement checks ---
2026-08-23 22:55:38 [DEBUG] Hosts file block section is present. OK.
2026-08-23 22:55:38 [DEBUG] Hosts file is read-only. OK.
2026-08-23 22:55:39 [DEBUG] Browser process detected: msedge.exe -- hosts-level blocking is active.
2026-08-23 22:56:09 [DEBUG] --- Running enforcement checks ---
2026-08-23 22:56:09 [DEBUG] Hosts file block section is present. OK.
2026-08-23 22:56:09 [DEBUG] Hosts file is read-only. OK.
2026-08-23 22:56:09 [DEBUG] Browser process detected: msedge.exe -- hosts-level blocking is active.
2026-08-23 22:56:39 [DEBUG] --- Running enforcement checks ---
2026-08-23 22:56:39 [DEBUG] Hosts file block section is present. OK.
2026-08-23 22:56:39 [DEBUG] Hosts file is read-only. OK.
2026-08-23 22:56:39 [DEBUG] Browser process detected: msedge.exe -- hosts-level blocking is active.
2026-08-23 22:57:09 [DEBUG] --- Running enforcement checks ---
2026-08-23 22:57:09 [DEBUG] Hosts file block section is present. OK.
2026-08-23 22:57:09 [DEBUG] Hosts file is read-only. OK.
2026-08-23 22:57:10 [DEBUG] Browser process detected: msedge.exe -- hosts-level blocking is active.
2026-08-23 22:57:40 [DEBUG] --- Running enforcement checks ---
2026-08-23 22:57:40 [DEBUG] Hosts file block section is present. OK.
2026-08-23 22:57:40 [DEBUG] Hosts file is read-only. OK.
2026-08-23 22:57:40 [DEBUG] Browser process detected: msedge.exe -- hosts-level blocking is active.
2026-08-23 22:58:10 [DEBUG] --- Running enforcement checks ---
2026-08-23 22:58:10 [DEBUG] Hosts file block section is present. OK.
2026-08-23 22:58:10 [DEBUG] Hosts file is read-only. OK.
2026-08-23 22:58:11 [DEBUG] Browser process detected: msedge.exe -- hosts-level blocking is active.
2026-08-23 22:58:41 [DEBUG] --- Running enforcement checks ---
2026-08-23 22:58:41 [DEBUG] Hosts file block section is present. OK.
2026-08-23 22:58:41 [DEBUG] Hosts file is read-only. OK.
2026-08-23 22:58:41 [DEBUG] Browser process detected: msedge.exe -- hosts-level blocking is active.
2026-08-23 22:59:11 [DEBUG] --- Running enforcement checks ---
2026-08-23 22:59:11 [DEBUG] Hosts file block section is present. OK.
2026-08-23 22:59:11 [DEBUG] Hosts file is read-only. OK.
2026-08-23 22:59:11 [DEBUG] Browser process detected: msedge.exe -- hosts-level blocking is active.
2026-08-23 22:59:41 [DEBUG] --- Running enforcement checks ---
2026-08-23 22:59:41 [DEBUG] Hosts file block section is present. OK.
2026-08-23 22:59:41 [DEBUG] Hosts file is read-only. OK.
2026-08-23 22:59:42 [DEBUG] Browser process detected: msedge.exe -- hosts-level blocking is active.
2026-08-23 23:00:12 [DEBUG] --- Running enforcement checks ---
2026-08-23 23:00:12 [DEBUG] Hosts file block section is present. OK.
2026-08-23 23:00:12 [DEBUG] Hosts file is read-only. OK.
2026-08-23 23:00:12 [DEBUG] Browser process detected: msedge.exe -- hosts-level blocking is active.
2026-08-23 23:00:42 [DEBUG] --- Running enforcement checks ---
2026-08-23 23:00:42 [DEBUG] Hosts file block section is present. OK.
2026-08-23 23:00:42 [DEBUG] Hosts file is read-only. OK.
2026-08-23 23:00:42 [DEBUG] Browser process detected: msedge.exe -- hosts-level blocking is active.
2026-08-23 23:01:12 [DEBUG] --- Running enforcement checks ---
2026-08-23 23:01:12 [DEBUG] Hosts file block section is present. OK.
2026-08-23 23:01:12 [DEBUG] Hosts file is read-only. OK.
2026-08-23 23:01:13 [DEBUG] Browser process detected: msedge.exe -- hosts-level blocking is active.
2026-08-23 23:01:43 [DEBUG] --- Running enforcement checks ---
2026-08-23 23:01:43 [DEBUG] Hosts file block section is present. OK.
2026-08-23 23:01:43 [DEBUG] Hosts file is read-only. OK.
2026-08-23 23:01:43 [DEBUG] Browser process detected: msedge.exe -- hosts-level blocking is active.
2026-08-23 23:02:13 [DEBUG] --- Running enforcement checks ---
2026-08-23 23:02:13 [DEBUG] Hosts file block section is present. OK.
2026-08-23 23:02:13 [DEBUG] Hosts file is read-only. OK.
2026-08-23 23:02:14 [DEBUG] Browser process detected: msedge.exe -- hosts-level blocking is active.
2026-08-23 23:02:44 [DEBUG] --- Running enforcement checks ---
2026-08-23 23:02:44 [DEBUG] Hosts file block section is present. OK.
2026-08-23 23:02:44 [DEBUG] Hosts file is read-only. OK.
2026-08-23 23:02:44 [DEBUG] Browser process detected: msedge.exe -- hosts-level blocking is active.
2026-08-23 23:03:14 [DEBUG] --- Running enforcement checks ---
2026-08-23 23:03:14 [DEBUG] Hosts file block section is present. OK.
2026-08-23 23:03:14 [DEBUG] Hosts file is read-only. OK.
2026-08-23 23:03:14 [DEBUG] Browser process detected: msedge.exe -- hosts-level blocking is active.
2026-08-23 23:03:44 [DEBUG] --- Running enforcement checks ---
2026-08-23 23:03:44 [DEBUG] Hosts file block section is present. OK.
2026-08-23 23:03:44 [DEBUG] Hosts file is read-only. OK.
2026-08-23 23:03:45 [DEBUG] Browser process detected: msedge.exe -- hosts-level blocking is active.
2026-08-23 23:04:15 [DEBUG] --- Running enforcement checks ---
2026-08-23 23:04:15 [DEBUG] Hosts file block section is present. OK.
2026-08-23 23:04:15 [DEBUG] Hosts file is read-only. OK.
2026-08-23 23:04:15 [DEBUG] Browser process detected: msedge.exe -- hosts-level blocking is active.
2026-08-23 23:04:45 [DEBUG] --- Running enforcement checks ---
2026-08-23 23:04:45 [DEBUG] Hosts file block section is present. OK.
2026-08-23 23:04:45 [DEBUG] Hosts file is read-only. OK.
2026-08-23 23:04:46 [DEBUG] Browser process detected: msedge.exe -- hosts-level blocking is active.
2026-08-23 23:05:16 [DEBUG] --- Running enforcement checks ---
2026-08-23 23:05:16 [DEBUG] Hosts file block section is present. OK.
2026-08-23 23:05:16 [DEBUG] Hosts file is read-only. OK.
2026-08-23 23:05:16 [DEBUG] Browser process detected: msedge.exe -- hosts-level blocking is active.
2026-08-23 23:05:46 [DEBUG] --- Running enforcement checks ---
2026-08-23 23:05:46 [DEBUG] Hosts file block section is present. OK.
2026-08-23 23:05:46 [DEBUG] Hosts file is read-only. OK.
2026-08-23 23:05:46 [DEBUG] Browser process detected: msedge.exe -- hosts-level blocking is active.
2026-08-23 23:06:16 [DEBUG] --- Running enforcement checks ---
2026-08-23 23:06:16 [DEBUG] Hosts file block section is present. OK.
2026-08-23 23:06:16 [DEBUG] Hosts file is read-only. OK.
2026-08-23 23:06:17 [DEBUG] Browser process detected: msedge.exe -- hosts-level blocking is active.
2026-08-23 23:06:47 [DEBUG] --- Running enforcement checks ---
2026-08-23 23:06:47 [DEBUG] Hosts file block section is present. OK.
2026-08-23 23:06:47 [DEBUG] Hosts file is read-only. OK.
2026-08-23 23:06:47 [DEBUG] Browser process detected: msedge.exe -- hosts-level blocking is active.
2026-08-23 23:07:17 [DEBUG] --- Running enforcement checks ---
2026-08-23 23:07:17 [DEBUG] Hosts file block section is present. OK.
2026-08-23 23:07:17 [DEBUG] Hosts file is read-only. OK.
2026-08-23 23:07:18 [DEBUG] Browser process detected: msedge.exe -- hosts-level blocking is active.
2026-08-23 23:07:48 [DEBUG] --- Running enforcement checks ---
2026-08-23 23:07:48 [DEBUG] Hosts file block section is present. OK.
2026-08-23 23:07:48 [DEBUG] Hosts file is read-only. OK.
2026-08-23 23:07:48 [DEBUG] Browser process detected: msedge.exe -- hosts-level blocking is active.
2026-08-23 23:08:18 [DEBUG] --- Running enforcement checks ---
2026-08-23 23:08:18 [DEBUG] Hosts file block section is present. OK.
2026-08-23 23:08:18 [DEBUG] Hosts file is read-only. OK.
2026-08-23 23:08:18 [DEBUG] Browser process detected: msedge.exe -- hosts-level blocking is active.
2026-08-23 23:08:48 [DEBUG] --- Running enforcement checks ---
2026-08-23 23:08:48 [DEBUG] Hosts file block section is present. OK.
2026-08-23 23:08:48 [DEBUG] Hosts file is read-only. OK.
2026-08-23 23:08:49 [DEBUG] Browser process detected: msedge.exe -- hosts-level blocking is active.
2026-08-23 23:09:19 [DEBUG] --- Running enforcement checks ---
2026-08-23 23:09:19 [DEBUG] Hosts file block section is present. OK.
2026-08-23 23:09:19 [DEBUG] Hosts file is read-only. OK.
2026-08-23 23:09:19 [DEBUG] Browser process detected: msedge.exe -- hosts-level blocking is active.
2026-08-23 23:09:49 [DEBUG] --- Running enforcement checks ---
2026-08-23 23:09:49 [DEBUG] Hosts file block section is present. OK.
2026-08-23 23:09:49 [DEBUG] Hosts file is read-only. OK.
2026-08-23 23:09:50 [DEBUG] Browser process detected: msedge.exe -- hosts-level blocking is active.
2026-08-23 23:10:20 [DEBUG] --- Running enforcement checks ---
2026-08-23 23:10:20 [DEBUG] Hosts file block section is present. OK.
2026-08-23 23:10:20 [DEBUG] Hosts file is read-only. OK.
2026-08-23 23:10:20 [DEBUG] Browser process detected: msedge.exe -- hosts-level blocking is active.
2026-08-23 23:10:50 [DEBUG] --- Running enforcement checks ---
2026-08-23 23:10:50 [DEBUG] Hosts file block section is present. OK.
2026-08-23 23:10:50 [DEBUG] Hosts file is read-only. OK.
2026-08-23 23:10:50 [DEBUG] Browser process detected: msedge.exe -- hosts-level blocking is active.
2026-08-23 23:11:20 [DEBUG] --- Running enforcement checks ---
2026-08-23 23:11:20 [DEBUG] Hosts file block section is present. OK.
2026-08-23 23:11:20 [DEBUG] Hosts file is read-only. OK.
2026-08-23 23:11:21 [DEBUG] Browser process detected: msedge.exe -- hosts-level blocking is active.
2026-08-23 23:11:51 [DEBUG] --- Running enforcement checks ---
2026-08-23 23:11:51 [DEBUG] Hosts file block section is present. OK.
2026-08-23 23:11:51 [DEBUG] Hosts file is read-only. OK.
2026-08-23 23:11:51 [DEBUG] Browser process detected: msedge.exe -- hosts-level blocking is active.
2026-08-23 23:12:21 [DEBUG] --- Running enforcement checks ---
2026-08-23 23:12:21 [DEBUG] Hosts file block section is present. OK.
2026-08-23 23:12:21 [DEBUG] Hosts file is read-only. OK.
2026-08-23 23:12:22 [DEBUG] Browser process detected: msedge.exe -- hosts-level blocking is active.
2026-08-23 23:12:52 [DEBUG] --- Running enforcement checks ---
2026-08-23 23:12:52 [DEBUG] Hosts file block section is present. OK.
2026-08-23 23:12:52 [DEBUG] Hosts file is read-only. OK.
2026-08-23 23:12:52 [DEBUG] Browser process detected: msedge.exe -- hosts-level blocking is active.
2026-08-23 23:13:22 [DEBUG] --- Running enforcement checks ---
2026-08-23 23:13:22 [DEBUG] Hosts file block section is present. OK.
2026-08-23 23:13:22 [DEBUG] Hosts file is read-only. OK.
2026-08-23 23:13:22 [DEBUG] Browser process detected: msedge.exe -- hosts-level blocking is active.
2026-08-23 23:13:52 [DEBUG] --- Running enforcement checks ---
2026-08-23 23:13:52 [DEBUG] Hosts file block section is present. OK.
2026-08-23 23:13:52 [DEBUG] Hosts file is read-only. OK.
2026-08-23 23:13:53 [DEBUG] Browser process detected: msedge.exe -- hosts-level blocking is active.
2026-08-23 23:14:23 [DEBUG] --- Running enforcement checks ---
2026-08-23 23:14:23 [DEBUG] Hosts file block section is present. OK.
2026-08-23 23:14:23 [DEBUG] Hosts file is read-only. OK.
2026-08-23 23:14:23 [DEBUG] Browser process detected: msedge.exe -- hosts-level blocking is active.
2026-08-23 23:14:53 [DEBUG] --- Running enforcement checks ---
2026-08-23 23:14:53 [DEBUG] Hosts file block section is present. OK.
2026-08-23 23:14:53 [DEBUG] Hosts file is read-only. OK.
2026-08-23 23:14:54 [DEBUG] Browser process detected: msedge.exe -- hosts-level blocking is active.
2026-08-23 23:15:24 [DEBUG] --- Running enforcement checks ---
2026-08-23 23:15:24 [DEBUG] Hosts file block section is present. OK.
2026-08-23 23:15:24 [DEBUG] Hosts file is read-only. OK.
2026-08-23 23:15:24 [DEBUG] Browser process detected: msedge.exe -- hosts-level blocking is active.
2026-08-23 23:15:54 [DEBUG] --- Running enforcement checks ---
2026-08-23 23:15:54 [DEBUG] Hosts file block section is present. OK.
2026-08-23 23:15:54 [DEBUG] Hosts file is read-only. OK.
2026-08-23 23:15:54 [DEBUG] Browser process detected: msedge.exe -- hosts-level blocking is active.
2026-08-23 23:16:24 [DEBUG] --- Running enforcement checks ---
2026-08-23 23:16:24 [DEBUG] Hosts file block section is present. OK.
2026-08-23 23:16:24 [DEBUG] Hosts file is read-only. OK.
2026-08-23 23:16:25 [DEBUG] Browser process detected: msedge.exe -- hosts-level blocking is active.
2026-08-23 23:16:55 [DEBUG] --- Running enforcement checks ---
2026-08-23 23:16:55 [DEBUG] Hosts file block section is present. OK.
2026-08-23 23:16:55 [DEBUG] Hosts file is read-only. OK.
2026-08-23 23:16:55 [DEBUG] Browser process detected: msedge.exe -- hosts-level blocking is active.
2026-08-23 23:17:25 [DEBUG] --- Running enforcement checks ---
2026-08-23 23:17:25 [DEBUG] Hosts file block section is present. OK.
2026-08-23 23:17:25 [DEBUG] Hosts file is read-only. OK.
2026-08-23 23:17:26 [DEBUG] Browser process detected: msedge.exe -- hosts-level blocking is active.
2026-08-23 23:17:56 [DEBUG] --- Running enforcement checks ---
2026-08-23 23:17:56 [DEBUG] Hosts file block section is present. OK.
2026-08-23 23:17:56 [DEBUG] Hosts file is read-only. OK.
2026-08-23 23:17:56 [DEBUG] Browser process detected: msedge.exe -- hosts-level blocking is active.
2026-08-23 23:18:26 [DEBUG] --- Running enforcement checks ---
2026-08-23 23:18:26 [DEBUG] Hosts file block section is present. OK.
2026-08-23 23:18:26 [DEBUG] Hosts file is read-only. OK.
2026-08-23 23:18:26 [DEBUG] Browser process detected: msedge.exe -- hosts-level blocking is active.
2026-08-23 23:18:56 [DEBUG] --- Running enforcement checks ---
2026-08-23 23:18:56 [DEBUG] Hosts file block section is present. OK.
2026-08-23 23:18:56 [DEBUG] Hosts file is read-only. OK.
2026-08-23 23:18:57 [DEBUG] Browser process detected: msedge.exe -- hosts-level blocking is active.
2026-08-23 23:19:27 [DEBUG] --- Running enforcement checks ---
2026-08-23 23:19:27 [DEBUG] Hosts file block section is present. OK.
2026-08-23 23:19:27 [DEBUG] Hosts file is read-only. OK.
2026-08-23 23:19:27 [DEBUG] Browser process detected: msedge.exe -- hosts-level blocking is active.
2026-08-23 23:19:57 [DEBUG] --- Running enforcement checks ---
2026-08-23 23:19:57 [DEBUG] Hosts file block section is present. OK.
2026-08-23 23:19:57 [DEBUG] Hosts file is read-only. OK.
2026-08-23 23:19:58 [DEBUG] Browser process detected: msedge.exe -- hosts-level blocking is active.
2026-08-23 23:20:28 [DEBUG] --- Running enforcement checks ---
2026-08-23 23:20:28 [DEBUG] Hosts file block section is present. OK.
2026-08-23 23:20:28 [DEBUG] Hosts file is read-only. OK.
2026-08-23 23:20:28 [DEBUG] Browser process detected: msedge.exe -- hosts-level blocking is active.
2026-08-23 23:20:58 [DEBUG] --- Running enforcement checks ---
2026-08-23 23:20:58 [DEBUG] Hosts file block section is present. OK.
2026-08-23 23:20:58 [DEBUG] Hosts file is read-only. OK.
2026-08-23 23:20:58 [DEBUG] Browser process detected: msedge.exe -- hosts-level blocking is active.
2026-08-23 23:21:28 [DEBUG] --- Running enforcement checks ---
2026-08-23 23:21:28 [DEBUG] Hosts file block section is present. OK.
2026-08-23 23:21:28 [DEBUG] Hosts file is read-only. OK.
2026-08-23 23:21:29 [DEBUG] Browser process detected: msedge.exe -- hosts-level blocking is active.
2026-08-23 23:21:59 [DEBUG] --- Running enforcement checks ---
2026-08-23 23:21:59 [DEBUG] Hosts file block section is present. OK.
2026-08-23 23:21:59 [DEBUG] Hosts file is read-only. OK.
2026-08-23 23:21:59 [DEBUG] Browser process detected: msedge.exe -- hosts-level blocking is active.
2026-08-23 23:22:29 [DEBUG] --- Running enforcement checks ---
2026-08-23 23:22:29 [DEBUG] Hosts file block section is present. OK.
2026-08-23 23:22:29 [DEBUG] Hosts file is read-only. OK.
2026-08-23 23:22:30 [DEBUG] Browser process detected: msedge.exe -- hosts-level blocking is active.
2026-08-23 23:23:00 [DEBUG] --- Running enforcement checks ---
2026-08-23 23:23:00 [DEBUG] Hosts file block section is present. OK.
2026-08-23 23:23:00 [DEBUG] Hosts file is read-only. OK.
2026-08-23 23:23:00 [DEBUG] Browser process detected: msedge.exe -- hosts-level blocking is active.
2026-08-23 23:23:30 [DEBUG] --- Running enforcement checks ---
2026-08-23 23:23:30 [DEBUG] Hosts file block section is present. OK.
2026-08-23 23:23:30 [DEBUG] Hosts file is read-only. OK.
2026-08-23 23:23:30 [DEBUG] Browser process detected: msedge.exe -- hosts-level blocking is active.
2026-08-23 23:24:00 [DEBUG] --- Running enforcement checks ---
2026-08-23 23:24:00 [DEBUG] Hosts file block section is present. OK.
2026-08-23 23:24:00 [DEBUG] Hosts file is read-only. OK.
2026-08-23 23:24:01 [DEBUG] Browser process detected: msedge.exe -- hosts-level blocking is active.
2026-08-23 23:24:31 [DEBUG] --- Running enforcement checks ---
2026-08-23 23:24:31 [DEBUG] Hosts file block section is present. OK.
2026-08-23 23:24:31 [DEBUG] Hosts file is read-only. OK.
2026-08-23 23:24:31 [DEBUG] Browser process detected: msedge.exe -- hosts-level blocking is active.
2026-08-23 23:25:01 [DEBUG] --- Running enforcement checks ---
2026-08-23 23:25:01 [DEBUG] Hosts file block section is present. OK.
2026-08-23 23:25:01 [DEBUG] Hosts file is read-only. OK.
2026-08-23 23:25:01 [DEBUG] Browser process detected: msedge.exe -- hosts-level blocking is active.
2026-08-23 23:25:31 [DEBUG] --- Running enforcement checks ---
2026-08-23 23:25:31 [DEBUG] Hosts file block section is present. OK.
2026-08-23 23:25:31 [DEBUG] Hosts file is read-only. OK.
2026-08-23 23:25:32 [DEBUG] Browser process detected: msedge.exe -- hosts-level blocking is active.
2026-08-23 23:26:02 [DEBUG] --- Running enforcement checks ---
2026-08-23 23:26:02 [DEBUG] Hosts file block section is present. OK.
2026-08-23 23:26:02 [DEBUG] Hosts file is read-only. OK.
2026-08-23 23:26:02 [DEBUG] Browser process detected: msedge.exe -- hosts-level blocking is active.
2026-08-23 23:26:32 [DEBUG] --- Running enforcement checks ---
2026-08-23 23:26:32 [DEBUG] Hosts file block section is present. OK.
2026-08-23 23:26:32 [DEBUG] Hosts file is read-only. OK.
2026-08-23 23:26:33 [DEBUG] Browser process detected: msedge.exe -- hosts-level blocking is active.
2026-08-23 23:27:03 [DEBUG] --- Running enforcement checks ---
2026-08-23 23:27:03 [DEBUG] Hosts file block section is present. OK.
2026-08-23 23:27:03 [DEBUG] Hosts file is read-only. OK.
2026-08-23 23:27:03 [DEBUG] Browser process detected: msedge.exe -- hosts-level blocking is active.
2026-08-23 23:27:33 [DEBUG] --- Running enforcement checks ---
2026-08-23 23:27:33 [DEBUG] Hosts file block section is present. OK.
2026-08-23 23:27:33 [DEBUG] Hosts file is read-only. OK.
2026-08-23 23:27:33 [DEBUG] Browser process detected: msedge.exe -- hosts-level blocking is active.
2026-08-23 23:28:03 [DEBUG] --- Running enforcement checks ---
2026-08-23 23:28:03 [DEBUG] Hosts file block section is present. OK.
2026-08-23 23:28:03 [DEBUG] Hosts file is read-only. OK.
2026-08-23 23:28:04 [DEBUG] Browser process detected: msedge.exe -- hosts-level blocking is active.
2026-08-23 23:28:34 [DEBUG] --- Running enforcement checks ---
2026-08-23 23:28:34 [DEBUG] Hosts file block section is present. OK.
2026-08-23 23:28:34 [DEBUG] Hosts file is read-only. OK.
2026-08-23 23:28:34 [DEBUG] Browser process detected: msedge.exe -- hosts-level blocking is active.
2026-08-23 23:29:04 [DEBUG] --- Running enforcement checks ---
2026-08-23 23:29:04 [DEBUG] Hosts file block section is present. OK.
2026-08-23 23:29:04 [DEBUG] Hosts file is read-only. OK.
2026-08-23 23:29:05 [DEBUG] Browser process detected: msedge.exe -- hosts-level blocking is active.
2026-08-23 23:29:35 [DEBUG] --- Running enforcement checks ---
2026-08-23 23:29:35 [DEBUG] Hosts file block section is present. OK.
2026-08-23 23:29:35 [DEBUG] Hosts file is read-only. OK.
2026-08-23 23:29:35 [DEBUG] Browser process detected: msedge.exe -- hosts-level blocking is active.
2026-08-23 23:30:05 [DEBUG] --- Running enforcement checks ---
2026-08-23 23:30:05 [DEBUG] Hosts file block section is present. OK.
2026-08-23 23:30:05 [DEBUG] Hosts file is read-only. OK.
2026-08-23 23:30:05 [DEBUG] Browser process detected: msedge.exe -- hosts-level blocking is active.
2026-08-23 23:30:35 [DEBUG] --- Running enforcement checks ---
2026-08-23 23:30:35 [DEBUG] Hosts file block section is present. OK.
2026-08-23 23:30:35 [DEBUG] Hosts file is read-only. OK.
2026-08-23 23:30:36 [DEBUG] Browser process detected: msedge.exe -- hosts-level blocking is active.
2026-08-23 23:31:06 [DEBUG] --- Running enforcement checks ---
2026-08-23 23:31:06 [DEBUG] Hosts file block section is present. OK.
2026-08-23 23:31:06 [DEBUG] Hosts file is read-only. OK.
2026-08-23 23:31:06 [DEBUG] Browser process detected: msedge.exe -- hosts-level blocking is active.
2026-08-23 23:31:36 [DEBUG] --- Running enforcement checks ---
2026-08-23 23:31:36 [DEBUG] Hosts file block section is present. OK.
2026-08-23 23:31:36 [DEBUG] Hosts file is read-only. OK.
2026-08-23 23:31:37 [DEBUG] Browser process detected: msedge.exe -- hosts-level blocking is active.
2026-08-23 23:32:07 [DEBUG] --- Running enforcement checks ---
2026-08-23 23:32:07 [DEBUG] Hosts file block section is present. OK.
2026-08-23 23:32:07 [DEBUG] Hosts file is read-only. OK.
2026-08-23 23:32:07 [DEBUG] Browser process detected: msedge.exe -- hosts-level blocking is active.
2026-08-23 23:32:37 [DEBUG] --- Running enforcement checks ---
2026-08-23 23:32:37 [DEBUG] Hosts file block section is present. OK.
2026-08-23 23:32:37 [DEBUG] Hosts file is read-only. OK.
2026-08-23 23:32:37 [DEBUG] Browser process detected: msedge.exe -- hosts-level blocking is active.
2026-08-23 23:33:07 [DEBUG] --- Running enforcement checks ---
2026-08-23 23:33:07 [DEBUG] Hosts file block section is present. OK.
2026-08-23 23:33:07 [DEBUG] Hosts file is read-only. OK.
2026-08-23 23:33:08 [DEBUG] Browser process detected: msedge.exe -- hosts-level blocking is active.
2026-08-23 23:33:38 [DEBUG] --- Running enforcement checks ---
2026-08-23 23:33:38 [DEBUG] Hosts file block section is present. OK.
2026-08-23 23:33:38 [DEBUG] Hosts file is read-only. OK.
2026-08-23 23:33:39 [DEBUG] Browser process detected: msedge.exe -- hosts-level blocking is active.
2026-08-23 23:48:07 [DEBUG] --- Running enforcement checks ---
2026-08-23 23:48:07 [DEBUG] Hosts file block section is present. OK.
2026-08-23 23:48:07 [DEBUG] Hosts file is read-only. OK.
2026-08-23 23:48:08 [DEBUG] Browser process detected: msedge.exe -- hosts-level blocking is active.
2026-08-24 00:03:34 [DEBUG] --- Running enforcement checks ---
2026-08-24 00:03:34 [DEBUG] Hosts file block section is present. OK.
2026-08-24 00:03:34 [DEBUG] Hosts file is read-only. OK.
2026-08-24 00:04:33 [ERROR] Failed to enumerate processes: Command '['tasklist', '/FO', 'CSV', '/NH']' timed out after 10 seconds
2026-08-24 01:50:28 [DEBUG] --- Running enforcement checks ---
2026-08-24 01:50:28 [DEBUG] Hosts file block section is present. OK.
2026-08-24 01:50:28 [DEBUG] Hosts file is read-only. OK.
2026-08-24 01:50:29 [DEBUG] Browser process detected: msedge.exe -- hosts-level blocking is active.
2026-08-24 01:50:59 [DEBUG] --- Running enforcement checks ---
2026-08-24 01:50:59 [DEBUG] Hosts file block section is present. OK.
2026-08-24 01:50:59 [DEBUG] Hosts file is read-only. OK.
2026-08-24 01:50:59 [DEBUG] Browser process detected: msedge.exe -- hosts-level blocking is active.
2026-08-24 01:51:29 [DEBUG] --- Running enforcement checks ---
2026-08-24 01:51:29 [DEBUG] Hosts file block section is present. OK.
2026-08-24 01:51:29 [DEBUG] Hosts file is read-only. OK.
2026-08-24 01:51:30 [DEBUG] Browser process detected: msedge.exe -- hosts-level blocking is active.
2026-08-24 01:52:00 [DEBUG] --- Running enforcement checks ---
2026-08-24 01:52:00 [DEBUG] Hosts file block section is present. OK.
2026-08-24 01:52:00 [DEBUG] Hosts file is read-only. OK.
2026-08-24 01:52:01 [DEBUG] Browser process detected: msedge.exe -- hosts-level blocking is active.
2026-08-24 01:52:31 [DEBUG] --- Running enforcement checks ---
2026-08-24 01:52:31 [DEBUG] Hosts file block section is present. OK.
2026-08-24 01:52:31 [DEBUG] Hosts file is read-only. OK.
2026-08-24 01:52:31 [DEBUG] Browser process detected: msedge.exe -- hosts-level blocking is active.
2026-08-24 01:53:01 [DEBUG] --- Running enforcement checks ---
2026-08-24 01:53:01 [DEBUG] Hosts file block section is present. OK.
2026-08-24 01:53:01 [DEBUG] Hosts file is read-only. OK.
2026-08-24 01:53:02 [DEBUG] Browser process detected: msedge.exe -- hosts-level blocking is active.
2026-08-24 01:53:32 [DEBUG] --- Running enforcement checks ---
2026-08-24 01:53:32 [DEBUG] Hosts file block section is present. OK.
2026-08-24 01:53:32 [DEBUG] Hosts file is read-only. OK.
2026-08-24 01:53:32 [DEBUG] Browser process detected: msedge.exe -- hosts-level blocking is active.
2026-08-24 01:54:02 [DEBUG] --- Running enforcement checks ---
2026-08-24 01:54:02 [DEBUG] Hosts file block section is present. OK.
2026-08-24 01:54:02 [DEBUG] Hosts file is read-only. OK.
2026-08-24 01:54:03 [DEBUG] Browser process detected: msedge.exe -- hosts-level blocking is active.
2026-08-24 01:54:33 [DEBUG] --- Running enforcement checks ---
2026-08-24 01:54:33 [DEBUG] Hosts file block section is present. OK.
2026-08-24 01:54:33 [DEBUG] Hosts file is read-only. OK.
2026-08-24 01:54:33 [DEBUG] Browser process detected: msedge.exe -- hosts-level blocking is active.
2026-08-24 01:55:03 [DEBUG] --- Running enforcement checks ---
2026-08-24 01:55:03 [DEBUG] Hosts file block section is present. OK.
2026-08-24 01:55:03 [DEBUG] Hosts file is read-only. OK.
2026-08-24 01:55:04 [DEBUG] Browser process detected: msedge.exe -- hosts-level blocking is active.
2026-08-24 01:55:34 [DEBUG] --- Running enforcement checks ---
2026-08-24 01:55:34 [DEBUG] Hosts file block section is present. OK.
2026-08-24 01:55:34 [DEBUG] Hosts file is read-only. OK.
2026-08-24 01:55:34 [DEBUG] Browser process detected: msedge.exe -- hosts-level blocking is active.
2026-08-24 01:56:04 [DEBUG] --- Running enforcement checks ---
2026-08-24 01:56:04 [DEBUG] Hosts file block section is present. OK.
2026-08-24 01:56:04 [DEBUG] Hosts file is read-only. OK.
2026-08-24 01:56:05 [DEBUG] Browser process detected: msedge.exe -- hosts-level blocking is active.
2026-08-24 01:56:35 [DEBUG] --- Running enforcement checks ---
2026-08-24 01:56:35 [DEBUG] Hosts file block section is present. OK.
2026-08-24 01:56:35 [DEBUG] Hosts file is read-only. OK.
2026-08-24 01:56:35 [DEBUG] Browser process detected: msedge.exe -- hosts-level blocking is active.
2026-08-24 01:57:05 [DEBUG] --- Running enforcement checks ---
2026-08-24 01:57:05 [DEBUG] Hosts file block section is present. OK.
2026-08-24 01:57:05 [DEBUG] Hosts file is read-only. OK.
2026-08-24 01:57:06 [DEBUG] Browser process detected: msedge.exe -- hosts-level blocking is active.
2026-08-24 01:57:36 [DEBUG] --- Running enforcement checks ---
2026-08-24 01:57:36 [DEBUG] Hosts file block section is present. OK.
2026-08-24 01:57:36 [DEBUG] Hosts file is read-only. OK.
2026-08-24 01:57:36 [DEBUG] Browser process detected: msedge.exe -- hosts-level blocking is active.
2026-08-24 03:22:51 [DEBUG] --- Running enforcement checks ---
2026-08-24 03:22:51 [DEBUG] Hosts file block section is present. OK.
2026-08-24 03:22:51 [DEBUG] Hosts file is read-only. OK.
2026-08-24 03:22:52 [DEBUG] Browser process detected: msedge.exe -- hosts-level blocking is active.
